amount,transaction_hour,merchant_category,foreign_transaction,location_mismatch,device_trust_score,velocity_last_24h,cardholder_age,is_fraud
40.96,6,Food,0,1,82,2,51,0
57.07,6,Electronics,0,0,42,2,18,0
44.24,0,Grocery,0,0,26,2,25,0
396.8,23,Clothing,0,0,97,1,34,0
20.13,0,Food,0,0,91,1,28,0
129.82,4,Clothing,0,0,82,0,40,0
152.2,8,Travel,0,0,65,2,30,0
293.74,22,Travel,0,0,35,1,54,0
86.02,7,Electronics,0,0,99,2,45,0
335.42,16,Clothing,0,0,76,2,39,0
51.05,14,Clothing,0,0,60,3,59,0
315.12,17,Food,0,0,78,1,46,0
123.44,6,Clothing,0,0,55,2,65,0
364.63,23,Travel,0,0,82,4,44,0
10.47,11,Travel,0,0,75,3,43,0
315.34,10,Electronics,0,0,58,2,25,0
98.95,11,Clothing,0,0,80,0,24,0
474.99,10,Grocery,1,0,49,4,36,0
143.5,14,Clothing,0,0,68,3,51,0
14.06,12,Electronics,0,0,57,1,18,0
295.27,19,Electronics,0,0,97,6,63,0
465.41,16,Grocery,0,0,32,1,61,0
165.17,7,Food,0,0,88,4,37,0
0.16,1,Grocery,0,0,77,2,30,0
105.27,21,Clothing,0,0,63,1,36,0
234.68,7,Grocery,0,0,69,2,36,0
136.79,7,Electronics,0,0,26,1,66,0
129.42,3,Clothing,0,0,93,3,49,0
29.62,4,Grocery,0,0,57,1,62,0
21.5,5,Grocery,0,0,74,3,68,0
526.0,23,Clothing,0,0,91,1,27,0
80.61,6,Electronics,0,0,41,3,48,0
295.08,18,Travel,0,0,89,1,65,0
39.33,18,Food,0,0,54,2,43,0
155.78,16,Travel,0,0,46,4,18,0
52.36,14,Clothing,1,0,63,2,29,0
191.05,22,Grocery,0,1,30,4,60,0
98.73,9,Clothing,0,0,40,3,25,0
7.94,14,Clothing,0,0,84,2,59,0
108.69,21,Electronics,0,0,69,1,48,0
17.12,4,Grocery,0,0,41,3,48,0
132.32,9,Travel,0,0,63,0,46,0
90.4,15,Food,0,0,67,3,21,0
29.82,7,Food,0,0,30,5,43,0
31.53,17,Food,0,0,87,2,52,0
32.88,3,Travel,0,0,83,5,37,0
171.33,22,Travel,0,0,50,1,53,0
195.97,11,Clothing,1,0,81,0,26,0
228.14,6,Electronics,1,0,48,2,42,0
93.78,8,Food,0,0,94,0,45,0
198.43,14,Grocery,1,0,88,0,50,0
138.55,4,Travel,0,0,31,2,22,0
207.38,9,Food,0,0,28,1,53,0
0.94,6,Travel,0,0,82,1,18,0
59.77,12,Travel,1,0,92,1,45,0
230.47,11,Electronics,0,0,89,1,41,0
469.14,14,Grocery,1,0,31,4,58,0
10.84,22,Food,0,0,90,2,40,0
121.86,9,Travel,0,0,31,1,36,0
393.59,18,Food,0,0,45,2,46,0
115.86,11,Food,1,0,57,2,42,0
61.65,23,Clothing,0,0,33,0,60,0
67.88,6,Travel,0,0,30,3,50,0
69.09,16,Electronics,0,0,52,2,40,0
510.29,6,Grocery,0,1,80,3,67,0
123.27,16,Food,0,0,71,4,23,0
275.34,20,Clothing,0,0,84,3,39,0
18.33,15,Grocery,0,0,70,2,58,0
21.5,21,Grocery,0,0,74,2,21,0
33.24,2,Grocery,0,0,89,2,37,0
70.13,17,Electronics,1,0,46,3,51,0
38.48,21,Food,0,0,36,4,58,0
570.49,14,Electronics,0,0,62,4,56,0
210.54,10,Food,0,0,68,1,54,0
104.87,23,Clothing,0,0,72,1,57,0
78.51,8,Electronics,0,0,26,1,18,0
36.66,13,Travel,0,1,28,1,40,0
296.52,0,Electronics,0,0,99,3,18,0
130.22,0,Grocery,0,0,65,0,26,0
4.49,4,Food,0,0,54,0,30,0
3.29,23,Electronics,0,0,48,2,29,0
70.6,22,Food,0,0,46,2,43,0
59.11,19,Grocery,0,0,45,1,43,0
517.88,23,Travel,0,0,80,6,30,0
41.0,2,Food,0,0,85,3,57,0
8.37,16,Travel,0,0,98,2,39,0
95.86,21,Travel,0,0,88,2,62,0
542.04,8,Clothing,0,0,81,0,25,0
24.55,21,Clothing,1,0,91,3,56,0
142.31,4,Clothing,1,0,65,2,41,0
48.81,16,Travel,0,0,53,4,46,0
340.82,9,Travel,0,0,76,2,48,0
10.36,11,Travel,0,0,67,2,54,0
31.95,16,Electronics,1,0,42,2,64,0
136.41,11,Electronics,0,0,40,3,57,0
13.24,22,Electronics,0,0,64,4,62,0
28.55,14,Clothing,0,0,96,2,32,0
0.24,13,Clothing,0,0,30,3,53,0
251.51,22,Grocery,0,0,56,2,41,0
20.92,17,Food,0,0,30,2,62,0
199.97,21,Food,0,1,79,3,63,0
172.1,13,Electronics,0,0,89,2,49,0
25.28,1,Electronics,0,0,92,2,49,0
202.91,1,Electronics,0,0,46,0,68,0
285.35,11,Food,0,0,29,2,28,0
357.37,13,Clothing,1,0,68,4,49,0
136.83,13,Electronics,0,0,30,3,20,0
18.44,8,Clothing,0,0,80,4,53,0
205.23,2,Food,0,0,40,4,64,0
428.43,0,Travel,0,1,66,1,25,0
723.9,8,Food,0,0,93,2,42,0
32.9,17,Electronics,0,0,57,2,46,0
504.92,19,Electronics,0,0,56,1,59,0
529.59,4,Clothing,0,0,53,1,24,0
306.46,6,Grocery,0,0,46,1,31,0
121.07,5,Grocery,0,0,37,1,68,0
19.33,10,Clothing,0,0,59,2,68,0
29.36,19,Clothing,0,0,26,3,44,0
231.35,23,Electronics,0,0,62,2,67,0
607.77,21,Travel,0,0,86,1,67,0
185.55,12,Electronics,0,0,51,0,27,0
36.88,19,Electronics,0,0,44,1,46,0
218.3,0,Electronics,0,0,66,1,47,0
156.49,18,Travel,0,0,36,3,68,0
858.88,13,Food,0,0,82,3,49,0
105.93,2,Food,0,0,73,2,56,0
209.89,11,Food,0,0,25,1,53,0
360.84,15,Food,0,0,42,2,29,0
118.03,4,Food,0,0,96,2,57,0
29.55,14,Electronics,1,0,81,2,40,0
324.59,19,Clothing,0,0,39,4,44,0
84.47,6,Grocery,1,0,48,1,46,0
95.21,13,Food,0,0,82,3,39,0
156.76,10,Grocery,1,0,92,1,31,0
321.5,4,Grocery,0,0,85,1,44,0
24.05,13,Clothing,0,0,31,1,23,0
111.58,8,Travel,0,0,60,3,26,0
285.09,6,Travel,0,0,35,3,58,0
39.42,6,Electronics,1,0,68,2,42,0
105.31,11,Grocery,1,0,37,2,19,0
237.21,13,Travel,0,0,53,1,67,0
41.22,10,Electronics,0,0,91,3,69,0
3.25,18,Food,0,0,70,2,67,0
100.08,10,Clothing,0,0,92,2,19,0
434.98,19,Food,1,0,61,3,29,0
643.94,1,Grocery,0,0,74,1,64,0
103.4,13,Food,0,0,98,1,69,0
99.75,21,Travel,0,0,27,0,30,0
92.4,5,Electronics,0,0,99,3,59,0
362.59,11,Grocery,0,0,37,1,30,0
135.73,18,Grocery,0,0,25,3,42,0
227.6,12,Electronics,0,0,31,0,34,0
61.32,14,Electronics,0,0,81,0,21,0
195.53,1,Grocery,0,0,39,3,46,0
275.4,5,Food,0,0,26,2,37,0
1227.01,9,Clothing,0,0,52,3,29,0
32.54,9,Electronics,0,0,72,3,46,0
35.36,11,Grocery,0,0,95,4,65,0
42.55,0,Food,0,0,27,5,41,1
188.05,9,Food,0,1,64,2,50,0
372.71,13,Clothing,0,0,26,1,20,0
57.0,5,Clothing,0,0,75,3,57,0
48.13,12,Clothing,0,0,97,2,31,0
56.89,7,Clothing,0,0,38,4,53,0
80.12,22,Travel,0,0,34,1,43,0
7.15,23,Electronics,0,0,59,1,47,0
59.13,23,Travel,0,0,64,3,38,0
201.44,20,Grocery,1,0,37,4,22,0
39.17,20,Travel,0,0,56,2,44,0
146.83,2,Food,0,1,94,4,48,0
120.8,20,Clothing,0,0,45,2,29,0
132.96,17,Clothing,0,1,73,4,42,0
437.04,4,Electronics,0,1,64,2,68,0
363.18,2,Travel,0,0,90,1,41,0
175.66,2,Travel,0,1,49,2,46,0
27.6,20,Grocery,0,0,53,2,56,0
113.51,1,Clothing,0,0,51,1,28,0
14.46,8,Food,0,0,68,0,22,0
53.07,20,Clothing,0,1,49,3,58,0
66.74,7,Food,0,1,67,5,40,0
28.68,0,Travel,0,0,55,0,68,0
232.68,18,Travel,1,0,29,1,58,0
57.26,11,Travel,0,0,88,2,22,0
120.37,8,Clothing,0,0,45,2,23,0
39.48,12,Food,0,0,81,3,56,0
187.16,3,Grocery,0,1,70,4,65,0
102.58,10,Electronics,0,1,37,4,54,0
275.43,11,Food,0,0,85,3,21,0
66.6,16,Clothing,0,0,32,4,55,0
9.61,4,Grocery,0,0,94,2,46,0
131.77,5,Electronics,0,0,92,2,23,0
41.14,17,Travel,0,0,65,0,35,0
87.04,13,Travel,0,1,74,3,22,0
275.65,12,Clothing,0,1,84,0,38,0
305.49,21,Electronics,0,0,75,2,32,0
22.35,10,Travel,0,0,67,1,23,0
120.92,7,Food,0,0,94,2,23,0
334.02,14,Travel,0,0,92,3,68,0
121.91,19,Food,0,0,35,0,39,0
410.04,5,Clothing,0,0,70,3,25,0
131.23,13,Electronics,0,0,69,1,62,0
299.18,14,Clothing,0,0,60,3,43,0
303.13,3,Electronics,0,0,61,1,20,0
78.24,4,Food,0,0,81,1,33,0
36.12,8,Electronics,1,1,51,1,20,0
184.4,6,Electronics,0,0,26,2,35,0
214.77,11,Electronics,0,0,73,1,18,0
247.2,8,Clothing,0,0,89,3,34,0
73.66,7,Clothing,0,0,74,3,38,0
39.37,9,Grocery,0,0,57,0,31,0
151.7,20,Travel,0,0,99,5,68,0
16.54,7,Grocery,1,1,48,1,43,0
425.31,13,Clothing,1,0,26,3,41,0
104.21,6,Travel,0,1,43,2,34,0
55.48,3,Travel,1,1,40,2,55,1
99.89,22,Electronics,0,0,56,1,49,0
41.74,16,Food,0,0,95,3,47,0
137.95,14,Clothing,0,0,83,2,31,0
44.43,7,Grocery,0,0,25,1,67,0
147.05,15,Clothing,1,0,30,2,27,0
82.18,4,Grocery,0,1,61,2,18,0
346.77,8,Food,0,1,59,2,26,0
195.71,15,Electronics,0,0,53,0,53,0
25.86,6,Grocery,0,0,41,4,61,0
220.49,19,Electronics,0,1,91,2,56,0
137.18,0,Food,0,1,29,2,52,1
225.52,11,Travel,0,0,25,2,31,0
35.1,10,Food,0,0,49,3,48,0
17.27,1,Clothing,0,0,50,5,56,0
624.57,8,Clothing,0,0,93,1,20,0
17.23,10,Travel,0,0,99,1,48,0
541.05,15,Electronics,0,1,69,2,66,0
52.66,9,Food,0,0,93,2,67,0
251.27,20,Electronics,0,1,99,3,47,0
22.22,3,Grocery,0,0,28,4,45,0
624.21,21,Grocery,0,1,26,1,41,0
155.95,2,Electronics,0,0,94,2,42,0
183.38,6,Clothing,0,0,28,1,65,0
149.31,5,Clothing,0,0,28,4,51,0
369.4,15,Food,0,0,93,3,32,0
556.87,0,Electronics,0,0,81,1,49,0
1.17,19,Travel,0,0,47,2,60,0
32.18,17,Grocery,0,0,54,5,48,0
499.01,9,Food,0,0,49,2,41,0
266.23,4,Clothing,0,0,69,1,26,0
132.66,23,Clothing,0,0,96,1,33,0
42.49,5,Electronics,0,0,31,1,33,0
26.42,10,Food,0,0,68,3,31,0
251.27,8,Clothing,0,0,40,1,34,0
103.6,15,Travel,0,0,54,2,54,0
380.46,6,Travel,0,0,82,1,45,0
45.1,20,Clothing,0,0,86,3,40,0
143.39,11,Food,0,0,83,4,54,0
701.79,2,Travel,1,1,94,1,20,1
49.75,11,Travel,0,0,79,2,34,0
220.39,23,Food,0,0,50,2,41,0
44.9,9,Electronics,0,0,67,1,44,0
341.43,14,Electronics,1,0,71,4,18,0
35.54,5,Clothing,1,0,66,2,25,0
21.43,10,Clothing,0,0,98,3,44,0
239.5,20,Clothing,0,0,92,0,62,0
48.23,21,Electronics,0,0,96,0,29,0
791.2,6,Travel,0,1,48,4,25,0
33.35,15,Travel,0,0,88,2,50,0
241.0,5,Grocery,0,0,64,1,51,0
85.24,17,Grocery,0,0,72,2,55,0
76.81,2,Electronics,0,0,32,2,27,0
42.61,17,Electronics,0,0,38,3,19,0
269.79,17,Travel,0,1,52,1,33,0
194.35,8,Clothing,0,0,42,2,57,0
132.47,21,Travel,0,0,88,2,19,0
325.55,22,Grocery,0,0,57,2,23,0
95.78,21,Food,0,0,52,1,49,0
31.01,21,Electronics,0,0,92,4,41,0
463.23,1,Travel,0,0,63,1,52,0
289.62,15,Travel,0,1,46,1,44,0
0.01,3,Clothing,0,0,78,1,34,0
339.34,10,Travel,0,0,70,3,30,0
73.18,13,Electronics,0,0,56,2,47,0
175.95,17,Food,0,0,52,4,27,0
642.2,6,Electronics,0,0,78,1,52,0
50.97,15,Food,0,0,89,0,63,0
13.17,4,Grocery,0,0,61,2,29,0
305.66,17,Grocery,0,0,68,3,23,0
305.35,11,Electronics,0,0,58,3,50,0
244.94,2,Travel,0,0,27,1,32,0
303.22,6,Travel,0,0,73,1,69,0
35.42,12,Electronics,0,0,98,1,54,0
5.75,1,Travel,0,0,91,1,50,0
91.11,10,Travel,0,0,64,1,64,0
361.87,12,Clothing,0,0,62,2,37,0
42.88,2,Electronics,1,0,45,3,58,0
37.71,20,Electronics,0,0,43,0,18,0
20.1,15,Grocery,0,0,79,0,69,0
868.26,8,Electronics,0,0,99,3,69,0
24.09,7,Electronics,0,0,52,3,57,0
33.7,20,Clothing,0,0,28,1,43,0
19.34,0,Travel,0,0,26,2,40,0
43.11,5,Electronics,0,0,30,2,21,0
181.49,20,Clothing,0,0,41,4,20,0
88.6,19,Electronics,0,0,34,1,25,0
16.82,19,Travel,0,0,32,1,53,0
164.65,18,Electronics,0,0,33,2,58,0
56.79,2,Clothing,0,0,42,0,30,0
1.04,17,Grocery,0,0,53,2,38,0
15.67,0,Grocery,0,0,93,5,39,0
129.17,8,Food,0,0,51,1,23,0
14.4,9,Electronics,0,0,58,2,22,0
9.35,21,Electronics,0,0,54,5,24,0
257.47,14,Grocery,0,0,69,2,64,0
176.02,5,Travel,0,0,60,2,37,0
253.27,15,Grocery,0,1,99,1,56,0
100.97,0,Travel,1,0,43,0,49,0
1.99,17,Electronics,0,0,81,0,23,0
215.2,16,Clothing,0,0,73,3,40,0
0.91,14,Grocery,0,0,84,3,52,0
495.26,9,Travel,0,0,59,2,23,0
295.83,7,Grocery,0,0,46,2,26,0
185.62,16,Grocery,0,1,63,1,65,0
23.64,11,Food,0,0,97,1,57,0
69.56,4,Travel,0,0,92,2,44,0
6.19,9,Travel,0,0,91,1,27,0
260.19,11,Clothing,0,0,36,4,31,0
176.95,10,Travel,1,0,85,2,53,0
10.1,10,Electronics,0,0,47,1,23,0
96.0,15,Food,1,0,34,2,21,0
37.24,19,Clothing,0,0,43,2,28,0
159.43,6,Grocery,0,0,35,6,29,0
69.59,3,Electronics,0,0,36,1,50,0
101.97,20,Clothing,0,0,55,3,18,0
140.47,3,Travel,0,0,87,5,22,0
127.53,17,Food,0,0,37,4,57,0
141.67,17,Electronics,0,0,38,2,63,0
78.49,0,Food,0,0,74,6,32,0
155.86,10,Food,0,0,96,1,60,0
91.14,3,Clothing,0,0,64,2,66,0
182.6,14,Food,0,0,31,3,34,0
41.27,16,Electronics,0,0,30,2,52,0
872.17,3,Travel,1,0,69,1,18,0
82.68,3,Food,0,0,70,0,63,0
226.03,0,Electronics,0,0,48,1,60,0
44.44,6,Food,0,0,44,5,45,0
85.16,18,Food,0,0,60,2,60,0
77.23,6,Electronics,0,0,73,2,39,0
101.32,8,Clothing,0,0,46,0,33,0
158.59,0,Clothing,0,0,73,4,24,0
220.64,7,Electronics,0,0,39,2,53,0
157.46,14,Food,0,0,47,3,20,0
324.27,8,Electronics,0,0,55,5,49,0
562.16,23,Travel,0,0,98,2,59,0
275.18,2,Grocery,0,0,59,3,59,0
25.69,7,Electronics,0,0,57,4,22,0
33.13,17,Grocery,0,0,81,1,56,0
58.35,0,Travel,0,1,29,4,49,1
35.16,19,Food,0,0,31,3,65,0
71.92,22,Electronics,0,0,26,3,21,0
640.62,18,Grocery,0,0,64,1,65,0
198.78,6,Clothing,0,0,42,2,56,0
7.7,4,Travel,0,0,75,0,54,0
219.77,14,Food,0,0,86,1,33,0
113.83,22,Food,0,0,48,3,29,0
119.84,6,Electronics,0,0,51,4,68,0
118.71,11,Clothing,0,0,89,2,62,0
232.85,14,Grocery,0,0,27,2,29,0
250.85,2,Food,0,0,30,1,50,0
274.01,19,Travel,0,1,42,3,37,0
82.51,20,Travel,0,0,78,4,65,0
200.19,7,Grocery,0,0,73,0,55,0
175.96,2,Grocery,0,0,78,0,34,0
515.37,21,Grocery,0,0,60,2,42,0
298.02,18,Clothing,0,0,61,1,36,0
493.1,12,Electronics,1,0,64,0,47,0
350.02,21,Food,0,0,35,4,56,0
84.21,13,Electronics,0,0,90,1,56,0
27.1,13,Travel,0,0,80,3,27,0
265.3,12,Travel,0,1,55,4,65,0
97.42,8,Travel,0,0,35,1,47,0
107.79,3,Electronics,0,0,38,5,18,1
135.05,21,Travel,0,0,92,1,50,0
121.08,18,Food,0,0,58,1,27,0
258.62,14,Grocery,0,0,27,2,31,0
495.15,6,Food,0,0,96,2,32,0
175.87,3,Grocery,0,0,74,3,50,0
335.52,11,Grocery,0,0,33,1,18,0
31.92,10,Clothing,0,0,38,1,22,0
671.5,22,Travel,0,0,59,1,56,0
24.41,12,Food,0,0,74,3,57,0
150.83,2,Travel,0,0,85,2,33,0
31.45,13,Travel,0,0,80,4,43,0
74.07,12,Travel,0,0,55,1,67,0
17.2,21,Clothing,0,0,27,1,27,0
91.31,0,Grocery,0,1,33,3,33,1
158.66,5,Electronics,0,1,97,1,51,0
336.65,11,Food,0,0,33,2,51,0
14.73,17,Electronics,0,0,85,2,37,0
38.17,11,Grocery,0,0,42,1,69,0
106.56,2,Food,0,0,72,2,18,0
326.37,14,Clothing,0,0,43,4,23,0
90.12,9,Travel,0,0,45,3,41,0
15.35,7,Travel,0,1,25,2,37,0
86.03,8,Clothing,0,0,91,3,64,0
87.87,17,Food,0,0,40,1,56,0
544.51,6,Electronics,0,0,53,3,19,0
240.32,11,Clothing,0,0,41,1,52,0
254.45,5,Travel,0,0,93,2,42,0
273.06,1,Grocery,0,0,83,2,38,0
4.37,19,Grocery,0,0,83,4,49,0
217.37,20,Travel,1,1,30,2,55,1
195.23,10,Clothing,0,0,81,0,28,0
191.03,9,Clothing,0,1,57,3,37,0
58.32,1,Grocery,0,1,66,3,22,0
28.1,3,Food,0,0,28,2,52,0
269.94,18,Clothing,0,0,97,2,36,0
9.79,13,Clothing,0,0,61,2,32,0
76.21,6,Grocery,0,0,41,1,25,0
465.39,0,Food,0,0,64,0,29,0
48.47,4,Food,0,0,58,4,55,0
55.76,4,Electronics,1,0,76,1,51,0
56.44,9,Clothing,0,0,97,3,42,0
8.78,9,Clothing,0,0,46,1,33,0
24.49,17,Grocery,1,0,96,5,53,0
193.61,17,Travel,1,0,77,2,20,0
51.37,6,Food,0,0,49,0,27,0
487.66,7,Electronics,0,0,89,3,58,0
152.71,0,Travel,0,0,94,4,40,0
42.59,2,Food,0,1,46,2,25,0
169.59,17,Travel,0,1,33,1,43,0
132.63,0,Food,1,0,91,1,43,0
316.41,4,Food,0,1,81,3,29,0
32.33,23,Travel,0,0,48,3,42,0
175.83,18,Electronics,0,0,79,2,20,0
79.72,0,Food,0,0,38,0,44,0
103.15,20,Grocery,1,0,68,5,49,0
303.67,16,Grocery,0,0,45,2,33,0
518.16,20,Electronics,0,0,30,2,19,0
68.69,8,Electronics,0,0,28,0,38,0
31.46,18,Electronics,1,0,84,2,21,0
117.9,13,Clothing,0,0,74,2,61,0
364.49,13,Food,0,0,93,2,29,0
403.93,12,Clothing,0,0,45,1,18,0
116.04,17,Electronics,0,0,62,4,31,0
444.6,11,Clothing,0,0,50,2,67,0
119.03,12,Electronics,0,0,92,3,56,0
436.61,20,Grocery,0,0,44,1,59,0
78.77,13,Grocery,0,0,33,1,19,0
23.68,21,Electronics,0,0,41,1,48,0
1209.52,3,Clothing,0,0,68,3,51,0
230.6,7,Travel,1,0,88,2,42,0
10.58,12,Electronics,0,0,35,1,30,0
226.15,21,Electronics,1,0,34,0,43,0
138.38,22,Grocery,0,0,94,2,23,0
63.0,15,Clothing,0,1,64,2,31,0
211.78,17,Travel,0,0,47,2,41,0
97.54,6,Electronics,0,0,47,1,51,0
94.87,12,Travel,0,0,71,2,61,0
204.88,12,Electronics,0,0,89,1,19,0
482.54,21,Food,0,0,56,3,56,0
135.86,0,Food,0,1,81,3,24,0
43.47,19,Food,0,0,80,0,62,0
25.14,23,Food,0,0,38,2,24,0
305.81,2,Electronics,0,0,69,0,19,0
44.17,16,Clothing,0,0,78,3,49,0
7.21,22,Electronics,0,0,79,1,61,0
24.47,17,Travel,0,0,56,2,56,0
477.14,21,Travel,0,0,70,2,25,0
111.1,7,Travel,0,1,46,2,67,0
187.85,22,Travel,0,0,28,2,45,0
48.82,9,Grocery,0,0,96,3,35,0
348.45,8,Travel,0,0,75,1,35,0
24.23,7,Clothing,0,0,66,1,30,0
163.64,12,Clothing,1,0,90,3,21,0
289.75,21,Grocery,0,0,41,2,22,0
36.0,8,Food,0,0,81,1,29,0
129.83,18,Electronics,1,0,74,2,57,0
14.97,19,Clothing,0,0,61,1,46,0
56.6,13,Food,0,0,45,2,28,0
112.79,7,Clothing,0,0,97,1,39,0
240.09,7,Electronics,0,0,35,2,65,0
251.32,17,Grocery,0,0,48,1,38,0
105.11,23,Food,1,1,84,3,47,0
157.32,16,Grocery,0,0,63,2,21,0
301.23,12,Clothing,0,0,49,1,59,0
29.38,19,Clothing,0,0,86,1,66,0
361.83,5,Travel,0,0,56,2,39,0
21.06,0,Food,0,0,42,4,27,0
144.2,23,Grocery,0,0,59,1,19,0
322.04,11,Clothing,0,0,84,5,68,0
53.51,15,Electronics,0,1,26,4,59,0
500.41,22,Grocery,0,0,95,2,34,0
66.89,2,Grocery,0,0,77,1,31,0
259.54,5,Grocery,0,0,97,2,52,0
304.54,8,Electronics,0,0,87,1,50,0
34.31,2,Travel,0,0,99,2,50,0
88.87,11,Travel,0,0,89,3,26,0
50.79,5,Grocery,0,0,82,0,54,0
94.18,15,Electronics,0,0,80,1,42,0
39.74,21,Food,0,0,34,3,27,0
111.79,12,Food,0,0,29,2,35,0
16.33,14,Grocery,0,0,40,4,67,0
71.61,5,Food,1,0,63,1,34,0
194.29,4,Electronics,0,0,46,1,21,0
320.63,13,Travel,0,0,69,2,63,0
118.41,1,Travel,0,0,77,4,59,0
177.14,17,Electronics,0,0,74,5,65,0
74.96,23,Food,0,0,97,2,32,0
332.74,18,Travel,0,0,60,0,67,0
209.63,21,Food,0,0,47,1,49,0
317.59,12,Electronics,0,0,92,2,28,0
82.36,3,Travel,0,1,59,0,33,0
101.94,16,Food,0,0,60,2,63,0
140.01,17,Travel,0,0,95,0,27,0
93.1,23,Clothing,0,0,26,1,56,0
211.81,17,Grocery,0,0,32,2,37,0
51.76,12,Electronics,0,0,30,1,67,0
231.71,22,Grocery,0,0,57,1,59,0
509.33,14,Grocery,0,0,53,3,56,0
186.78,16,Travel,0,0,28,1,24,0
372.32,10,Travel,0,0,51,3,47,0
165.36,17,Electronics,0,0,50,1,69,0
51.45,19,Food,0,0,39,1,27,0
6.14,1,Travel,0,0,49,0,65,0
252.41,6,Grocery,0,0,25,2,56,0
135.88,23,Clothing,0,0,61,0,28,0
14.42,23,Clothing,0,0,37,3,47,0
109.92,1,Grocery,0,0,43,0,42,0
57.05,2,Clothing,0,0,29,0,58,0
45.21,13,Grocery,0,0,40,2,40,0
15.96,16,Food,0,0,30,1,39,0
1001.1,0,Grocery,0,0,64,4,32,0
35.38,19,Electronics,0,0,89,1,18,0
32.92,2,Clothing,0,0,57,4,40,0
313.87,21,Electronics,0,0,75,1,68,0
32.26,2,Travel,0,0,50,2,41,0
594.52,23,Travel,0,0,68,0,54,0
197.64,13,Electronics,0,0,39,1,48,0
123.15,8,Travel,0,0,75,1,67,0
68.6,5,Electronics,0,0,74,1,54,0
26.81,8,Food,0,0,96,7,25,0
389.08,17,Clothing,0,0,81,4,67,0
145.8,15,Electronics,0,0,85,2,33,0
11.43,8,Clothing,0,0,29,4,44,0
182.24,13,Electronics,0,0,39,4,28,0
355.2,19,Food,0,0,35,2,40,0
18.86,7,Travel,0,0,80,4,59,0
19.9,16,Grocery,0,0,77,4,57,0
68.39,17,Electronics,0,0,74,7,30,0
24.83,18,Travel,0,1,47,0,57,0
200.11,12,Travel,0,0,27,3,40,0
65.65,11,Electronics,0,0,61,4,54,0
60.9,21,Grocery,0,0,76,6,39,0
144.82,3,Electronics,0,0,58,0,48,0
409.79,20,Clothing,0,0,93,4,62,0
2.2,2,Travel,0,0,56,0,44,0
1.24,17,Electronics,0,0,85,1,32,0
38.7,17,Grocery,1,0,60,2,60,0
113.95,19,Travel,0,0,41,4,34,0
192.38,2,Travel,0,0,39,2,23,0
19.73,16,Travel,0,0,27,3,67,0
14.42,15,Food,0,0,40,2,53,0
402.44,19,Travel,0,0,88,1,43,0
132.24,8,Travel,1,0,44,3,18,0
289.76,5,Grocery,0,0,63,2,48,0
297.43,14,Travel,0,0,98,1,62,0
31.75,16,Travel,0,0,58,1,18,0
832.98,22,Travel,0,0,28,4,65,0
0.02,17,Grocery,0,0,37,4,50,0
221.48,14,Clothing,0,0,95,4,64,0
58.69,11,Food,0,0,99,1,42,0
8.08,10,Clothing,0,0,67,0,50,0
154.95,9,Electronics,0,1,59,1,58,0
89.91,0,Electronics,0,0,56,1,39,0
29.0,17,Electronics,0,1,26,2,42,0
32.16,21,Clothing,0,0,59,1,40,0
50.5,17,Grocery,0,0,33,1,47,0
116.79,4,Grocery,1,0,36,1,47,0
192.46,5,Clothing,0,0,31,2,27,0
529.05,1,Food,0,0,55,1,22,0
28.5,7,Electronics,1,0,69,3,37,0
166.65,7,Travel,0,0,52,1,56,0
16.01,0,Travel,0,0,72,1,64,0
442.48,19,Clothing,0,0,89,1,51,0
26.06,16,Travel,0,1,71,3,65,0
63.03,0,Food,0,0,75,2,61,0
249.65,14,Grocery,0,0,41,4,47,0
28.9,18,Travel,1,0,82,2,43,0
331.7,0,Clothing,0,0,58,1,41,0
30.46,10,Electronics,0,0,72,0,33,0
38.45,1,Clothing,0,0,40,1,26,0
241.02,7,Travel,0,0,28,2,36,0
50.35,1,Food,0,0,38,1,62,0
339.59,5,Travel,0,0,84,3,29,0
431.88,13,Grocery,0,0,96,4,62,0
126.17,6,Clothing,0,0,59,0,34,0
334.66,16,Clothing,0,0,62,1,33,0
146.88,5,Travel,0,0,48,3,33,0
295.17,19,Electronics,0,0,97,2,48,0
53.62,22,Electronics,0,0,49,1,41,0
768.73,3,Food,0,0,30,2,20,0
52.22,20,Travel,0,1,27,0,47,0
43.57,12,Clothing,0,0,25,3,66,0
287.83,0,Travel,0,0,33,0,49,0
110.77,18,Food,0,0,34,2,19,0
433.32,21,Travel,0,0,38,1,32,0
196.21,17,Grocery,0,1,53,1,59,0
184.44,4,Travel,0,0,85,0,66,0
77.7,3,Food,0,0,97,0,58,0
128.0,22,Clothing,0,0,53,2,46,0
85.78,8,Travel,0,0,55,5,55,0
60.26,9,Travel,1,0,79,1,34,0
9.1,18,Clothing,0,0,41,1,29,0
47.58,1,Clothing,1,0,33,0,41,1
325.9,12,Electronics,0,0,85,3,28,0
126.54,5,Grocery,0,0,48,3,57,0
114.68,8,Electronics,0,0,43,2,46,0
0.79,0,Food,1,0,74,3,56,0
27.49,11,Clothing,0,0,85,3,57,0
0.76,22,Grocery,0,0,89,2,25,0
22.46,3,Travel,0,0,95,2,29,0
9.77,18,Grocery,0,0,25,2,36,0
68.39,15,Grocery,0,0,82,0,55,0
131.44,17,Clothing,0,0,62,1,44,0
86.09,3,Electronics,0,0,50,1,54,0
369.21,23,Electronics,0,0,90,2,46,0
3.85,2,Grocery,0,1,69,1,57,0
83.79,16,Food,0,0,56,3,48,0
110.62,12,Food,1,0,27,2,19,0
155.02,3,Grocery,0,0,70,4,31,0
293.79,7,Travel,0,0,67,0,39,0
109.24,18,Travel,0,0,88,2,49,0
258.31,17,Grocery,0,1,47,3,29,0
17.29,4,Travel,0,0,62,2,47,0
369.02,11,Food,0,0,67,2,44,0
217.42,10,Travel,0,0,88,3,69,0
150.67,19,Grocery,0,0,42,3,23,0
83.69,21,Electronics,0,0,81,3,57,0
132.2,3,Clothing,0,0,78,0,51,0
5.81,9,Grocery,0,0,31,2,69,0
77.4,8,Grocery,0,0,50,2,33,0
52.31,5,Travel,1,0,56,2,41,0
93.0,18,Clothing,0,0,95,2,40,0
197.36,1,Travel,1,0,50,2,64,0
25.59,15,Grocery,0,0,68,1,35,0
393.14,22,Electronics,0,0,51,2,55,0
12.1,12,Electronics,0,0,72,2,53,0
30.3,17,Travel,0,0,78,5,65,0
213.24,21,Grocery,0,0,96,1,46,0
203.82,15,Travel,0,0,53,2,63,0
319.14,22,Food,0,0,41,0,62,0
26.55,9,Travel,1,0,81,1,25,0
94.87,13,Electronics,0,0,80,0,59,0
95.67,16,Travel,0,1,59,2,24,0
577.57,9,Grocery,0,0,89,3,35,0
447.23,0,Food,0,0,82,0,22,0
191.19,22,Food,0,1,35,2,50,0
364.09,23,Food,0,0,42,1,19,0
92.67,19,Food,0,0,52,4,40,0
261.27,13,Travel,0,1,65,1,51,0
36.35,0,Electronics,0,0,81,0,20,0
23.89,22,Travel,0,0,85,2,26,0
368.2,12,Clothing,0,0,74,2,35,0
375.65,19,Food,1,0,86,3,28,0
16.03,16,Clothing,0,0,75,1,64,0
155.25,14,Clothing,0,0,77,3,59,0
12.42,9,Travel,0,0,68,1,64,0
371.9,2,Clothing,0,0,91,2,68,0
477.46,7,Travel,0,0,64,4,57,0
35.51,21,Electronics,0,1,35,1,20,0
343.2,7,Clothing,0,0,99,4,28,0
153.01,19,Food,1,0,81,0,48,0
193.21,19,Grocery,0,0,63,2,69,0
84.2,8,Clothing,0,0,85,1,19,0
20.2,3,Grocery,0,0,75,1,56,0
37.34,11,Grocery,0,0,27,3,23,0
165.23,21,Clothing,0,0,33,1,38,0
301.65,1,Clothing,0,0,67,1,29,0
144.01,15,Electronics,1,0,48,0,27,0
518.97,6,Food,1,0,89,3,56,0
66.75,13,Food,1,0,40,3,57,0
113.62,3,Electronics,0,0,77,3,53,0
187.13,23,Electronics,1,0,65,0,54,0
828.22,8,Travel,0,0,49,1,53,0
6.12,3,Clothing,0,0,98,1,63,0
29.52,2,Grocery,0,0,26,2,36,0
243.1,18,Grocery,0,0,31,0,43,0
270.93,1,Electronics,0,0,44,3,57,0
6.92,12,Electronics,0,1,95,0,51,0
145.66,6,Clothing,0,0,29,1,26,0
2.66,12,Clothing,0,0,29,0,37,0
229.11,15,Travel,0,0,76,1,44,0
78.22,12,Clothing,0,0,36,1,46,0
78.94,22,Grocery,0,0,53,0,34,0
114.52,4,Clothing,0,0,66,0,64,0
0.67,2,Food,0,0,93,1,21,0
324.28,14,Clothing,0,0,69,1,37,0
168.53,6,Clothing,0,0,33,1,50,0
57.51,17,Clothing,0,1,54,0,45,0
62.99,23,Clothing,0,0,86,0,47,0
337.39,3,Food,0,0,53,1,42,0
136.51,4,Clothing,0,0,53,1,54,0
58.4,5,Clothing,0,0,50,2,36,0
57.13,8,Food,0,0,81,3,40,0
100.77,12,Grocery,0,0,90,5,39,0
27.25,18,Food,0,0,56,4,53,0
138.08,15,Travel,0,0,99,3,51,0
97.51,20,Grocery,0,0,95,1,18,0
45.71,23,Electronics,0,0,27,1,31,0
198.25,22,Travel,0,0,36,1,50,0
448.22,2,Grocery,0,0,27,2,33,0
63.19,11,Food,0,0,72,3,28,0
54.26,1,Food,0,0,60,2,69,0
52.78,11,Electronics,1,0,63,2,55,0
604.04,19,Grocery,0,0,94,5,54,0
476.17,1,Food,0,0,39,1,41,0
227.25,4,Grocery,0,0,65,2,24,0
517.44,22,Food,0,0,92,0,63,0
38.32,2,Food,0,0,95,1,49,0
78.86,15,Food,0,0,69,2,34,0
7.63,10,Grocery,0,0,99,3,21,0
265.54,19,Travel,0,0,72,0,68,0
235.42,4,Electronics,0,0,33,0,54,0
274.21,18,Travel,1,0,49,6,43,0
56.29,0,Food,0,0,57,0,39,0
16.54,7,Clothing,0,0,67,1,47,0
111.02,5,Clothing,0,0,43,6,57,0
163.35,2,Clothing,0,0,96,4,50,0
44.51,7,Clothing,0,0,25,1,24,0
107.06,2,Travel,0,0,27,2,65,0
14.24,18,Travel,0,0,56,4,65,0
26.5,2,Food,0,0,42,1,38,0
56.87,18,Food,0,0,68,1,43,0
24.32,15,Travel,0,0,26,1,64,0
177.43,18,Grocery,0,0,65,3,49,0
275.67,23,Clothing,0,0,52,4,51,0
29.29,10,Clothing,0,0,81,2,35,0
207.04,16,Grocery,0,0,70,2,24,0
47.92,4,Grocery,0,1,66,0,42,0
474.39,2,Food,0,0,27,3,30,0
532.36,9,Clothing,0,0,50,2,55,0
524.55,19,Travel,0,0,79,1,56,0
417.67,23,Food,0,0,41,2,66,0
103.28,6,Clothing,0,0,69,4,66,0
165.29,19,Food,0,0,37,2,37,0
398.68,12,Clothing,0,0,35,1,57,0
60.95,19,Clothing,0,1,64,2,46,0
72.68,3,Electronics,0,0,37,0,67,0
102.89,2,Travel,0,0,78,3,38,0
108.56,23,Travel,0,0,91,4,53,0
237.49,19,Travel,0,0,61,2,39,0
28.63,2,Travel,0,0,84,4,33,0
217.98,18,Electronics,0,0,28,2,54,0
36.11,16,Travel,0,0,40,4,28,0
268.08,3,Travel,0,0,40,2,34,0
52.99,12,Food,0,0,66,2,31,0
17.86,10,Clothing,0,0,49,0,40,0
104.75,3,Clothing,0,0,71,2,59,0
201.56,20,Clothing,0,0,30,0,26,0
79.93,20,Electronics,0,0,83,2,34,0
5.33,3,Grocery,0,0,89,4,41,0
61.72,23,Clothing,0,0,79,2,66,0
119.03,2,Grocery,0,0,28,5,18,1
73.6,22,Food,0,0,78,0,31,0
41.17,4,Grocery,0,0,65,0,27,0
228.51,6,Food,0,0,36,1,53,0
174.2,18,Food,1,0,43,0,24,0
258.3,17,Clothing,0,0,41,2,20,0
569.62,10,Electronics,0,0,63,2,67,0
627.85,16,Food,0,0,93,1,68,0
72.14,15,Grocery,0,0,47,3,20,0
263.93,5,Travel,0,0,57,3,35,0
254.17,6,Clothing,1,0,74,4,51,0
28.97,22,Travel,0,0,73,4,51,0
3.43,21,Grocery,0,0,56,1,58,0
695.22,10,Clothing,0,0,92,3,55,0
224.82,7,Travel,1,0,85,4,25,0
305.57,9,Electronics,0,0,72,2,25,0
108.93,19,Grocery,0,0,74,0,63,0
226.62,8,Clothing,0,0,64,1,65,0
16.5,12,Food,1,0,93,2,35,0
110.26,16,Grocery,0,0,46,2,19,0
14.05,7,Clothing,0,0,44,2,32,0
106.54,13,Clothing,0,0,52,0,42,0
45.75,15,Grocery,0,0,69,4,49,0
431.79,23,Travel,1,0,83,2,23,0
381.88,14,Food,0,0,69,0,53,0
86.1,4,Travel,0,0,55,2,38,0
122.01,18,Grocery,0,0,73,4,47,0
232.63,17,Travel,0,0,29,1,40,0
18.3,3,Electronics,0,0,75,2,61,0
43.62,17,Food,1,1,49,0,43,0
17.18,18,Travel,0,0,27,0,32,0
776.78,19,Electronics,1,0,76,2,51,0
81.06,6,Electronics,0,0,74,6,36,0
35.16,7,Food,0,0,92,2,69,0
18.51,20,Food,0,0,70,3,61,0
4.04,18,Clothing,1,0,43,0,41,0
130.05,3,Electronics,0,0,91,2,27,0
3.66,9,Grocery,0,0,98,1,19,0
71.9,4,Travel,0,0,64,3,60,0
36.96,3,Electronics,0,0,87,0,29,0
131.37,4,Food,0,0,43,2,52,0
410.79,6,Food,0,0,26,1,28,0
159.0,11,Travel,0,0,89,2,56,0
141.39,0,Food,0,0,49,5,34,0
278.28,16,Grocery,0,0,70,3,45,0
64.91,11,Electronics,0,0,92,2,64,0
292.46,20,Electronics,0,0,84,2,28,0
99.61,9,Food,1,0,81,2,32,0
186.83,13,Clothing,0,0,73,1,42,0
19.86,3,Travel,0,0,93,2,61,0
129.74,4,Electronics,0,0,75,4,33,0
116.62,0,Food,0,0,97,3,22,0
27.4,9,Food,0,0,67,5,28,0
79.01,23,Clothing,0,1,68,1,37,0
25.25,22,Clothing,0,0,25,3,50,0
393.77,8,Electronics,0,0,32,3,64,0
69.18,6,Clothing,0,1,85,1,42,0
73.41,12,Travel,0,1,38,2,34,0
800.09,14,Food,0,0,71,3,27,0
52.13,6,Electronics,0,0,38,3,34,0
9.04,10,Travel,0,0,81,0,56,0
235.13,10,Travel,0,0,48,0,25,0
123.96,1,Travel,0,1,57,2,24,0
96.55,6,Electronics,0,0,91,1,26,0
9.55,0,Electronics,0,0,96,1,23,0
198.57,1,Food,0,0,59,2,42,0
167.66,21,Food,0,0,51,3,20,0
108.41,15,Electronics,0,0,35,3,25,0
17.72,10,Grocery,0,0,70,1,61,0
35.52,8,Grocery,1,0,59,1,22,0
131.4,1,Travel,0,0,57,2,49,0
162.16,14,Grocery,0,0,97,1,42,0
52.57,3,Travel,0,0,81,5,21,0
41.34,8,Travel,0,0,90,1,56,0
6.59,21,Clothing,0,0,58,2,51,0
83.66,21,Travel,0,0,39,1,54,0
40.27,13,Food,1,1,31,1,57,1
158.2,18,Electronics,0,1,62,0,31,0
151.21,23,Clothing,0,0,40,2,63,0
230.82,21,Clothing,0,0,75,1,29,0
171.43,4,Travel,0,0,76,5,46,0
57.69,1,Travel,0,0,32,3,23,0
63.86,7,Clothing,0,0,35,0,52,0
169.54,18,Clothing,0,0,74,1,34,0
208.24,23,Food,0,0,77,2,53,0
306.13,13,Food,0,0,38,0,50,0
81.2,8,Food,0,0,71,1,46,0
137.08,19,Clothing,1,0,39,3,40,0
114.08,18,Electronics,0,1,27,2,20,0
219.19,6,Travel,0,0,49,2,26,0
40.29,2,Food,0,0,25,4,67,0
64.92,6,Grocery,0,0,99,2,26,0
180.99,22,Grocery,0,0,93,1,40,0
153.36,6,Electronics,0,0,62,2,30,0
364.86,18,Travel,0,0,67,2,52,0
320.57,14,Clothing,1,0,68,1,29,0
148.3,12,Clothing,0,0,29,1,50,0
154.66,4,Electronics,0,1,62,2,30,0
487.78,20,Travel,1,0,54,0,57,0
5.34,12,Clothing,0,0,56,3,58,0
59.61,11,Food,0,0,36,1,57,0
227.93,18,Travel,0,0,60,0,18,0
365.34,7,Grocery,0,0,77,1,68,0
177.06,6,Clothing,0,0,81,4,41,0
169.66,12,Grocery,0,0,32,2,59,0
102.71,18,Grocery,0,0,29,1,63,0
77.52,11,Clothing,0,0,92,2,39,0
3.83,10,Grocery,0,0,92,2,29,0
715.17,4,Food,0,0,38,3,32,0
26.9,20,Clothing,1,0,76,2,54,0
25.42,18,Grocery,0,0,68,2,41,0
12.42,9,Travel,0,0,58,2,44,0
376.86,7,Electronics,0,0,81,2,44,0
418.86,11,Travel,0,0,94,1,18,0
11.6,7,Food,1,0,49,2,46,0
314.99,0,Travel,0,0,69,0,56,0
282.28,19,Grocery,0,0,64,1,30,0
67.52,19,Food,1,0,34,2,26,0
352.2,7,Clothing,0,1,41,4,54,0
217.66,6,Clothing,0,0,29,2,20,0
160.98,4,Electronics,1,0,79,2,40,0
126.11,2,Electronics,0,0,32,0,64,0
89.59,7,Travel,0,0,55,3,45,0
228.3,1,Travel,0,0,72,0,52,0
105.67,15,Grocery,0,0,76,2,62,0
45.8,1,Electronics,1,0,80,2,63,0
258.73,21,Electronics,0,0,78,0,43,0
54.04,3,Clothing,0,0,45,3,68,0
17.77,16,Grocery,0,0,74,1,24,0
109.33,4,Travel,0,1,79,1,50,0
157.04,6,Electronics,0,0,39,1,51,0
380.43,3,Grocery,1,0,69,2,32,0
282.56,15,Food,0,0,90,1,56,0
209.05,17,Grocery,0,0,45,3,41,0
122.1,12,Grocery,0,0,26,4,33,0
84.3,0,Grocery,0,0,94,1,19,0
78.9,2,Clothing,0,0,63,2,49,0
521.21,14,Electronics,0,0,98,1,58,0
181.29,19,Grocery,0,0,69,0,40,0
103.94,21,Clothing,0,0,32,2,47,0
15.35,7,Clothing,0,0,72,3,28,0
140.27,19,Travel,0,0,70,4,22,0
411.88,22,Food,0,0,26,3,34,0
369.1,13,Grocery,0,0,85,4,41,0
46.41,5,Food,0,0,85,1,31,0
165.43,8,Grocery,0,0,80,0,21,0
90.45,14,Electronics,0,0,29,2,63,0
377.34,6,Clothing,0,0,73,3,18,0
9.28,22,Food,1,0,87,1,46,0
97.67,15,Clothing,0,0,58,0,49,0
605.76,18,Clothing,0,0,49,5,52,0
38.35,14,Clothing,0,0,27,2,56,0
376.2,10,Electronics,1,0,43,2,41,0
411.0,13,Food,0,0,55,1,49,0
108.99,3,Grocery,0,0,94,3,50,0
173.94,7,Clothing,0,1,91,2,58,0
6.44,9,Electronics,0,0,66,0,65,0
1025.08,23,Clothing,1,0,42,2,64,0
90.82,0,Food,0,0,88,4,35,0
73.19,22,Electronics,0,0,56,2,40,0
26.44,14,Food,0,0,31,2,33,0
140.24,3,Food,0,0,65,1,45,0
43.97,9,Food,0,0,63,1,21,0
84.7,12,Clothing,0,1,80,3,30,0
73.6,1,Electronics,0,1,98,0,69,0
71.43,4,Travel,0,0,83,1,52,0
14.09,8,Clothing,1,1,46,2,51,0
293.17,16,Clothing,0,1,70,0,22,0
9.98,21,Grocery,0,0,40,1,38,0
49.43,22,Travel,0,0,69,1,39,0
255.22,22,Electronics,0,0,75,4,30,0
274.1,4,Travel,0,0,71,2,47,0
480.82,21,Clothing,0,1,75,1,69,0
72.32,2,Clothing,0,0,37,1,55,0
154.86,14,Travel,0,0,85,1,22,0
96.86,14,Travel,0,0,81,2,44,0
101.66,14,Electronics,0,0,50,2,51,0
298.81,8,Food,1,0,55,2,30,0
68.24,1,Clothing,0,0,75,3,23,0
79.2,23,Grocery,0,0,83,2,59,0
134.93,6,Clothing,0,0,27,4,28,0
305.99,1,Travel,0,0,94,1,47,0
14.56,12,Grocery,0,0,97,0,37,0
40.24,2,Clothing,0,0,83,3,61,0
105.42,13,Food,0,0,56,3,29,0
144.54,19,Grocery,0,0,71,2,67,0
182.68,17,Electronics,1,0,39,0,51,0
137.21,7,Travel,0,0,63,0,21,0
100.05,8,Travel,0,0,88,1,38,0
274.89,11,Clothing,0,0,53,2,47,0
59.25,22,Food,0,0,35,2,60,0
1.96,10,Travel,0,0,75,2,68,0
69.07,3,Travel,0,0,54,1,41,0
87.39,19,Electronics,1,0,99,1,64,0
5.78,4,Electronics,1,0,45,3,46,0
46.68,20,Clothing,0,0,64,1,54,0
27.38,12,Travel,0,0,92,0,25,0
191.16,15,Clothing,0,0,85,3,28,0
162.63,6,Travel,0,0,37,5,49,0
56.81,11,Travel,0,0,78,0,37,0
252.3,4,Travel,0,0,31,1,57,0
366.61,12,Travel,1,0,99,0,34,0
187.24,8,Grocery,0,0,35,0,59,0
508.78,22,Electronics,0,0,50,2,50,0
27.09,11,Electronics,0,0,37,2,27,0
452.48,18,Clothing,0,0,39,3,32,0
13.56,23,Travel,0,0,75,3,31,0
3.7,11,Grocery,0,0,56,3,58,0
478.33,19,Food,0,1,41,1,27,0
48.1,16,Electronics,0,0,51,1,47,0
41.95,20,Clothing,0,0,51,4,30,0
15.25,2,Travel,0,0,86,2,61,0
24.88,6,Food,0,0,77,1,58,0
766.55,22,Travel,0,0,29,0,41,0
213.56,6,Clothing,0,0,90,1,68,0
24.51,13,Grocery,0,0,85,1,54,0
317.4,9,Clothing,0,0,48,3,61,0
82.51,13,Electronics,0,0,34,3,50,0
557.66,8,Grocery,0,0,57,0,60,0
66.36,5,Travel,0,0,54,6,32,0
28.18,17,Food,0,0,99,4,69,0
73.53,14,Grocery,0,0,25,5,31,0
141.4,15,Electronics,0,1,35,2,33,0
176.07,1,Travel,0,0,48,2,21,0
239.75,19,Food,0,0,34,0,49,0
72.97,4,Food,1,0,45,3,65,0
33.77,1,Travel,0,1,88,2,30,0
230.67,15,Electronics,0,0,29,5,20,0
122.91,22,Electronics,0,0,72,1,37,0
752.03,5,Food,0,0,71,1,31,0
69.82,16,Electronics,0,0,65,2,63,0
151.62,14,Grocery,0,0,45,2,60,0
1.96,14,Food,0,0,78,0,50,0
101.82,7,Food,0,0,88,4,54,0
100.41,20,Electronics,0,1,49,4,34,0
365.73,14,Travel,0,0,41,2,34,0
125.29,11,Clothing,0,0,59,1,18,0
45.55,10,Food,0,0,26,2,29,0
1.67,14,Grocery,0,0,31,3,55,0
203.49,14,Electronics,0,0,61,3,63,0
48.84,22,Electronics,0,0,35,1,61,0
5.94,13,Clothing,0,0,41,1,47,0
162.8,9,Electronics,0,0,50,3,27,0
98.47,3,Grocery,0,1,44,2,28,0
27.56,5,Clothing,0,0,94,2,51,0
4.64,19,Electronics,0,0,75,1,34,0
261.09,2,Electronics,0,0,65,1,61,0
52.21,11,Travel,0,0,64,2,31,0
111.26,19,Clothing,0,0,74,3,68,0
425.77,2,Food,0,0,42,4,22,0
34.86,10,Electronics,0,0,40,1,28,0
27.62,10,Grocery,0,0,65,6,32,0
47.36,1,Clothing,0,0,45,2,28,0
522.48,10,Electronics,0,0,97,2,55,0
323.74,17,Clothing,1,0,45,1,46,0
51.15,15,Grocery,0,0,38,3,45,0
204.27,3,Travel,1,0,80,0,18,0
548.04,1,Electronics,0,0,45,2,40,0
597.94,9,Travel,0,0,56,4,47,0
116.81,11,Travel,0,0,79,4,48,0
292.91,5,Electronics,0,0,73,5,29,0
42.8,15,Food,0,0,46,1,20,0
125.17,11,Food,0,0,77,2,58,0
313.47,20,Food,1,0,71,4,23,0
46.76,5,Travel,0,0,56,3,68,0
205.18,13,Grocery,0,1,41,2,55,0
87.09,9,Grocery,1,0,40,2,44,0
145.13,21,Grocery,0,0,57,1,47,0
105.05,7,Food,0,0,69,2,43,0
153.4,20,Grocery,0,0,59,1,33,0
13.15,5,Electronics,0,0,62,2,19,0
53.49,21,Food,1,0,50,6,62,0
454.34,21,Grocery,0,0,28,2,37,0
150.06,23,Travel,0,0,33,1,55,0
9.66,16,Electronics,0,0,98,0,21,0
128.48,11,Clothing,0,0,83,0,65,0
20.83,12,Clothing,0,0,79,5,35,0
76.42,5,Food,0,0,50,5,27,0
349.19,5,Electronics,0,0,69,2,29,0
1.56,22,Grocery,0,0,61,3,39,0
14.25,6,Electronics,1,0,94,1,31,0
136.26,0,Travel,0,0,52,2,28,0
77.43,1,Clothing,0,1,41,3,56,0
115.58,22,Food,0,0,97,0,27,0
45.74,22,Clothing,0,1,66,2,57,0
372.41,22,Food,0,0,40,4,19,0
162.06,10,Clothing,0,0,91,5,41,0
91.05,14,Food,0,0,52,5,45,0
172.0,2,Grocery,0,1,56,5,24,1
27.67,1,Clothing,0,0,36,1,45,0
87.88,1,Travel,0,0,63,4,53,0
198.77,10,Grocery,0,1,91,2,62,0
97.82,19,Travel,0,0,48,2,29,0
368.28,14,Electronics,0,0,52,2,44,0
200.59,23,Grocery,0,0,83,1,23,0
52.31,9,Travel,0,0,66,1,35,0
42.58,18,Food,0,0,42,1,58,0
48.96,20,Food,0,0,74,2,26,0
89.42,4,Grocery,1,0,58,3,20,0
81.77,16,Clothing,0,0,40,3,52,0
220.5,2,Food,0,0,48,5,48,0
93.03,2,Food,0,1,79,0,44,0
465.51,20,Grocery,0,0,71,5,28,0
122.55,6,Clothing,0,0,85,1,29,0
1097.38,21,Clothing,0,0,27,4,19,0
120.24,18,Travel,0,0,36,1,20,0
540.89,11,Electronics,0,0,92,4,18,0
44.32,16,Travel,0,0,38,1,64,0
22.64,9,Electronics,0,0,99,5,48,0
114.83,17,Travel,1,0,32,0,60,0
110.15,22,Travel,0,0,78,2,57,0
636.38,10,Clothing,0,0,97,4,37,0
69.61,0,Electronics,0,1,95,2,23,0
34.59,4,Grocery,0,0,52,2,65,0
37.14,13,Grocery,0,0,92,2,26,0
11.34,23,Clothing,0,0,96,1,32,0
176.39,14,Food,0,0,94,2,30,0
3.08,18,Electronics,0,0,98,2,57,0
14.9,22,Travel,0,0,32,3,54,0
300.7,23,Food,0,0,81,1,32,0
331.5,4,Food,0,0,95,5,26,0
50.52,9,Travel,0,0,45,3,36,0
112.34,4,Grocery,0,0,42,1,53,0
91.4,8,Food,0,0,89,2,54,0
104.61,8,Grocery,0,0,34,1,32,0
506.19,8,Electronics,0,0,45,4,48,0
186.12,5,Electronics,0,0,63,1,43,0
120.3,17,Grocery,0,0,69,3,22,0
100.7,2,Food,0,0,95,1,38,0
246.86,8,Food,0,0,90,2,32,0
186.56,22,Grocery,0,0,67,1,45,0
116.44,11,Food,0,1,65,1,29,0
254.24,5,Electronics,0,0,67,2,43,0
12.49,18,Clothing,0,1,74,1,49,0
123.6,19,Travel,1,1,83,1,32,0
950.41,1,Travel,0,1,70,2,60,1
1087.95,11,Electronics,0,0,52,1,66,0
264.15,13,Clothing,0,0,98,2,48,0
151.87,12,Travel,0,0,71,1,28,0
167.17,17,Grocery,0,0,98,5,22,0
494.62,7,Food,0,1,59,3,62,0
23.9,6,Electronics,0,0,70,1,67,0
37.96,21,Electronics,0,0,58,1,54,0
47.48,13,Grocery,0,0,99,1,54,0
212.49,15,Clothing,1,0,74,4,38,0
55.43,15,Food,0,0,65,1,22,0
78.2,3,Clothing,0,0,78,1,24,0
55.39,10,Travel,0,0,63,5,64,0
176.41,19,Grocery,0,0,80,4,68,0
199.1,0,Electronics,0,0,34,3,53,0
358.56,14,Food,0,0,37,1,50,0
85.25,18,Food,1,0,51,0,49,0
83.17,22,Electronics,1,0,58,2,54,0
7.13,11,Grocery,0,1,28,2,19,0
675.6,6,Electronics,0,0,56,2,68,0
46.49,4,Food,0,0,33,0,37,0
140.89,19,Food,0,0,56,1,18,0
74.1,16,Food,0,0,29,3,54,0
19.26,3,Electronics,0,0,75,2,26,0
206.89,22,Electronics,0,0,56,1,26,0
214.35,0,Grocery,0,0,50,1,64,0
544.43,11,Food,0,0,51,3,22,0
443.72,0,Food,0,1,40,1,67,0
60.77,3,Clothing,1,0,51,5,38,1
55.49,10,Travel,0,0,71,0,69,0
208.26,12,Travel,1,0,50,4,51,0
524.29,2,Electronics,0,0,93,0,64,0
355.49,18,Travel,0,0,78,3,26,0
142.92,12,Food,0,0,88,3,25,0
184.12,15,Clothing,0,0,89,2,60,0
15.05,21,Clothing,0,1,52,0,60,0
11.97,4,Food,0,0,65,3,62,0
346.3,5,Travel,0,0,71,2,33,0
6.15,2,Grocery,0,0,73,0,52,0
496.19,9,Food,0,0,36,0,47,0
24.2,17,Clothing,0,0,56,2,28,0
244.31,20,Food,0,0,28,2,23,0
30.3,3,Grocery,0,0,80,0,21,0
790.93,19,Electronics,0,0,94,4,49,0
147.68,19,Travel,0,0,35,1,52,0
152.42,1,Electronics,0,0,83,2,31,0
245.3,17,Food,0,0,93,1,46,0
39.41,9,Electronics,0,0,77,0,37,0
230.97,6,Food,0,0,52,1,46,0
982.29,23,Food,0,0,45,5,18,0
134.36,20,Travel,0,0,92,3,26,0
110.33,0,Clothing,0,0,64,0,64,0
104.76,8,Grocery,0,0,38,0,54,0
25.73,21,Travel,0,0,98,2,22,0
98.05,20,Travel,0,0,89,1,22,0
101.92,11,Grocery,0,0,38,2,52,0
74.03,12,Electronics,0,0,73,0,27,0
116.23,20,Grocery,0,0,48,1,27,0
140.28,16,Travel,0,0,49,4,45,0
13.41,2,Travel,0,0,96,2,35,0
94.81,9,Food,0,0,63,3,20,0
207.29,5,Food,0,0,50,1,54,0
296.56,11,Food,0,0,81,3,36,0
13.68,8,Travel,0,1,69,3,18,0
55.86,19,Food,0,0,84,1,65,0
2.09,11,Electronics,0,0,80,5,20,0
457.05,17,Clothing,0,0,56,2,40,0
639.75,17,Food,0,0,67,0,37,0
8.27,19,Grocery,1,0,84,3,58,0
235.42,21,Electronics,0,0,97,3,36,0
199.8,11,Clothing,0,0,35,4,27,0
140.3,12,Travel,1,0,40,1,65,0
4.11,4,Clothing,0,0,28,1,57,0
181.57,15,Travel,1,0,63,2,28,0
156.05,23,Travel,0,0,25,4,28,0
30.6,5,Clothing,0,0,45,4,18,0
81.54,19,Clothing,0,0,40,1,54,0
373.59,5,Food,0,0,91,2,59,0
84.84,4,Food,0,0,47,1,48,0
122.09,5,Electronics,0,0,85,0,30,0
22.83,7,Food,0,0,41,3,55,0
147.63,19,Electronics,0,1,73,5,32,0
105.25,2,Grocery,0,0,65,2,39,0
285.26,9,Food,1,0,25,0,49,0
409.52,14,Food,0,0,55,2,31,0
83.93,14,Grocery,0,0,83,1,59,0
650.67,12,Food,0,0,67,4,53,0
148.16,23,Grocery,0,0,29,2,44,0
163.73,20,Electronics,0,0,43,3,51,0
119.34,14,Electronics,0,0,82,2,51,0
79.94,21,Electronics,0,0,88,1,56,0
1.64,2,Grocery,0,0,66,0,33,0
315.97,5,Grocery,0,0,79,2,53,0
109.05,3,Grocery,0,0,97,3,19,0
356.21,12,Electronics,0,0,67,3,24,0
184.89,8,Travel,0,0,29,1,46,0
196.12,4,Travel,0,0,59,2,19,0
286.19,11,Clothing,0,0,30,1,65,0
46.29,5,Travel,0,0,82,1,50,0
243.61,11,Grocery,0,0,86,4,43,0
230.88,15,Clothing,0,0,66,1,31,0
46.13,9,Food,0,0,29,1,51,0
750.93,14,Clothing,0,0,42,0,30,0
1042.64,6,Food,0,0,92,1,45,0
888.87,1,Electronics,0,0,35,4,50,0
157.52,4,Clothing,0,0,73,2,61,0
8.43,20,Travel,0,0,73,3,40,0
244.48,22,Travel,0,0,32,1,34,0
26.18,2,Electronics,0,0,59,2,44,0
209.59,8,Grocery,0,0,68,2,24,0
257.64,0,Clothing,0,0,33,2,36,0
280.94,22,Travel,0,1,54,4,60,0
432.69,22,Food,0,0,30,4,30,0
64.05,13,Clothing,0,0,28,2,58,0
29.86,3,Travel,0,1,87,4,27,0
34.58,4,Food,1,1,38,2,37,1
815.36,10,Electronics,0,0,60,1,30,0
259.61,10,Electronics,0,0,46,2,52,0
201.92,11,Electronics,0,1,81,1,51,0
78.8,12,Electronics,0,0,33,3,44,0
87.93,11,Clothing,0,0,50,4,53,0
42.28,18,Grocery,0,0,39,1,57,0
45.48,17,Food,0,0,57,3,63,0
44.66,10,Food,0,0,39,1,55,0
87.64,17,Travel,0,0,71,4,48,0
11.41,21,Electronics,0,0,70,3,22,0
187.47,7,Food,0,0,95,1,67,0
123.75,17,Electronics,0,1,32,1,25,0
120.56,19,Travel,0,0,39,3,34,0
86.62,20,Travel,0,1,41,2,57,0
773.35,21,Food,0,0,31,0,62,0
185.79,0,Travel,0,0,72,4,68,0
352.6,10,Travel,0,0,39,5,26,0
245.69,4,Travel,0,0,54,4,37,0
101.18,15,Travel,0,0,77,4,67,0
659.69,12,Grocery,0,0,65,2,32,0
95.57,6,Food,0,0,29,7,65,0
211.98,12,Electronics,0,0,50,0,56,0
90.6,1,Grocery,1,0,44,1,56,0
9.61,22,Food,0,0,45,3,63,0
500.18,7,Grocery,0,0,86,1,36,0
309.31,15,Travel,0,0,42,3,54,0
6.31,9,Grocery,0,0,94,0,21,0
64.19,19,Travel,0,0,83,1,46,0
237.18,22,Grocery,0,0,57,3,21,0
691.36,3,Electronics,1,0,55,1,65,0
120.31,21,Grocery,0,0,76,3,28,0
235.17,8,Travel,0,0,58,1,63,0
155.39,18,Electronics,0,0,64,3,39,0
64.63,18,Electronics,0,0,77,1,26,0
58.91,17,Grocery,0,0,63,3,48,0
162.83,13,Clothing,0,0,28,2,20,0
9.62,3,Electronics,0,0,81,5,65,0
635.29,10,Clothing,0,0,59,0,22,0
489.35,1,Grocery,0,0,26,3,18,0
151.19,15,Grocery,1,0,97,5,29,0
73.23,19,Grocery,0,0,50,2,25,0
156.19,10,Grocery,0,0,92,1,18,0
40.43,11,Travel,1,0,38,5,32,1
215.02,5,Travel,0,0,92,0,48,0
394.37,15,Clothing,1,0,80,1,63,0
119.8,20,Food,0,0,58,4,24,0
317.62,10,Grocery,0,0,88,1,67,0
310.53,15,Food,0,0,63,4,41,0
381.28,17,Food,0,0,40,4,47,0
41.33,1,Clothing,0,0,79,3,66,0
297.27,20,Grocery,1,0,87,2,64,0
268.99,1,Electronics,0,0,63,4,67,0
45.07,16,Food,0,0,25,2,42,0
92.73,15,Clothing,1,1,26,3,69,1
80.87,22,Clothing,0,0,26,1,30,0
82.42,14,Grocery,0,0,67,2,23,0
79.63,6,Clothing,0,0,69,4,25,0
203.32,1,Clothing,0,0,45,2,32,0
163.89,14,Food,0,0,85,0,19,0
119.05,6,Grocery,0,0,85,1,56,0
25.14,11,Food,0,0,44,1,25,0
281.03,20,Clothing,0,0,31,4,25,0
41.29,19,Food,0,0,94,6,40,0
1.53,23,Electronics,0,0,49,1,62,0
239.92,20,Clothing,0,0,49,2,69,0
165.8,17,Clothing,0,0,91,1,55,0
55.32,6,Clothing,0,0,58,2,40,0
125.87,11,Clothing,0,0,98,2,37,0
474.53,8,Electronics,0,0,98,1,52,0
490.45,10,Travel,0,0,58,1,43,0
864.87,20,Grocery,0,0,87,2,50,0
125.93,0,Electronics,0,0,50,3,47,0
237.22,22,Clothing,0,0,81,0,63,0
85.96,2,Food,0,0,30,1,62,0
84.74,15,Clothing,0,0,69,1,59,0
73.22,5,Food,0,0,94,1,58,0
413.77,15,Grocery,0,0,68,3,32,0
70.8,8,Electronics,1,0,54,3,39,0
177.41,17,Food,0,0,28,3,27,0
50.53,3,Food,0,0,74,3,64,0
95.16,11,Grocery,0,0,91,4,30,0
54.16,7,Grocery,0,0,47,2,21,0
264.54,20,Travel,0,0,40,1,49,0
40.37,10,Electronics,0,0,91,2,24,0
32.78,20,Grocery,0,1,99,2,53,0
340.55,4,Travel,0,0,44,0,27,0
275.82,13,Electronics,0,0,89,0,66,0
84.15,12,Travel,0,0,89,0,24,0
351.57,0,Electronics,0,0,68,2,27,0
13.17,7,Travel,0,0,79,3,38,0
20.06,11,Food,0,0,95,2,38,0
43.24,23,Grocery,0,1,99,1,62,0
15.69,6,Clothing,0,0,77,1,26,0
58.82,16,Clothing,0,0,84,5,38,0
427.91,2,Grocery,0,0,34,1,21,0
6.89,23,Grocery,0,1,43,3,35,0
443.19,4,Food,0,0,80,1,31,0
291.76,10,Grocery,0,0,71,1,32,0
159.93,13,Food,0,0,60,1,41,0
121.31,1,Food,1,0,70,3,62,0
335.84,9,Grocery,0,0,71,2,68,0
328.74,7,Travel,0,0,52,1,63,0
36.56,18,Food,0,0,71,1,39,0
4.71,15,Electronics,0,0,74,4,50,0
13.5,6,Grocery,0,0,90,7,36,0
81.69,0,Food,0,0,48,2,39,0
397.17,5,Food,0,0,45,2,64,0
105.22,5,Food,0,0,80,1,45,0
30.37,8,Clothing,0,0,97,1,37,0
130.18,9,Travel,0,0,79,1,40,0
29.79,5,Travel,0,0,67,1,34,0
222.39,14,Travel,0,0,92,2,38,0
276.58,17,Grocery,0,0,55,2,40,0
42.46,1,Electronics,0,0,50,1,50,0
151.21,12,Electronics,0,0,97,2,22,0
428.71,18,Clothing,0,0,58,3,22,0
7.28,5,Food,0,0,65,1,24,0
147.73,23,Food,0,0,55,1,62,0
166.2,13,Clothing,0,0,41,5,33,0
91.11,16,Electronics,0,0,69,0,65,0
129.97,5,Clothing,0,0,46,1,18,0
310.51,7,Grocery,0,0,36,1,19,0
647.29,5,Clothing,0,0,64,2,55,0
179.41,6,Grocery,1,0,52,4,33,0
24.94,8,Food,0,0,72,1,34,0
136.85,18,Electronics,0,0,69,3,57,0
356.55,10,Grocery,0,0,73,3,21,0
92.51,5,Electronics,0,0,94,2,65,0
61.02,15,Electronics,0,1,54,2,44,0
134.91,9,Travel,0,0,60,0,42,0
94.86,20,Food,0,0,49,3,48,0
39.1,15,Travel,1,0,85,5,66,0
7.04,18,Clothing,0,0,76,2,67,0
125.56,22,Electronics,0,0,95,2,38,0
7.31,10,Clothing,0,0,28,1,34,0
89.9,21,Electronics,0,0,89,1,48,0
14.06,17,Clothing,0,0,82,3,34,0
126.87,0,Electronics,0,0,98,5,69,0
22.27,19,Electronics,0,1,97,3,57,0
78.88,5,Electronics,0,0,75,1,40,0
133.35,4,Grocery,0,0,93,4,37,0
14.27,7,Electronics,0,1,78,2,25,0
154.92,14,Travel,0,0,77,2,18,0
69.87,13,Food,0,1,41,3,40,0
179.64,5,Food,0,0,54,5,21,0
95.84,12,Grocery,0,0,77,0,62,0
213.83,7,Clothing,0,0,58,3,35,0
169.67,4,Food,0,0,97,0,18,0
140.08,17,Travel,0,0,57,1,25,0
101.57,13,Food,0,0,80,4,19,0
247.72,21,Food,0,0,48,5,25,0
169.49,13,Grocery,1,0,46,3,56,0
19.24,1,Travel,0,0,72,2,50,0
25.99,13,Grocery,1,0,42,3,65,0
228.79,2,Travel,0,0,26,3,26,0
318.58,0,Travel,0,0,75,1,32,0
260.91,17,Electronics,0,0,57,2,35,0
11.56,17,Electronics,1,0,47,1,65,0
109.36,3,Grocery,1,0,58,2,66,0
208.56,19,Food,0,0,33,0,47,0
464.8,23,Clothing,0,0,71,2,31,0
162.36,7,Electronics,1,0,95,3,29,0
314.84,1,Grocery,0,0,83,2,42,0
126.85,14,Travel,0,0,70,0,55,0
93.05,16,Travel,0,0,84,3,39,0
32.11,17,Electronics,0,0,79,3,68,0
552.81,12,Electronics,0,0,51,4,30,0
250.21,12,Food,0,0,62,4,33,0
95.2,14,Electronics,0,0,87,3,34,0
79.98,14,Electronics,1,0,86,0,59,0
39.22,18,Grocery,0,0,40,3,25,0
70.38,9,Clothing,0,0,44,1,47,0
170.68,13,Food,0,0,66,1,35,0
2.31,0,Food,0,0,45,2,39,0
163.78,23,Grocery,0,0,94,3,26,0
96.84,17,Grocery,0,0,93,0,51,0
650.45,15,Grocery,0,0,59,3,23,0
128.93,1,Grocery,0,0,66,3,57,0
388.64,0,Electronics,1,0,94,2,42,0
12.23,13,Travel,0,0,40,3,69,0
110.56,11,Food,0,0,79,5,23,0
10.69,6,Travel,1,0,65,2,27,0
679.06,4,Electronics,0,0,56,4,52,0
139.0,8,Travel,0,0,83,0,40,0
15.01,3,Travel,0,0,55,0,47,0
388.66,15,Travel,0,0,30,3,57,0
146.5,16,Clothing,0,0,63,0,69,0
71.26,16,Clothing,0,0,35,1,46,0
59.36,7,Food,0,0,97,1,50,0
191.99,14,Food,0,0,99,0,61,0
140.21,8,Clothing,0,0,57,3,66,0
321.26,4,Food,0,0,97,3,54,0
21.12,13,Travel,0,0,91,0,51,0
240.05,1,Clothing,0,0,29,4,18,0
32.03,8,Food,0,1,37,0,41,0
325.4,18,Grocery,0,0,53,0,29,0
71.28,19,Travel,0,0,91,4,31,0
152.48,19,Food,0,0,65,3,50,0
70.9,1,Electronics,0,0,89,0,40,0
69.44,15,Clothing,0,1,46,2,50,0
209.04,14,Electronics,0,0,44,2,55,0
322.08,13,Electronics,0,0,25,3,65,0
490.44,21,Electronics,0,0,84,2,49,0
121.42,13,Food,0,0,26,3,19,0
375.58,23,Food,0,1,71,3,50,0
424.31,6,Grocery,0,0,66,3,18,0
8.89,5,Electronics,0,0,94,2,57,0
59.64,8,Travel,0,0,64,0,63,0
391.03,22,Grocery,0,0,52,1,63,0
225.29,19,Clothing,0,0,83,3,49,0
421.78,0,Food,0,1,95,2,31,0
158.55,1,Electronics,0,0,55,1,22,0
25.6,4,Travel,0,0,76,0,32,0
28.85,10,Electronics,1,0,65,3,44,0
104.18,17,Clothing,0,0,76,1,39,0
703.9,0,Food,0,0,62,3,57,0
112.15,11,Clothing,0,0,70,2,62,0
88.54,19,Travel,1,0,29,2,27,0
138.46,7,Grocery,0,0,27,1,51,0
30.28,0,Electronics,0,0,93,1,56,0
304.46,3,Food,0,0,45,1,60,0
109.18,6,Grocery,0,0,87,2,52,0
173.34,10,Food,1,0,69,2,64,0
691.2,11,Food,0,0,65,1,25,0
256.03,9,Grocery,0,0,90,2,26,0
176.88,2,Electronics,0,0,80,2,62,0
127.88,22,Clothing,0,0,74,2,24,0
128.22,2,Food,0,0,85,2,19,0
6.47,0,Food,1,0,86,3,55,0
134.79,7,Clothing,0,0,89,3,61,0
510.86,19,Food,0,0,33,2,45,0
55.43,15,Travel,0,1,40,3,30,0
143.28,4,Electronics,0,0,52,1,32,0
129.46,17,Travel,0,0,27,3,66,0
475.76,11,Grocery,0,0,63,4,19,0
83.21,16,Clothing,0,0,34,1,64,0
134.41,17,Electronics,0,0,85,2,19,0
75.22,12,Grocery,0,0,34,4,57,0
107.4,4,Food,0,0,67,2,40,0
37.27,8,Travel,0,0,76,3,51,0
93.46,3,Clothing,0,0,53,2,42,0
1.09,4,Grocery,0,0,43,3,60,0
1.28,14,Travel,0,1,25,5,63,1
312.32,19,Travel,0,0,27,4,63,0
261.83,10,Clothing,0,0,80,0,51,0
236.67,10,Clothing,0,1,38,0,66,0
240.28,17,Grocery,0,0,74,1,50,0
406.84,21,Electronics,0,0,76,3,34,0
250.75,5,Electronics,0,0,43,2,51,0
40.0,17,Electronics,0,0,27,3,60,0
126.59,21,Electronics,0,0,70,0,69,0
83.74,1,Travel,0,0,83,4,19,0
192.67,16,Grocery,0,0,97,1,28,0
67.26,8,Food,0,0,84,4,62,0
133.88,8,Clothing,0,0,49,2,37,0
157.55,8,Electronics,1,0,99,2,24,0
367.97,6,Travel,0,0,42,0,26,0
16.15,6,Grocery,0,0,35,3,52,0
728.42,20,Electronics,0,0,93,1,33,0
189.12,9,Clothing,0,1,67,3,64,0
598.45,14,Electronics,0,0,93,5,21,0
240.81,3,Clothing,0,0,92,3,47,0
91.03,17,Electronics,0,0,37,0,46,0
456.37,18,Grocery,0,0,51,0,51,0
119.76,17,Electronics,0,0,76,3,25,0
899.81,19,Food,1,0,25,3,43,0
255.56,0,Grocery,0,0,59,1,52,0
564.77,14,Clothing,0,0,52,4,62,0
109.31,14,Food,0,0,36,1,49,0
32.16,5,Grocery,0,0,33,3,26,0
148.87,20,Food,0,1,79,2,53,0
111.43,12,Clothing,0,1,42,2,20,0
179.09,5,Clothing,0,0,68,3,65,0
195.13,9,Clothing,0,0,81,3,56,0
797.98,16,Electronics,0,0,47,1,57,0
83.3,16,Electronics,1,0,82,1,56,0
48.67,23,Grocery,0,0,97,1,20,0
109.04,8,Clothing,0,0,55,1,25,0
587.51,12,Grocery,0,0,35,2,24,0
50.92,17,Electronics,0,0,58,4,60,0
193.93,7,Food,0,0,55,3,30,0
468.15,12,Travel,0,0,44,1,37,0
272.42,14,Electronics,0,0,70,4,49,0
16.58,4,Travel,0,0,56,2,62,0
231.36,11,Clothing,0,0,96,2,42,0
4.32,21,Electronics,0,0,25,1,52,0
23.11,14,Grocery,0,0,64,1,34,0
18.58,3,Travel,0,1,62,1,58,0
51.11,9,Clothing,0,0,30,1,45,0
653.43,21,Electronics,1,0,32,3,30,0
57.41,3,Grocery,0,1,26,1,18,1
196.88,13,Food,0,0,40,4,22,0
32.17,13,Electronics,0,0,60,4,48,0
373.96,9,Food,0,0,72,2,53,0
18.49,11,Travel,0,0,81,2,59,0
26.24,5,Electronics,0,0,41,0,33,0
154.79,12,Clothing,0,0,68,2,61,0
325.55,21,Clothing,0,0,95,4,57,0
395.87,13,Electronics,0,0,76,4,44,0
80.95,15,Travel,0,1,57,3,57,0
25.54,2,Electronics,0,0,27,1,57,0
209.3,15,Clothing,0,0,91,2,44,0
239.2,4,Clothing,0,1,93,4,18,0
175.67,15,Clothing,0,0,49,0,28,0
301.78,14,Food,0,0,56,2,29,0
401.49,13,Clothing,0,0,29,1,26,0
189.14,12,Food,0,0,26,1,35,0
268.4,4,Clothing,0,0,88,2,67,0
72.33,8,Travel,1,0,52,1,69,0
236.11,3,Travel,1,0,49,0,22,0
214.12,2,Clothing,0,0,43,1,59,0
66.65,5,Grocery,0,0,52,3,42,0
135.92,1,Travel,0,1,57,2,59,0
22.41,2,Travel,0,0,78,2,44,0
39.08,4,Electronics,0,0,64,3,67,0
192.79,16,Electronics,0,0,66,2,33,0
279.35,4,Travel,0,0,58,4,34,0
39.8,4,Clothing,0,0,25,1,39,0
502.22,13,Electronics,0,0,76,5,65,0
630.65,13,Food,0,0,65,3,52,0
214.02,13,Travel,1,0,37,2,54,0
597.45,7,Electronics,0,0,54,6,48,0
33.72,1,Clothing,0,0,77,2,69,0
130.87,12,Clothing,1,0,71,0,39,0
27.74,1,Travel,0,0,72,1,41,0
39.32,1,Electronics,0,0,78,3,56,0
39.56,14,Electronics,0,0,85,0,23,0
65.01,16,Grocery,0,0,61,1,61,0
14.86,0,Travel,1,0,61,1,34,0
93.67,23,Clothing,0,0,38,2,59,0
346.28,10,Grocery,0,0,60,2,54,0
309.36,3,Travel,0,0,79,2,36,0
186.59,6,Travel,0,0,98,5,53,0
337.37,1,Clothing,0,0,98,1,58,0
246.12,14,Grocery,0,0,66,4,69,0
1.04,16,Grocery,0,0,29,3,55,0
6.22,6,Electronics,1,0,29,3,35,0
137.24,18,Clothing,0,0,39,0,48,0
215.17,15,Electronics,0,0,72,2,55,0
103.5,18,Clothing,0,0,82,2,59,0
124.84,22,Food,0,0,86,1,55,0
32.86,6,Food,0,0,28,4,52,0
77.69,22,Clothing,0,0,92,2,19,0
62.22,10,Clothing,0,0,61,1,58,0
111.49,11,Electronics,0,0,34,3,57,0
233.0,23,Electronics,0,0,46,0,50,0
86.97,6,Travel,0,0,60,1,34,0
55.59,18,Grocery,0,0,99,2,23,0
608.76,18,Food,1,0,63,4,69,0
77.0,23,Electronics,0,0,69,3,28,0
119.17,12,Grocery,0,0,47,0,42,0
261.33,19,Food,1,0,37,2,58,0
124.87,23,Food,0,0,90,2,25,0
173.09,19,Travel,1,0,80,2,27,0
45.34,1,Travel,1,0,86,3,41,0
70.8,15,Grocery,0,0,68,1,68,0
518.97,18,Clothing,0,0,40,2,40,0
119.67,12,Grocery,0,0,82,3,20,0
70.45,10,Electronics,0,0,57,2,27,0
34.69,13,Grocery,1,0,72,0,55,0
43.24,19,Grocery,0,0,34,1,25,0
281.36,11,Clothing,0,0,84,2,35,0
105.31,8,Grocery,0,0,91,4,27,0
75.36,20,Clothing,0,0,96,2,27,0
460.51,22,Travel,0,0,99,4,54,0
47.0,1,Travel,1,0,86,3,62,0
158.64,1,Food,0,0,87,3,44,0
625.88,9,Travel,0,0,94,3,19,0
292.29,5,Electronics,0,0,44,3,56,0
409.14,21,Electronics,0,0,26,0,52,0
297.85,7,Electronics,0,0,90,2,19,0
131.97,5,Electronics,1,0,41,1,49,0
15.9,21,Food,0,0,73,0,41,0
175.42,1,Travel,0,1,70,2,40,0
14.38,1,Grocery,0,0,50,2,64,0
14.71,22,Electronics,0,0,38,0,61,0
257.41,18,Travel,0,0,32,1,38,0
144.62,21,Travel,1,0,88,1,64,0
91.66,3,Clothing,0,0,78,1,45,0
87.93,19,Food,0,0,39,4,27,0
490.09,18,Clothing,0,0,58,1,64,0
42.59,14,Clothing,0,1,48,2,40,0
45.72,9,Travel,0,0,71,1,28,0
150.58,20,Grocery,0,0,63,4,61,0
357.33,4,Travel,0,0,57,1,39,0
38.43,22,Grocery,0,0,43,3,36,0
33.71,13,Grocery,0,0,47,0,53,0
257.05,13,Grocery,0,0,62,5,30,0
287.74,22,Food,0,0,78,3,58,0
332.32,15,Food,0,0,63,1,66,0
234.6,23,Grocery,0,0,86,1,66,0
1.86,17,Food,0,0,73,2,25,0
66.8,16,Grocery,1,0,41,4,27,0
148.0,0,Travel,0,0,94,2,19,0
595.36,0,Food,0,0,86,0,36,0
99.41,0,Travel,0,0,88,3,66,0
273.17,0,Electronics,0,0,80,4,19,0
225.34,21,Grocery,0,0,51,0,65,0
127.82,20,Electronics,0,0,28,1,66,0
104.23,11,Travel,0,0,61,2,36,0
141.19,21,Food,0,0,42,2,27,0
376.21,21,Grocery,0,0,77,4,30,0
24.46,12,Electronics,0,0,49,1,48,0
305.79,18,Electronics,0,0,78,1,51,0
443.93,23,Grocery,0,0,26,0,54,0
236.23,15,Travel,0,0,45,2,40,0
44.75,0,Electronics,0,0,58,2,56,0
31.57,12,Food,0,1,67,1,48,0
18.36,4,Travel,0,0,99,2,34,0
321.74,11,Food,0,1,65,3,24,0
33.69,5,Electronics,1,0,59,0,31,0
328.85,9,Travel,0,0,82,1,21,0
245.23,14,Clothing,0,0,65,1,19,0
104.61,18,Food,0,0,70,3,49,0
13.31,3,Clothing,0,0,57,4,18,0
6.79,19,Electronics,0,0,32,1,36,0
21.75,23,Clothing,0,0,60,1,29,0
471.2,9,Grocery,0,0,83,2,45,0
272.44,6,Electronics,0,0,68,0,37,0
176.0,13,Food,0,1,98,0,37,0
32.63,6,Clothing,0,0,40,0,67,0
40.89,15,Grocery,0,0,64,1,29,0
33.48,18,Travel,0,0,42,2,52,0
47.2,1,Grocery,0,0,56,2,65,0
164.61,12,Travel,0,0,98,5,20,0
141.56,12,Electronics,0,0,44,3,22,0
138.19,14,Electronics,0,0,77,0,33,0
138.71,12,Travel,1,0,46,1,37,0
67.05,18,Travel,0,0,59,3,20,0
101.8,16,Grocery,1,0,84,3,24,0
166.05,10,Travel,0,0,81,1,48,0
184.31,18,Grocery,1,1,72,0,29,0
51.9,22,Grocery,0,0,54,3,22,0
344.12,3,Grocery,1,0,38,3,29,1
2.13,8,Grocery,0,0,36,1,68,0
25.51,1,Food,0,0,81,0,29,0
109.44,1,Travel,0,0,91,2,62,0
26.48,19,Travel,0,0,64,2,37,0
771.1,21,Clothing,0,0,69,3,57,0
59.54,0,Electronics,0,0,32,3,29,0
16.61,12,Electronics,0,0,91,2,52,0
100.85,16,Travel,0,0,56,1,31,0
2.31,20,Food,0,0,41,2,32,0
61.37,22,Food,0,0,48,4,19,0
621.94,12,Grocery,0,0,87,4,29,0
33.43,16,Grocery,0,0,92,0,39,0
346.98,9,Food,0,0,91,3,24,0
10.77,18,Travel,0,0,48,1,28,0
112.25,9,Electronics,0,0,47,4,54,0
491.26,4,Travel,0,0,41,3,34,0
125.62,13,Electronics,0,0,43,4,32,0
182.09,18,Travel,0,1,86,2,50,0
435.03,9,Electronics,1,0,57,1,65,0
429.92,18,Grocery,1,0,84,4,44,0
341.06,1,Food,0,0,76,3,69,0
140.13,8,Travel,0,0,40,2,26,0
327.76,1,Travel,0,0,39,2,33,0
49.97,11,Travel,0,0,45,1,32,0
78.51,4,Travel,0,0,48,2,29,0
23.29,14,Food,0,1,61,0,54,0
177.32,16,Clothing,0,0,86,3,19,0
113.96,8,Travel,0,0,70,4,22,0
182.62,15,Clothing,1,0,91,0,30,0
98.68,7,Electronics,0,0,50,2,36,0
586.24,23,Travel,0,0,25,2,29,0
27.22,20,Grocery,0,0,73,2,34,0
67.67,0,Food,0,0,71,3,64,0
104.51,6,Grocery,0,0,85,2,61,0
409.67,1,Food,0,1,79,2,57,0
226.68,17,Electronics,0,0,51,2,20,0
56.32,14,Clothing,0,0,83,1,49,0
42.83,8,Clothing,1,0,69,1,45,0
163.52,23,Travel,0,0,63,0,48,0
127.28,3,Clothing,0,0,61,2,40,0
40.14,17,Travel,0,0,84,0,53,0
6.38,23,Food,0,0,52,1,58,0
94.79,5,Grocery,1,0,37,0,58,0
46.78,6,Clothing,0,0,51,4,32,0
4.62,18,Clothing,0,0,82,4,55,0
17.92,21,Food,0,0,93,3,40,0
60.2,1,Electronics,0,0,38,0,23,0
166.82,16,Travel,0,0,85,0,51,0
179.27,2,Clothing,1,0,69,2,69,0
346.84,10,Clothing,0,0,48,3,46,0
443.91,3,Travel,0,0,27,3,67,0
58.08,14,Food,0,0,71,4,60,0
89.28,20,Food,0,0,27,3,44,0
94.72,23,Electronics,0,0,74,3,55,0
290.44,7,Grocery,0,0,54,5,23,0
801.76,11,Food,0,1,58,1,18,0
227.65,6,Food,1,0,97,3,52,0
412.03,0,Travel,0,0,74,1,33,0
87.16,11,Clothing,0,0,62,2,35,0
142.42,6,Food,0,0,35,3,22,0
209.81,3,Food,0,0,34,3,34,0
113.76,2,Grocery,0,0,96,1,57,0
69.33,3,Food,0,0,71,6,24,0
76.33,16,Food,1,0,26,1,31,0
249.98,9,Food,0,0,64,3,44,0
329.71,18,Electronics,0,0,96,1,48,0
596.8,11,Electronics,0,0,25,0,28,0
80.19,18,Electronics,0,0,25,0,60,0
20.41,6,Travel,1,0,94,1,59,0
218.69,10,Food,0,0,31,1,52,0
162.98,4,Travel,0,0,26,2,52,0
77.88,18,Electronics,0,1,61,1,56,0
464.71,5,Grocery,0,0,71,1,33,0
284.83,14,Grocery,0,0,88,1,50,0
207.54,12,Grocery,0,0,62,6,45,0
235.0,16,Food,0,0,85,4,25,0
259.98,1,Grocery,0,0,76,1,32,0
520.28,8,Electronics,0,0,55,2,65,0
208.94,23,Electronics,0,0,25,5,38,0
23.69,5,Travel,0,0,79,1,33,0
212.51,10,Grocery,0,0,56,2,49,0
39.92,16,Clothing,1,0,68,1,55,0
317.24,1,Food,1,0,93,2,28,0
85.57,8,Electronics,0,0,43,2,43,0
79.2,23,Grocery,0,0,65,3,50,0
426.51,23,Electronics,0,0,78,0,31,0
218.84,14,Travel,0,0,92,1,60,0
713.28,17,Grocery,0,0,91,3,65,0
104.2,19,Clothing,0,1,43,0,54,0
57.28,5,Food,0,0,37,1,37,0
2.36,12,Electronics,0,0,47,5,35,0
65.11,12,Clothing,0,0,58,1,29,0
92.64,16,Grocery,0,0,38,0,23,0
103.82,6,Electronics,0,0,89,6,56,0
141.78,8,Electronics,0,0,48,2,30,0
30.13,23,Travel,0,0,99,2,69,0
136.42,7,Electronics,0,0,66,3,42,0
101.28,23,Travel,0,0,48,1,38,0
185.91,13,Electronics,0,0,48,3,30,0
31.73,8,Grocery,0,0,84,1,57,0
191.44,3,Electronics,0,0,59,3,69,0
53.64,3,Clothing,0,0,74,1,19,0
98.59,1,Clothing,0,0,37,2,56,0
4.25,7,Electronics,0,0,78,1,30,0
66.09,2,Grocery,0,0,31,1,68,0
131.37,17,Electronics,0,0,47,0,53,0
5.13,14,Electronics,0,0,37,1,53,0
196.32,19,Electronics,0,0,85,3,42,0
123.92,20,Travel,0,0,52,0,63,0
75.06,1,Food,1,0,34,3,57,1
46.53,18,Food,1,0,61,3,43,0
9.07,17,Food,0,0,72,4,48,0
275.26,11,Clothing,0,0,31,2,40,0
553.96,15,Clothing,0,0,52,2,30,0
622.33,19,Electronics,0,0,39,1,66,0
38.69,13,Grocery,0,0,55,2,19,0
189.56,0,Travel,0,0,79,2,30,0
233.73,16,Travel,0,0,66,2,51,0
105.02,11,Food,0,0,74,1,49,0
78.93,6,Grocery,0,0,41,3,54,0
31.68,5,Travel,0,0,81,1,39,0
76.86,18,Grocery,0,0,92,4,25,0
46.6,14,Grocery,0,0,87,5,28,0
13.8,18,Grocery,1,0,96,5,61,0
146.1,8,Electronics,0,0,49,3,64,0
57.62,3,Electronics,0,0,86,2,67,0
330.26,21,Travel,0,0,41,2,28,0
420.46,10,Travel,0,0,34,3,25,0
327.99,19,Electronics,0,0,82,3,56,0
41.52,7,Grocery,0,0,84,1,26,0
92.52,11,Grocery,0,0,50,6,33,0
89.83,0,Travel,1,0,83,2,36,0
13.08,21,Grocery,0,0,83,3,35,0
400.74,21,Food,1,1,43,1,29,0
37.01,1,Food,0,0,63,2,66,0
74.95,8,Electronics,0,0,45,3,42,0
126.49,6,Electronics,0,0,75,1,19,0
24.43,16,Clothing,0,0,34,1,69,0
37.68,12,Travel,0,0,43,2,41,0
36.79,10,Clothing,0,0,68,2,34,0
138.29,15,Electronics,1,1,86,3,68,0
89.7,9,Grocery,0,0,98,1,36,0
111.17,7,Food,0,0,77,2,66,0
447.48,23,Grocery,0,0,54,1,39,0
25.09,7,Clothing,0,0,67,4,47,0
132.8,5,Clothing,0,0,59,4,61,0
156.43,18,Grocery,0,0,48,1,18,0
119.93,21,Grocery,0,0,96,2,28,0
27.33,19,Electronics,0,0,42,4,28,0
58.59,9,Food,0,0,60,4,18,0
184.21,2,Grocery,0,0,27,3,36,0
193.54,20,Electronics,0,0,28,2,40,0
146.47,16,Travel,0,0,98,0,25,0
590.37,1,Grocery,1,0,37,1,65,1
327.88,15,Clothing,0,0,58,1,67,0
310.14,22,Travel,0,0,66,0,28,0
230.9,6,Clothing,0,0,63,0,28,0
196.87,23,Electronics,0,0,68,1,67,0
221.11,22,Clothing,0,0,41,1,18,0
34.4,5,Electronics,1,0,36,2,69,0
148.55,5,Food,0,0,51,2,41,0
161.88,0,Travel,0,0,54,2,47,0
495.21,11,Electronics,0,0,41,2,47,0
247.02,7,Clothing,0,0,41,0,48,0
60.21,15,Clothing,0,0,26,1,63,0
1.0,18,Travel,0,1,62,2,49,0
80.0,16,Grocery,0,0,96,8,43,0
31.29,23,Grocery,0,0,72,0,59,0
202.38,18,Electronics,0,0,86,3,19,0
86.04,4,Travel,0,1,50,0,24,0
309.15,1,Food,0,0,64,4,60,0
882.69,5,Travel,0,0,43,4,67,0
61.44,5,Clothing,0,0,76,3,32,0
48.99,10,Food,0,0,70,2,60,0
176.45,11,Food,0,0,25,4,39,0
222.47,10,Clothing,0,1,75,2,55,0
361.42,2,Grocery,0,0,28,5,43,1
226.47,0,Clothing,0,0,53,2,41,0
19.9,22,Grocery,0,0,58,3,33,0
168.15,1,Electronics,0,0,97,1,47,0
119.09,11,Grocery,1,0,43,3,65,0
164.33,4,Grocery,0,1,72,3,34,0
193.1,23,Clothing,0,0,85,1,64,0
109.1,8,Electronics,0,0,64,3,50,0
343.27,16,Food,0,0,70,2,23,0
329.64,8,Clothing,0,0,28,1,29,0
46.29,12,Electronics,0,0,94,2,60,0
501.88,4,Grocery,0,0,38,0,29,0
27.28,7,Electronics,0,0,53,0,27,0
3.58,13,Electronics,1,0,64,0,23,0
131.75,12,Clothing,0,0,41,1,28,0
13.39,7,Clothing,0,0,52,1,37,0
328.98,12,Electronics,0,1,61,5,59,0
754.05,20,Food,0,0,67,1,68,0
662.52,18,Electronics,0,0,57,3,40,0
17.44,19,Clothing,0,1,94,0,47,0
189.02,9,Clothing,0,0,75,3,27,0
169.93,9,Grocery,0,0,86,2,56,0
67.36,4,Travel,0,0,77,2,51,0
8.85,22,Electronics,0,0,53,0,32,0
349.55,3,Grocery,0,0,89,3,43,0
123.58,10,Electronics,0,1,26,3,63,0
374.31,21,Grocery,0,0,82,2,49,0
34.27,10,Food,0,0,71,3,48,0
110.69,4,Food,0,0,45,3,35,0
43.54,18,Travel,1,0,53,4,43,0
29.66,10,Clothing,0,0,29,1,44,0
262.88,11,Grocery,0,0,75,5,19,0
92.66,23,Electronics,0,1,62,2,28,0
366.6,9,Electronics,0,0,51,1,27,0
560.0,13,Food,0,0,48,1,52,0
85.74,6,Grocery,0,0,73,1,21,0
149.87,7,Food,0,0,63,3,62,0
347.05,14,Electronics,0,0,83,2,45,0
81.81,18,Food,0,0,31,1,24,0
365.31,14,Grocery,0,0,91,1,22,0
20.78,8,Grocery,0,0,41,1,29,0
511.56,5,Electronics,0,0,50,2,41,0
170.11,8,Food,0,0,60,1,51,0
23.52,19,Grocery,0,1,84,2,52,0
86.62,18,Grocery,0,0,81,1,54,0
544.36,20,Food,0,1,39,2,60,0
1.6,7,Electronics,0,0,77,2,26,0
435.09,0,Grocery,1,0,54,3,69,0
68.77,5,Electronics,1,0,29,1,52,0
15.03,17,Grocery,1,0,31,3,44,0
11.7,9,Travel,0,0,84,2,58,0
259.61,8,Grocery,0,0,40,5,64,0
491.44,11,Clothing,0,0,73,4,28,0
1.69,5,Food,0,0,87,2,68,0
472.96,13,Clothing,0,0,35,3,31,0
138.13,19,Food,0,0,66,3,29,0
165.19,9,Food,0,0,28,5,46,0
120.44,5,Electronics,0,0,99,2,25,0
521.2,8,Travel,0,0,80,3,50,0
41.75,3,Electronics,0,0,91,1,30,0
3.33,17,Food,0,0,36,6,65,0
20.31,7,Grocery,0,0,79,2,49,0
144.73,20,Food,0,0,74,0,51,0
71.62,17,Grocery,0,0,96,1,57,0
8.26,19,Travel,0,0,95,0,52,0
148.67,7,Clothing,1,0,41,3,27,0
853.09,4,Grocery,0,0,53,1,38,0
460.68,17,Clothing,0,0,38,4,68,0
67.28,16,Clothing,0,0,42,3,48,0
16.9,21,Grocery,0,0,60,1,42,0
5.57,5,Grocery,0,0,75,2,29,0
273.63,22,Electronics,0,0,51,0,44,0
154.3,0,Travel,0,0,71,2,24,0
281.14,18,Food,1,0,74,2,49,0
66.63,6,Food,0,0,85,5,40,0
196.96,18,Travel,0,0,87,0,18,0
72.74,16,Clothing,0,0,48,2,23,0
48.08,11,Electronics,1,0,57,0,60,0
61.99,18,Grocery,0,1,48,6,47,0
175.73,15,Travel,0,1,42,0,33,0
155.58,11,Food,0,0,85,2,38,0
158.36,6,Grocery,0,0,34,2,63,0
305.29,15,Food,0,0,42,2,29,0
244.98,0,Travel,1,0,28,3,28,1
0.36,9,Grocery,0,0,31,2,60,0
82.22,20,Food,0,0,61,1,32,0
323.42,8,Food,0,0,98,0,49,0
116.72,6,Electronics,0,0,69,5,38,0
112.28,11,Electronics,0,0,93,5,38,0
307.05,21,Grocery,0,0,36,1,22,0
226.88,19,Grocery,0,1,77,2,60,0
82.5,3,Travel,0,0,46,1,22,0
606.6,0,Clothing,0,0,34,0,49,0
145.48,10,Grocery,0,0,68,2,31,0
467.62,2,Electronics,0,0,27,2,55,0
610.11,11,Clothing,0,0,30,3,20,0
61.54,0,Travel,0,0,91,7,31,0
347.72,15,Travel,0,0,60,3,61,0
74.45,12,Grocery,0,0,64,1,41,0
27.79,14,Electronics,0,1,40,2,21,0
179.66,14,Electronics,0,0,27,6,69,0
163.18,17,Clothing,0,0,27,0,68,0
34.43,21,Clothing,0,0,33,1,27,0
46.09,20,Travel,0,0,32,7,27,0
82.23,7,Travel,0,0,38,0,61,0
9.68,9,Electronics,0,0,82,3,42,0
107.01,0,Electronics,0,0,42,2,47,0
515.89,22,Travel,0,1,52,1,60,0
115.37,3,Clothing,0,0,36,2,48,0
112.37,15,Electronics,0,0,50,4,21,0
235.36,23,Food,0,0,35,0,21,0
447.22,18,Food,0,0,33,2,25,0
707.51,17,Clothing,1,0,93,4,56,0
134.53,17,Clothing,0,0,43,3,68,0
149.66,4,Grocery,0,0,32,1,19,0
85.97,11,Food,0,0,77,1,49,0
253.12,15,Clothing,0,0,61,2,24,0
8.66,5,Electronics,0,0,95,1,19,0
207.19,21,Electronics,0,0,98,1,50,0
91.75,12,Electronics,0,0,46,0,47,0
28.65,13,Food,0,0,30,0,22,0
115.03,20,Travel,0,0,83,1,26,0
210.17,5,Electronics,1,0,36,2,40,0
68.7,20,Travel,0,0,88,0,33,0
179.6,0,Clothing,1,0,69,3,43,0
975.44,6,Clothing,0,0,89,1,48,0
263.29,11,Food,0,0,56,2,37,0
17.7,19,Clothing,0,0,91,3,35,0
248.37,20,Travel,0,1,44,2,57,0
203.49,17,Grocery,0,0,28,3,19,0
275.56,14,Clothing,0,0,30,6,32,0
124.91,3,Grocery,0,0,39,2,69,0
75.66,3,Travel,0,0,75,3,46,0
194.18,0,Electronics,0,0,61,3,35,0
473.81,21,Travel,1,0,83,2,30,0
157.45,1,Grocery,0,0,85,2,38,0
318.99,21,Electronics,0,0,47,1,68,0
27.32,15,Food,0,0,81,0,50,0
50.98,0,Food,0,0,62,0,22,0
540.24,8,Clothing,0,0,36,3,46,0
94.58,16,Grocery,0,1,85,1,26,0
189.6,9,Electronics,0,0,81,2,22,0
195.73,14,Electronics,0,0,43,3,64,0
250.09,17,Grocery,0,0,40,3,43,0
39.96,12,Grocery,0,0,95,3,28,0
67.93,6,Electronics,0,0,45,1,67,0
30.06,15,Clothing,0,0,70,1,56,0
251.98,22,Travel,0,0,75,5,61,0
501.5,14,Grocery,1,0,58,2,52,0
148.72,1,Travel,0,0,43,1,31,0
27.73,10,Clothing,0,0,27,2,32,0
180.63,6,Clothing,0,0,60,3,41,0
140.9,5,Electronics,0,0,86,1,43,0
50.5,23,Food,0,0,70,2,36,0
53.43,1,Food,0,0,87,2,67,0
2.34,13,Food,0,0,54,0,52,0
590.24,1,Clothing,0,0,96,2,50,0
0.47,5,Food,0,0,27,1,53,0
72.33,21,Travel,1,0,77,1,21,0
177.42,17,Electronics,0,0,75,1,31,0
65.07,15,Travel,1,1,46,1,66,0
135.77,15,Food,0,0,90,3,65,0
365.59,7,Food,0,0,59,0,24,0
90.5,0,Grocery,1,0,82,3,26,0
282.8,16,Food,0,0,84,2,31,0
119.44,21,Travel,0,0,63,3,60,0
160.82,10,Electronics,0,0,78,3,23,0
383.6,12,Travel,0,0,40,5,50,0
12.5,15,Grocery,0,0,75,3,37,0
10.64,7,Clothing,0,0,65,3,41,0
179.86,15,Travel,0,0,44,4,49,0
526.91,14,Electronics,0,0,30,1,21,0
80.37,9,Travel,0,0,68,3,29,0
100.41,19,Electronics,0,0,25,2,68,0
107.64,13,Travel,0,0,84,3,68,0
528.41,11,Food,1,0,48,5,32,0
65.28,4,Grocery,0,0,33,1,19,0
15.32,4,Electronics,1,0,32,2,27,0
61.81,13,Grocery,0,0,89,1,52,0
237.94,11,Food,0,1,47,0,21,0
368.17,3,Clothing,0,0,79,4,20,0
476.47,10,Electronics,1,0,66,4,68,0
1152.99,20,Food,0,1,50,4,53,0
3.08,0,Travel,0,1,67,3,49,0
71.51,10,Clothing,0,0,49,3,54,0
99.09,6,Electronics,0,0,37,5,39,0
229.13,11,Electronics,0,0,60,3,54,0
213.71,3,Travel,0,0,57,3,39,0
972.01,4,Electronics,0,0,62,1,54,0
139.89,7,Travel,0,0,77,1,59,0
149.39,10,Clothing,0,0,89,3,48,0
116.67,19,Electronics,0,1,49,3,51,0
32.72,17,Food,0,0,69,2,47,0
8.24,10,Electronics,1,0,91,1,43,0
293.68,8,Clothing,1,0,98,4,45,0
388.07,0,Clothing,0,0,36,1,18,0
400.4,16,Grocery,0,0,64,1,36,0
115.75,7,Food,0,0,92,1,32,0
89.89,0,Food,0,1,26,1,44,1
123.41,18,Clothing,1,0,87,3,49,0
122.91,9,Clothing,0,0,55,2,33,0
84.39,12,Clothing,0,0,61,3,49,0
22.25,7,Grocery,0,0,99,2,27,0
32.66,4,Travel,0,0,61,4,50,0
181.96,4,Clothing,0,0,84,0,65,0
218.2,16,Food,1,0,85,2,18,0
182.95,12,Food,0,0,63,1,38,0
33.49,22,Travel,0,0,95,1,26,0
254.99,5,Clothing,0,0,52,0,41,0
188.3,4,Food,0,0,49,4,46,0
485.89,18,Grocery,0,0,61,1,31,0
851.3,23,Electronics,0,0,61,0,44,0
56.51,3,Grocery,0,0,53,3,58,0
4.08,9,Travel,0,0,62,1,23,0
16.12,7,Electronics,0,0,62,2,62,0
277.69,19,Food,0,0,63,1,31,0
50.99,10,Electronics,0,0,31,1,22,0
737.06,0,Food,0,1,65,5,51,1
296.89,23,Electronics,0,0,36,1,30,0
103.42,17,Travel,0,0,92,3,67,0
36.13,2,Clothing,0,0,27,3,19,0
97.55,13,Electronics,0,0,90,2,20,0
104.58,12,Grocery,0,0,51,1,36,0
185.86,8,Food,0,0,86,0,47,0
144.42,5,Clothing,0,0,76,3,51,0
59.12,7,Travel,0,0,72,3,24,0
66.95,10,Grocery,0,0,69,1,25,0
156.48,8,Clothing,0,0,26,3,27,0
137.04,20,Electronics,0,0,33,0,52,0
479.82,7,Clothing,0,0,58,1,68,0
95.18,16,Food,0,0,76,1,64,0
125.73,16,Grocery,0,0,65,1,48,0
292.02,17,Clothing,0,0,73,0,54,0
95.34,20,Electronics,0,0,47,1,23,0
43.03,1,Travel,0,0,87,2,40,0
48.6,13,Grocery,0,0,95,1,62,0
34.77,23,Grocery,1,0,59,0,39,0
231.36,15,Clothing,0,0,65,1,58,0
182.0,10,Travel,0,0,58,6,41,0
131.52,16,Clothing,0,1,82,3,53,0
99.98,21,Electronics,0,0,75,1,48,0
82.58,7,Clothing,0,0,63,0,42,0
514.8,13,Grocery,1,0,31,0,48,0
18.11,19,Food,0,0,97,1,69,0
106.55,14,Food,0,0,60,4,58,0
64.05,6,Travel,0,0,52,0,52,0
53.74,18,Food,0,0,60,3,23,0
17.01,10,Electronics,0,1,58,5,40,0
11.06,14,Travel,0,0,46,2,37,0
60.69,6,Travel,0,0,30,0,61,0
75.32,14,Food,1,0,44,3,27,0
201.43,15,Food,0,0,95,0,37,0
23.53,17,Electronics,1,0,39,3,21,0
143.37,8,Clothing,1,0,49,0,18,0
85.41,21,Clothing,0,1,64,1,39,0
134.14,17,Food,0,0,66,1,43,0
54.09,7,Travel,0,0,63,1,57,0
50.91,20,Grocery,0,0,88,2,61,0
168.46,4,Travel,0,0,51,0,44,0
80.24,9,Travel,0,0,37,2,53,0
976.88,0,Clothing,0,0,60,2,20,0
86.17,11,Electronics,0,0,25,2,67,0
171.95,7,Travel,0,0,79,2,18,0
300.78,7,Food,0,1,89,4,39,0
136.35,19,Grocery,0,0,56,2,24,0
121.56,15,Electronics,0,0,36,0,32,0
670.4,14,Grocery,0,0,35,2,27,0
43.41,1,Clothing,0,0,46,2,43,0
157.09,2,Food,0,0,35,3,41,0
27.17,12,Grocery,0,0,63,1,21,0
154.74,0,Travel,0,0,28,2,32,0
302.49,17,Electronics,0,0,71,1,60,0
95.95,0,Electronics,0,1,87,2,44,0
121.87,19,Travel,1,0,72,1,64,0
336.28,2,Grocery,0,0,61,0,26,0
668.45,9,Electronics,0,1,91,2,48,0
131.76,5,Travel,1,0,46,2,69,0
13.24,22,Clothing,1,0,83,2,64,0
69.47,17,Clothing,0,0,69,3,68,0
144.5,6,Grocery,1,0,94,1,43,0
78.19,19,Food,0,0,69,0,37,0
496.41,6,Clothing,0,0,26,0,31,0
98.81,19,Electronics,0,0,77,0,63,0
431.45,0,Travel,0,0,51,3,56,0
52.23,11,Clothing,0,0,97,3,31,0
60.45,4,Grocery,0,0,89,4,59,0
108.86,20,Travel,0,0,87,9,25,0
335.19,2,Clothing,0,0,49,4,48,0
345.89,4,Travel,0,0,70,2,56,0
122.13,1,Travel,0,1,28,1,35,1
188.65,20,Travel,0,1,90,1,58,0
6.04,23,Clothing,0,0,67,1,40,0
197.0,3,Clothing,0,0,62,2,38,0
15.93,3,Grocery,0,0,55,3,49,0
15.51,18,Food,0,0,35,4,47,0
192.17,12,Travel,0,0,95,2,30,0
61.44,16,Food,0,0,56,1,46,0
22.51,21,Food,0,0,32,2,27,0
161.52,12,Food,0,0,57,2,23,0
201.77,0,Travel,1,1,43,1,49,1
11.91,5,Clothing,0,0,89,2,33,0
188.5,22,Travel,0,0,58,1,28,0
141.99,11,Electronics,0,1,92,3,26,0
179.64,15,Electronics,0,0,26,3,38,0
126.26,11,Travel,0,0,44,2,24,0
103.11,11,Grocery,0,1,88,4,39,0
31.54,11,Travel,0,0,25,1,31,0
149.77,7,Grocery,0,0,70,3,19,0
469.8,9,Food,0,0,52,3,31,0
35.07,20,Electronics,1,0,69,1,23,0
254.85,16,Clothing,0,0,94,2,36,0
72.62,13,Electronics,0,0,63,3,28,0
152.93,0,Food,0,1,77,2,54,0
162.86,22,Electronics,0,0,70,2,24,0
115.23,9,Clothing,0,0,58,4,39,0
58.72,18,Travel,0,0,73,1,26,0
2.57,1,Clothing,0,0,62,2,64,0
135.77,0,Clothing,0,0,70,1,27,0
357.53,5,Electronics,0,0,59,3,34,0
376.7,18,Clothing,0,0,48,2,51,0
92.0,10,Clothing,1,0,81,2,27,0
145.28,11,Food,0,0,65,0,65,0
81.63,14,Grocery,0,0,89,2,44,0
126.83,14,Grocery,0,0,29,2,32,0
87.83,19,Clothing,0,0,80,5,31,0
661.78,19,Electronics,0,0,91,3,32,0
495.59,2,Travel,0,0,60,2,57,0
10.13,19,Travel,1,1,50,1,27,0
125.9,0,Clothing,1,0,45,5,55,1
284.71,15,Travel,0,0,42,3,50,0
411.96,23,Food,0,0,75,1,44,0
68.4,0,Grocery,0,0,45,2,35,0
36.94,22,Food,1,0,56,3,40,0
124.18,19,Clothing,1,0,80,0,22,0
65.86,18,Grocery,0,0,77,1,23,0
59.45,17,Electronics,0,0,56,2,53,0
501.04,13,Food,0,0,70,0,19,0
741.11,14,Electronics,0,0,76,1,49,0
78.39,19,Travel,0,0,83,2,38,0
85.02,18,Clothing,0,0,74,3,46,0
91.29,9,Grocery,0,0,35,2,18,0
54.61,4,Travel,0,0,96,2,38,0
43.5,4,Clothing,0,0,75,1,61,0
407.56,1,Grocery,1,0,36,2,34,1
60.44,9,Grocery,1,0,55,2,24,0
136.64,14,Grocery,1,0,65,3,58,0
469.13,6,Clothing,0,0,92,2,57,0
100.27,23,Clothing,0,0,80,5,69,0
466.85,21,Food,0,0,52,3,56,0
139.46,16,Electronics,0,0,68,2,67,0
242.69,19,Electronics,0,0,87,0,21,0
256.43,8,Grocery,0,1,48,2,18,0
247.76,17,Clothing,0,1,68,4,22,0
157.6,16,Food,0,0,28,0,49,0
225.07,18,Electronics,0,0,80,2,19,0
126.77,8,Electronics,1,0,79,3,59,0
218.21,14,Travel,0,1,26,0,31,0
68.44,1,Travel,0,0,33,2,68,0
4.84,5,Food,0,0,59,2,61,0
581.06,5,Food,0,0,31,1,26,0
86.33,12,Clothing,0,0,60,2,22,0
255.27,20,Food,0,0,61,3,40,0
88.01,1,Electronics,0,1,68,0,20,0
34.99,0,Food,0,0,43,1,50,0
95.59,10,Grocery,0,0,38,3,66,0
110.32,17,Clothing,0,0,45,2,37,0
51.61,12,Food,0,0,92,4,52,0
589.45,21,Travel,0,0,92,1,24,0
106.31,14,Grocery,0,0,64,2,32,0
44.77,5,Electronics,0,0,79,2,55,0
170.49,17,Travel,0,0,78,1,50,0
52.42,4,Grocery,0,0,78,3,20,0
4.45,16,Grocery,0,0,25,3,47,0
477.89,18,Electronics,0,0,48,3,22,0
60.67,18,Travel,0,0,68,4,69,0
44.84,17,Grocery,0,0,33,4,43,0
417.43,3,Food,0,0,31,5,35,1
266.37,5,Travel,0,0,66,1,38,0
71.08,23,Grocery,0,0,32,4,27,0
267.69,3,Grocery,0,0,34,2,28,0
221.55,14,Grocery,0,0,61,0,66,0
767.52,4,Clothing,1,1,80,4,62,0
226.98,1,Travel,0,0,42,4,37,0
183.53,19,Electronics,0,1,44,2,49,0
152.89,4,Travel,0,0,77,2,60,0
123.74,15,Clothing,0,0,87,2,26,0
149.08,22,Travel,0,0,98,2,40,0
3.94,1,Travel,0,0,85,0,44,0
335.63,17,Food,0,0,54,2,38,0
119.28,1,Grocery,0,0,77,1,18,0
239.53,17,Grocery,0,0,44,0,51,0
161.33,19,Grocery,0,0,85,4,56,0
264.33,18,Clothing,0,0,48,1,52,0
130.73,20,Travel,0,0,76,1,38,0
144.41,6,Food,0,0,39,2,41,0
254.87,22,Grocery,0,0,95,3,32,0
214.03,2,Electronics,0,0,73,3,22,0
274.19,1,Clothing,0,0,62,0,53,0
188.27,10,Electronics,0,0,73,3,30,0
585.89,9,Travel,0,0,74,3,62,0
70.35,15,Food,0,0,32,1,69,0
60.0,2,Grocery,1,0,25,2,45,1
535.37,1,Electronics,0,0,94,0,40,0
176.86,12,Clothing,0,0,34,2,35,0
190.88,0,Clothing,0,0,63,1,25,0
745.58,3,Electronics,0,0,94,3,39,0
135.07,20,Electronics,1,0,72,0,52,0
7.22,17,Clothing,0,0,73,0,23,0
14.01,19,Grocery,0,0,93,2,69,0
550.85,22,Travel,0,0,86,0,19,0
126.48,9,Clothing,0,0,30,5,68,0
101.49,19,Grocery,0,0,82,1,29,0
417.99,11,Electronics,0,0,27,1,22,0
265.43,6,Travel,0,0,38,2,22,0
2.77,22,Food,0,0,98,4,20,0
252.62,21,Travel,0,0,45,0,51,0
410.08,20,Food,0,0,89,2,37,0
46.87,8,Food,0,0,90,2,54,0
203.72,3,Food,0,0,42,1,29,0
276.69,5,Clothing,0,1,40,1,21,0
7.51,4,Grocery,0,0,28,1,31,0
10.25,17,Electronics,0,1,90,1,28,0
17.85,0,Clothing,1,0,30,3,40,1
149.67,16,Food,0,0,42,2,35,0
104.32,0,Food,0,0,55,1,28,0
213.93,8,Clothing,0,0,77,0,53,0
31.95,16,Grocery,0,0,37,3,47,0
2.11,17,Food,0,0,92,2,53,0
185.04,17,Grocery,0,0,46,4,59,0
51.26,18,Clothing,0,0,57,1,42,0
8.27,3,Clothing,0,0,81,4,24,0
190.39,19,Food,0,0,41,2,62,0
2.19,19,Travel,0,1,86,2,33,0
68.35,10,Electronics,1,0,83,1,28,0
150.2,14,Grocery,0,1,73,4,47,0
21.1,3,Travel,0,1,28,2,37,1
194.9,10,Clothing,0,0,62,1,21,0
103.56,20,Food,0,0,96,2,25,0
27.34,6,Food,0,0,70,2,35,0
213.12,13,Electronics,0,0,95,3,55,0
84.29,15,Grocery,0,1,29,1,52,0
121.01,19,Clothing,1,0,39,3,22,0
143.58,8,Grocery,0,0,34,2,36,0
13.52,21,Grocery,0,0,26,7,34,0
238.11,18,Travel,0,0,38,2,63,0
306.5,7,Grocery,0,0,57,0,67,0
94.29,12,Clothing,0,0,87,3,44,0
684.67,2,Clothing,0,0,38,1,20,0
105.24,5,Electronics,0,0,81,1,65,0
203.66,21,Clothing,0,0,84,2,29,0
398.91,1,Grocery,0,0,55,2,36,0
51.84,18,Electronics,0,0,99,1,53,0
6.35,10,Clothing,0,0,96,8,40,0
439.12,11,Travel,0,0,39,5,21,0
170.17,3,Electronics,0,0,40,5,57,0
52.26,9,Food,1,0,64,2,41,0
15.33,17,Electronics,1,0,98,2,41,0
74.47,22,Clothing,0,0,62,0,34,0
250.38,21,Electronics,0,0,41,1,63,0
93.55,5,Food,0,0,32,3,31,0
214.27,18,Electronics,0,0,91,0,22,0
1060.52,17,Grocery,0,0,35,2,34,0
715.09,0,Clothing,0,0,55,2,55,0
200.91,21,Grocery,0,0,53,3,62,0
111.41,22,Travel,0,0,48,4,29,0
17.5,8,Electronics,0,0,44,2,38,0
151.07,20,Food,0,0,99,2,20,0
52.45,4,Travel,0,0,96,3,32,0
266.33,9,Travel,0,0,38,2,45,0
141.26,17,Travel,0,0,85,0,33,0
108.37,4,Electronics,0,0,41,2,43,0
1370.04,7,Grocery,0,0,54,3,30,0
517.0,0,Electronics,0,0,96,4,52,0
34.04,11,Clothing,0,0,36,0,42,0
2.61,19,Electronics,1,0,47,5,59,0
104.41,17,Travel,0,0,46,1,61,0
333.44,13,Clothing,0,0,93,0,31,0
19.16,6,Travel,1,0,78,0,21,0
343.39,21,Grocery,0,0,92,2,37,0
2.93,13,Clothing,1,0,93,4,60,0
34.49,14,Electronics,0,0,94,2,67,0
229.53,21,Travel,0,0,39,5,26,0
354.08,9,Clothing,0,0,74,1,59,0
558.44,17,Food,0,0,95,2,49,0
1.47,1,Clothing,0,0,68,4,52,0
282.26,17,Travel,0,0,62,3,32,0
59.82,4,Food,0,0,41,1,40,0
170.18,0,Grocery,0,0,63,4,57,0
29.59,13,Travel,0,0,84,1,20,0
154.82,23,Grocery,0,0,49,0,21,0
7.41,4,Grocery,0,0,76,4,19,0
178.01,15,Food,0,0,94,1,37,0
80.47,3,Food,0,0,62,3,57,0
48.06,4,Electronics,0,1,43,2,63,0
796.32,1,Electronics,0,0,90,2,60,0
17.88,23,Travel,0,1,48,2,20,0
71.77,1,Clothing,1,0,46,0,45,0
26.87,0,Grocery,0,1,32,0,21,1
23.14,20,Clothing,1,0,44,4,38,0
10.44,3,Food,0,0,44,1,49,0
200.49,7,Grocery,0,0,62,2,62,0
54.52,21,Grocery,0,0,44,4,19,0
34.73,1,Travel,0,0,93,4,50,0
606.75,0,Food,0,0,68,2,47,0
4.69,7,Travel,0,0,60,2,63,0
108.15,15,Food,0,0,88,1,42,0
53.75,3,Grocery,0,0,29,2,62,0
0.13,13,Grocery,0,0,96,2,18,0
54.86,1,Food,1,0,44,1,69,0
8.08,14,Electronics,1,0,82,2,46,0
68.18,7,Travel,0,0,43,1,56,0
130.82,16,Electronics,0,0,94,1,46,0
238.61,2,Electronics,0,0,46,4,40,0
42.6,13,Travel,0,0,51,1,46,0
8.49,18,Grocery,0,0,93,0,69,0
237.91,23,Food,0,0,70,1,28,0
4.94,23,Electronics,0,0,54,2,56,0
342.22,20,Food,0,0,54,2,36,0
162.85,9,Clothing,1,0,47,4,43,0
63.73,15,Clothing,0,0,66,3,44,0
176.52,10,Electronics,0,0,39,1,33,0
156.83,14,Food,0,0,78,2,29,0
42.4,22,Grocery,0,0,34,0,36,0
19.0,18,Grocery,0,0,38,5,45,0
210.28,21,Food,0,0,30,1,34,0
135.83,0,Travel,0,0,95,4,28,0
92.24,1,Food,1,0,39,0,32,1
118.04,15,Food,0,0,35,7,29,0
159.07,8,Clothing,0,0,36,2,38,0
95.32,12,Clothing,0,0,36,4,37,0
110.22,17,Electronics,0,0,69,0,55,0
33.69,17,Food,0,0,78,2,43,0
83.94,9,Grocery,0,0,90,0,64,0
319.93,9,Electronics,1,0,90,2,27,0
46.45,1,Electronics,0,0,82,3,31,0
122.09,11,Grocery,0,1,75,2,54,0
195.37,22,Food,0,0,66,3,52,0
110.33,17,Travel,0,0,71,2,19,0
114.84,21,Travel,0,0,55,1,28,0
2.25,8,Electronics,0,0,83,1,25,0
47.04,5,Clothing,0,1,32,0,61,0
261.26,8,Food,0,1,34,3,64,0
114.93,23,Travel,0,0,94,0,29,0
30.82,2,Grocery,1,0,62,0,59,0
931.07,19,Clothing,0,0,81,2,54,0
119.94,16,Electronics,0,1,86,3,38,0
61.05,7,Electronics,0,0,45,2,41,0
85.28,19,Clothing,0,0,30,1,47,0
150.16,3,Electronics,0,0,61,2,60,0
650.22,19,Electronics,0,1,46,1,69,0
153.41,14,Electronics,0,0,79,2,68,0
382.28,2,Grocery,0,0,45,3,33,0
340.01,15,Electronics,0,0,51,3,41,0
13.04,14,Electronics,0,0,77,3,36,0
3.19,1,Grocery,1,0,45,2,51,0
82.41,12,Travel,0,0,93,3,62,0
32.9,11,Food,0,0,91,2,46,0
93.87,7,Electronics,0,0,56,0,69,0
240.65,13,Clothing,0,0,91,2,57,0
180.08,8,Electronics,0,0,86,0,54,0
60.18,14,Electronics,0,1,28,1,57,0
203.87,10,Grocery,0,0,43,3,29,0
61.96,7,Electronics,0,0,73,2,68,0
456.6,23,Travel,0,0,72,2,28,0
153.24,15,Food,0,0,32,2,27,0
261.71,1,Electronics,0,0,30,3,57,0
2.95,9,Food,0,0,91,4,25,0
86.96,6,Grocery,0,0,78,0,62,0
152.17,10,Clothing,1,0,29,3,67,0
212.45,0,Clothing,0,0,37,4,51,0
31.74,1,Electronics,0,0,67,3,43,0
118.41,13,Food,0,0,44,2,51,0
204.89,10,Travel,0,0,64,1,65,0
1.33,16,Food,0,0,49,2,47,0
219.78,9,Food,0,0,98,3,65,0
140.52,23,Travel,1,0,54,0,36,0
195.1,6,Food,0,0,25,1,34,0
67.83,4,Clothing,0,0,79,3,49,0
786.42,6,Travel,1,0,92,2,37,0
184.47,8,Travel,0,0,71,3,19,0
123.0,12,Electronics,0,0,48,1,54,0
157.44,22,Food,0,0,63,3,45,0
109.47,1,Grocery,0,0,51,0,42,0
40.2,8,Food,0,0,71,2,58,0
38.5,1,Clothing,0,0,79,1,21,0
74.03,14,Food,0,0,54,1,69,0
7.21,11,Clothing,0,0,31,1,59,0
99.48,6,Food,0,0,76,1,34,0
429.85,21,Grocery,0,0,47,1,59,0
522.13,10,Clothing,0,0,77,1,53,0
382.63,13,Food,0,0,98,0,59,0
265.52,1,Electronics,0,1,93,1,58,0
414.94,20,Electronics,1,0,55,2,64,0
43.83,13,Clothing,0,0,92,1,24,0
611.81,18,Travel,0,0,70,2,44,0
358.24,4,Electronics,0,0,99,1,37,0
25.79,22,Grocery,0,0,32,4,35,0
56.59,15,Travel,0,0,25,3,24,0
395.27,10,Clothing,0,0,36,3,65,0
262.35,15,Grocery,0,0,44,0,55,0
51.4,5,Clothing,1,0,71,3,25,0
28.33,22,Food,0,0,51,2,20,0
292.09,7,Food,0,0,46,2,40,0
100.5,14,Electronics,0,1,41,2,68,0
37.95,1,Grocery,0,0,84,1,20,0
312.45,17,Grocery,0,1,29,2,48,0
13.94,17,Grocery,1,0,52,1,24,0
270.06,5,Food,0,0,45,3,60,0
101.06,22,Clothing,0,1,89,6,33,0
70.84,2,Clothing,0,0,61,4,18,0
98.49,6,Grocery,0,0,88,3,48,0
321.92,22,Travel,1,0,79,2,53,0
73.2,1,Grocery,0,0,64,2,38,0
21.63,22,Food,0,0,48,4,69,0
682.47,14,Grocery,0,0,50,3,54,0
405.83,13,Grocery,0,0,53,3,49,0
104.06,9,Travel,0,0,79,2,52,0
139.14,13,Clothing,0,0,67,1,28,0
763.3,13,Clothing,0,1,42,2,19,0
77.51,23,Travel,0,0,52,1,19,0
407.08,19,Food,0,0,88,1,38,0
203.59,6,Clothing,0,0,98,6,68,0
49.36,23,Electronics,0,0,80,1,44,0
97.36,5,Food,0,1,58,0,56,0
49.89,1,Food,0,0,90,0,48,0
39.99,19,Clothing,0,0,98,1,34,0
315.25,13,Electronics,0,0,57,1,69,0
69.15,17,Food,0,0,49,2,31,0
80.67,18,Electronics,0,0,80,3,50,0
87.96,3,Travel,0,0,82,1,31,0
515.71,0,Food,0,0,28,3,43,0
296.18,16,Clothing,0,0,53,2,55,0
124.37,7,Electronics,0,0,30,3,55,0
433.29,10,Clothing,1,0,60,3,33,0
270.81,15,Clothing,0,0,51,1,26,0
138.25,16,Clothing,0,0,26,3,42,0
69.35,15,Grocery,0,0,72,1,55,0
38.35,1,Clothing,0,0,67,2,18,0
45.08,11,Grocery,0,0,40,4,44,0
60.58,14,Food,0,0,28,3,50,0
107.69,10,Clothing,0,0,76,3,36,0
39.03,19,Grocery,0,1,51,3,30,0
182.81,12,Food,0,0,78,1,30,0
61.96,8,Travel,0,0,76,3,31,0
78.02,12,Food,0,0,34,3,67,0
1.79,9,Grocery,0,1,34,2,38,0
129.17,12,Food,0,0,61,3,37,0
49.1,15,Grocery,0,0,70,2,36,0
74.9,2,Electronics,0,0,96,2,29,0
83.53,5,Food,0,0,99,2,62,0
570.33,4,Electronics,0,0,26,1,68,0
144.86,4,Electronics,0,0,60,3,19,0
215.9,15,Travel,0,0,73,1,47,0
104.42,8,Electronics,0,0,99,1,31,0
37.17,2,Food,1,0,44,4,20,0
408.74,1,Grocery,0,0,98,0,22,0
188.29,5,Clothing,1,0,61,1,18,0
125.44,0,Food,0,0,61,1,48,0
2.48,8,Grocery,0,0,80,1,50,0
1112.79,1,Grocery,0,0,80,1,37,0
574.39,5,Grocery,0,0,44,2,64,0
59.5,10,Travel,0,0,54,2,34,0
187.61,0,Travel,0,0,42,3,29,0
64.67,0,Food,0,0,64,0,65,0
561.91,8,Grocery,0,0,43,1,69,0
357.06,1,Grocery,0,1,54,3,40,0
22.59,0,Grocery,0,0,42,2,24,0
57.18,9,Clothing,0,1,88,3,65,0
321.47,8,Travel,0,0,81,2,23,0
229.37,6,Clothing,0,1,53,2,66,0
36.94,20,Travel,0,1,97,2,44,0
139.15,14,Electronics,0,0,69,1,50,0
397.34,13,Grocery,0,1,82,1,45,0
86.23,15,Electronics,0,0,38,1,29,0
472.98,23,Electronics,1,1,99,0,68,0
13.58,14,Electronics,0,0,73,3,51,0
139.52,14,Grocery,0,0,61,0,43,0
150.42,4,Electronics,0,0,25,1,39,0
22.65,4,Food,0,0,52,0,30,0
353.17,14,Travel,0,0,64,2,27,0
37.63,5,Travel,0,0,87,3,57,0
295.2,6,Electronics,0,0,45,0,22,0
75.3,17,Travel,0,0,42,2,29,0
276.83,21,Travel,1,0,77,3,30,0
431.1,3,Clothing,0,1,28,3,44,1
12.87,11,Grocery,0,0,91,3,62,0
76.39,14,Travel,0,0,57,1,55,0
193.92,16,Food,0,0,85,2,50,0
52.55,6,Clothing,0,0,34,1,25,0
12.53,6,Travel,0,0,61,1,34,0
233.09,20,Grocery,0,0,46,1,29,0
44.98,5,Clothing,0,0,97,2,29,0
239.69,5,Food,0,0,63,3,24,0
145.34,22,Clothing,0,0,84,2,19,0
47.22,12,Food,0,0,76,0,28,0
84.06,9,Food,0,1,26,4,50,0
13.63,3,Food,0,0,80,1,61,0
294.34,7,Food,0,0,32,0,37,0
61.38,4,Travel,0,0,25,1,20,0
39.94,22,Electronics,1,0,49,0,32,0
51.53,7,Travel,1,0,37,1,60,0
92.45,4,Travel,0,0,92,2,34,0
311.16,0,Food,1,0,28,0,38,1
156.47,16,Travel,0,0,82,1,54,0
56.19,8,Electronics,0,0,67,0,65,0
136.62,1,Clothing,0,0,51,2,46,0
91.65,17,Clothing,0,0,30,3,40,0
228.74,20,Electronics,0,0,75,2,49,0
263.81,1,Travel,0,0,92,2,43,0
57.98,14,Food,0,0,39,3,60,0
178.34,4,Clothing,0,0,91,3,64,0
116.21,18,Travel,0,0,32,4,40,0
379.43,10,Grocery,0,0,46,0,33,0
30.27,0,Food,0,0,83,4,31,0
180.92,15,Electronics,1,0,55,0,61,0
121.74,15,Grocery,0,0,67,0,20,0
26.14,12,Travel,0,0,56,3,54,0
128.31,5,Clothing,0,0,84,4,44,0
63.58,16,Food,0,0,77,2,28,0
181.25,4,Clothing,0,0,61,2,49,0
970.18,3,Travel,0,0,96,1,65,0
21.28,20,Travel,0,0,77,4,48,0
184.65,6,Clothing,0,0,74,1,39,0
29.97,7,Clothing,0,0,95,2,35,0
98.28,1,Travel,0,0,95,4,63,0
309.93,19,Food,0,0,58,1,25,0
70.2,20,Electronics,0,0,64,3,21,0
44.92,10,Grocery,0,0,95,2,39,0
85.98,3,Electronics,0,0,90,2,47,0
8.7,16,Food,0,0,67,2,40,0
174.28,2,Food,0,1,90,6,48,1
260.31,11,Electronics,0,0,91,4,64,0
27.68,4,Food,0,0,98,4,43,0
406.87,21,Food,0,0,62,3,42,0
119.57,8,Clothing,0,0,39,3,58,0
56.1,21,Travel,0,1,52,1,30,0
26.32,12,Clothing,0,0,53,0,56,0
46.66,5,Electronics,0,0,80,3,57,0
389.19,9,Clothing,0,0,41,2,32,0
52.91,14,Travel,0,0,80,2,38,0
217.3,0,Grocery,0,0,34,6,59,1
369.39,5,Food,1,0,87,2,63,0
196.84,6,Grocery,1,1,75,5,65,1
12.37,3,Electronics,0,0,98,2,37,0
186.5,22,Electronics,0,0,30,2,48,0
97.73,14,Electronics,0,0,42,1,41,0
292.58,15,Clothing,0,0,98,5,49,0
268.6,0,Food,0,0,85,1,34,0
303.14,22,Food,0,0,68,1,59,0
207.78,10,Electronics,0,0,58,2,44,0
26.02,3,Clothing,0,0,33,0,66,0
235.24,9,Electronics,1,0,97,1,56,0
119.54,18,Electronics,0,0,85,3,25,0
136.71,2,Grocery,0,0,54,0,56,0
188.62,22,Travel,0,0,74,5,22,0
45.0,8,Travel,0,0,51,1,65,0
74.03,12,Food,0,0,72,2,28,0
140.84,22,Food,0,0,32,2,58,0
141.66,1,Grocery,0,0,34,2,49,0
21.94,16,Grocery,0,0,25,2,39,0
284.22,20,Food,0,0,27,2,68,0
411.89,3,Travel,1,0,62,1,36,0
3.57,1,Grocery,0,0,71,0,22,0
405.25,12,Clothing,0,0,59,1,52,0
435.29,5,Electronics,0,0,43,1,33,0
422.27,4,Electronics,0,0,39,2,59,0
185.3,0,Travel,0,0,50,2,30,0
64.09,21,Grocery,1,0,89,1,21,0
49.67,12,Electronics,1,0,92,2,68,0
79.73,2,Food,0,1,69,2,22,0
202.76,13,Food,0,0,63,3,51,0
547.41,3,Travel,0,0,78,1,37,0
62.78,1,Grocery,0,0,80,4,46,0
508.5,2,Travel,0,0,36,3,53,0
51.54,23,Clothing,0,0,48,3,67,0
324.95,3,Grocery,0,0,42,3,58,0
203.61,15,Electronics,0,0,98,3,58,0
571.12,12,Food,0,0,75,1,29,0
403.06,8,Food,1,0,55,4,31,0
134.69,4,Electronics,0,0,31,3,38,0
211.85,14,Travel,0,1,55,0,60,0
86.66,23,Grocery,0,1,26,1,36,0
124.12,1,Travel,0,0,96,4,29,0
163.66,16,Travel,0,0,38,2,39,0
149.38,0,Grocery,0,0,59,2,43,0
86.94,14,Clothing,0,0,52,3,19,0
228.06,19,Electronics,0,0,26,3,42,0
174.61,3,Food,0,0,53,3,45,0
10.7,17,Clothing,0,0,72,4,49,0
45.41,13,Electronics,0,0,94,3,62,0
636.91,16,Travel,0,0,94,3,57,0
24.48,2,Food,0,0,32,4,53,0
231.94,9,Travel,0,0,93,1,27,0
529.32,8,Clothing,0,0,71,0,29,0
448.59,8,Grocery,0,0,66,4,45,0
561.91,17,Grocery,0,0,74,5,42,0
81.25,14,Food,0,0,36,1,21,0
32.23,19,Food,0,0,32,3,39,0
336.97,2,Grocery,0,0,27,2,62,0
95.1,23,Electronics,0,1,52,1,36,0
475.63,10,Electronics,0,0,64,0,26,0
49.57,18,Electronics,0,0,94,2,50,0
660.01,23,Food,1,0,70,2,23,0
40.76,2,Clothing,0,0,59,1,42,0
199.04,1,Travel,0,0,64,2,49,0
37.21,10,Clothing,0,0,75,1,47,0
236.26,5,Clothing,0,0,99,1,21,0
49.63,9,Food,1,0,60,1,36,0
30.04,1,Food,0,1,89,0,32,0
75.37,18,Food,0,0,94,4,62,0
286.35,16,Travel,0,0,96,2,34,0
10.54,21,Clothing,0,0,75,2,26,0
13.6,21,Food,0,0,90,2,66,0
211.36,13,Electronics,0,0,79,1,45,0
284.56,9,Travel,1,1,99,2,43,0
10.48,17,Clothing,1,0,40,4,55,0
4.0,15,Grocery,0,0,46,4,56,0
73.75,19,Electronics,0,0,47,0,42,0
137.75,8,Travel,0,0,66,1,33,0
119.4,23,Grocery,0,0,44,2,23,0
141.6,2,Food,0,0,28,2,47,0
345.33,17,Food,0,0,99,1,52,0
558.9,19,Food,0,0,59,1,59,0
651.11,10,Grocery,0,0,91,1,48,0
135.41,22,Grocery,0,0,30,1,52,0
521.31,13,Travel,0,0,88,3,19,0
338.34,7,Electronics,0,0,73,4,18,0
392.6,8,Food,0,0,52,1,33,0
129.67,7,Travel,0,0,67,4,46,0
63.29,19,Electronics,0,0,70,3,39,0
254.3,0,Clothing,0,0,69,0,48,0
70.56,22,Food,0,0,43,1,47,0
26.78,21,Clothing,0,0,77,5,58,0
93.6,11,Clothing,0,1,51,0,22,0
78.67,15,Electronics,0,0,42,4,45,0
535.26,6,Clothing,0,0,44,7,50,0
178.54,8,Travel,0,0,80,1,63,0
118.1,8,Food,0,0,45,0,63,0
226.37,3,Grocery,1,0,65,1,47,0
96.18,9,Clothing,0,0,78,2,26,0
103.74,3,Travel,0,0,64,3,65,0
248.15,13,Grocery,0,0,61,3,59,0
92.6,18,Electronics,0,0,74,2,57,0
435.69,3,Clothing,0,0,35,1,38,0
8.04,18,Grocery,0,0,73,3,22,0
25.14,10,Travel,0,0,65,4,37,0
104.86,9,Travel,0,0,63,1,25,0
10.32,11,Food,0,0,45,1,45,0
126.65,17,Food,0,0,30,0,60,0
32.84,3,Food,0,0,43,2,38,0
161.55,20,Travel,0,0,62,3,52,0
228.15,8,Clothing,0,0,73,4,58,0
309.4,15,Food,0,0,83,1,44,0
367.2,23,Clothing,0,0,37,1,37,0
203.21,20,Travel,0,0,38,2,62,0
29.61,15,Grocery,0,0,82,1,46,0
83.48,2,Electronics,0,0,70,1,38,0
54.69,8,Travel,0,0,66,5,64,0
32.86,19,Clothing,0,0,80,2,59,0
223.52,7,Food,0,1,44,3,30,0
553.93,11,Grocery,0,0,31,1,67,0
22.36,20,Travel,1,0,31,3,59,0
14.71,15,Food,0,0,70,2,18,0
79.71,11,Food,0,0,93,1,21,0
1009.55,2,Grocery,0,0,37,0,27,1
244.07,3,Food,0,0,85,3,27,0
138.45,19,Travel,1,0,87,0,42,0
60.77,22,Clothing,0,0,49,1,35,0
627.69,5,Electronics,0,0,44,2,49,0
454.17,21,Travel,0,0,25,1,64,0
235.47,22,Travel,1,0,77,3,53,0
67.55,10,Clothing,0,0,96,1,26,0
172.92,2,Electronics,0,0,71,5,48,0
31.62,15,Electronics,0,0,42,1,26,0
111.24,8,Food,1,1,89,0,19,0
792.92,21,Grocery,0,0,88,0,31,0
198.59,11,Travel,0,0,59,8,25,0
21.6,2,Electronics,0,0,44,2,53,0
132.31,16,Electronics,0,1,53,1,24,0
31.8,5,Clothing,0,0,26,1,45,0
1056.93,18,Clothing,1,0,63,2,35,0
170.78,14,Clothing,0,0,68,2,53,0
189.39,6,Travel,0,1,74,2,41,0
138.04,12,Clothing,0,0,40,2,29,0
306.64,4,Grocery,0,0,53,2,44,0
15.83,16,Clothing,0,0,97,2,62,0
94.77,23,Travel,0,0,51,3,50,0
18.57,4,Grocery,0,0,26,2,20,0
176.14,12,Grocery,0,0,98,4,59,0
40.57,13,Travel,0,0,47,2,29,0
68.27,8,Clothing,0,0,67,0,66,0
24.53,16,Travel,0,0,26,2,67,0
246.28,2,Electronics,0,0,77,1,57,0
97.36,13,Food,0,1,85,5,29,0
49.88,19,Clothing,0,0,45,2,59,0
88.43,7,Travel,0,0,43,1,27,0
579.45,3,Food,0,0,39,1,39,0
164.53,23,Travel,0,0,27,3,26,0
95.19,23,Clothing,0,0,92,1,42,0
451.06,14,Grocery,0,0,30,6,69,0
168.53,9,Clothing,0,0,60,2,59,0
622.61,4,Clothing,0,0,63,0,34,0
332.66,7,Food,0,0,26,2,46,0
294.66,19,Food,0,0,65,2,50,0
417.69,18,Electronics,0,0,59,3,61,0
163.35,0,Clothing,0,0,36,2,69,0
184.14,11,Food,0,0,36,1,19,0
265.82,11,Travel,0,0,25,0,53,0
85.26,19,Clothing,0,1,46,3,41,0
132.66,3,Food,0,0,45,2,59,0
98.89,11,Travel,1,1,95,0,34,0
916.39,9,Travel,0,0,90,4,68,0
290.94,16,Clothing,0,0,64,1,29,0
87.94,22,Clothing,0,0,45,3,47,0
82.13,10,Food,0,0,95,2,53,0
100.21,21,Clothing,0,0,48,1,63,0
31.15,8,Clothing,1,1,67,2,69,0
3.58,21,Grocery,0,0,81,1,69,0
342.87,1,Food,1,1,55,2,65,1
586.28,20,Food,0,0,71,2,62,0
54.06,4,Grocery,0,0,89,2,48,0
391.84,4,Grocery,0,0,55,1,42,0
180.13,18,Food,1,0,62,2,44,0
66.74,21,Food,0,0,31,4,42,0
232.11,14,Travel,0,0,80,1,44,0
222.05,16,Food,0,1,30,0,37,0
258.55,8,Food,0,0,42,7,46,0
95.29,1,Electronics,0,0,93,1,60,0
93.64,22,Electronics,1,0,75,0,39,0
3.48,23,Electronics,0,1,91,4,50,0
188.32,8,Clothing,0,0,46,0,64,0
89.78,7,Clothing,1,0,54,1,22,0
106.65,22,Travel,0,0,89,1,45,0
119.93,14,Clothing,0,0,91,1,32,0
334.28,21,Clothing,0,0,27,1,51,0
88.42,3,Grocery,0,0,51,1,53,0
443.85,10,Clothing,0,0,57,2,39,0
308.53,0,Food,0,0,35,2,57,0
105.06,2,Grocery,0,0,62,3,52,0
121.77,12,Clothing,0,0,42,4,53,0
215.02,2,Food,0,0,34,2,28,0
202.96,17,Clothing,1,0,74,0,43,0
118.76,23,Travel,0,0,95,2,32,0
113.03,11,Food,0,0,86,4,28,0
13.74,10,Grocery,0,0,56,1,63,0
131.49,1,Food,0,0,40,3,64,0
225.76,6,Grocery,1,0,62,5,37,0
22.75,23,Clothing,0,0,48,2,59,0
370.2,8,Grocery,0,0,73,4,68,0
3.74,16,Grocery,0,0,58,2,28,0
33.91,14,Clothing,1,0,62,1,63,0
63.25,6,Travel,0,1,29,1,34,0
40.07,23,Travel,0,0,45,2,61,0
46.73,13,Electronics,0,0,40,1,28,0
41.12,7,Clothing,0,0,72,1,63,0
42.89,8,Grocery,0,0,59,2,53,0
18.81,3,Food,0,0,45,1,37,0
159.97,18,Electronics,0,0,33,3,36,0
128.55,0,Electronics,0,0,72,1,69,0
72.52,7,Clothing,0,0,60,1,61,0
311.1,16,Travel,0,0,99,0,51,0
76.71,15,Grocery,0,0,89,1,18,0
202.19,11,Clothing,0,0,46,1,44,0
123.61,0,Electronics,1,0,89,2,54,0
102.06,6,Clothing,1,1,45,4,65,0
7.23,7,Grocery,0,0,78,1,66,0
95.61,0,Clothing,0,0,69,2,20,0
52.34,0,Clothing,0,0,76,0,43,0
570.38,9,Clothing,0,0,94,1,32,0
169.78,18,Grocery,1,0,97,5,48,0
82.86,17,Travel,0,0,91,0,44,0
64.44,18,Food,0,0,42,0,67,0
59.95,2,Electronics,0,0,82,4,26,0
44.14,17,Electronics,1,0,45,1,59,0
127.8,21,Food,0,0,64,2,44,0
95.82,20,Electronics,0,0,94,1,27,0
49.87,15,Electronics,1,0,79,1,68,0
138.6,1,Clothing,0,1,69,0,54,0
236.02,12,Travel,0,0,71,3,61,0
214.93,23,Food,0,0,92,1,43,0
72.67,12,Travel,0,0,83,1,19,0
38.14,21,Grocery,0,0,42,3,33,0
383.11,4,Electronics,0,0,67,4,29,0
230.07,12,Grocery,1,0,34,2,25,0
134.77,22,Travel,0,0,84,1,66,0
75.05,1,Travel,0,0,46,4,28,0
155.33,4,Grocery,0,0,52,0,23,0
3.87,17,Food,0,0,60,1,50,0
199.03,22,Grocery,1,0,32,2,59,0
12.0,16,Food,0,0,55,1,45,0
128.31,3,Travel,0,0,41,1,23,0
211.92,13,Grocery,0,0,87,1,69,0
317.04,6,Food,0,0,46,1,58,0
19.34,2,Clothing,1,0,91,0,40,0
166.36,17,Grocery,0,0,31,1,28,0
91.05,1,Grocery,0,0,28,3,60,0
376.17,5,Food,0,0,83,1,24,0
380.65,7,Food,0,0,37,1,58,0
519.14,12,Travel,0,0,73,2,43,0
169.12,15,Clothing,1,0,68,1,43,0
20.37,5,Food,0,0,87,1,43,0
312.49,11,Travel,0,0,77,1,42,0
470.1,13,Grocery,0,0,91,2,56,0
370.18,2,Clothing,0,0,56,2,68,0
29.34,14,Grocery,0,0,66,1,29,0
182.12,10,Food,1,0,88,2,33,0
55.47,17,Travel,0,0,45,1,66,0
66.19,15,Electronics,0,0,73,0,42,0
46.95,1,Travel,1,1,55,2,50,1
337.12,1,Clothing,0,0,54,4,18,0
197.67,15,Grocery,0,0,47,2,59,0
388.13,9,Travel,0,0,43,4,19,0
96.64,23,Clothing,1,0,40,2,36,0
375.61,21,Electronics,0,1,31,0,26,0
126.99,5,Electronics,0,0,57,3,24,0
221.35,15,Travel,1,1,69,2,59,0
22.7,8,Travel,0,0,59,1,44,0
35.68,16,Clothing,0,0,32,2,42,0
218.08,11,Food,0,0,86,3,25,0
181.46,17,Clothing,0,0,73,3,57,0
267.6,0,Grocery,0,0,67,2,46,0
53.29,0,Grocery,0,0,33,5,58,1
363.34,13,Electronics,0,0,85,1,53,0
171.07,14,Food,0,0,43,3,58,0
121.59,20,Travel,0,0,54,1,38,0
49.82,13,Grocery,0,0,26,1,62,0
556.0,6,Travel,0,0,90,4,61,0
79.42,13,Food,0,0,39,3,43,0
643.63,10,Travel,0,0,93,1,50,0
531.41,11,Clothing,0,0,79,1,40,0
339.06,12,Grocery,1,0,90,1,28,0
74.48,15,Clothing,0,0,41,1,65,0
671.45,6,Food,0,0,68,0,25,0
344.55,6,Clothing,1,0,93,2,41,0
94.98,11,Travel,0,0,29,1,63,0
221.29,16,Electronics,0,0,55,3,62,0
16.47,18,Clothing,0,0,52,4,65,0
146.91,17,Travel,0,0,91,1,38,0
100.89,2,Clothing,0,0,61,2,47,0
393.37,18,Grocery,0,0,69,5,64,0
161.8,6,Food,1,0,43,4,43,0
36.7,0,Travel,0,0,79,3,60,0
111.68,9,Food,0,0,79,4,40,0
186.53,0,Travel,0,0,91,1,46,0
248.35,19,Electronics,0,1,85,3,32,0
166.51,14,Clothing,0,0,87,3,40,0
58.5,3,Travel,0,0,95,4,19,0
159.0,4,Food,0,0,49,3,57,0
529.29,11,Electronics,0,0,82,0,57,0
12.81,8,Clothing,0,0,49,3,20,0
9.16,8,Clothing,0,0,69,6,25,0
24.15,2,Grocery,0,0,93,2,36,0
65.22,3,Travel,0,0,36,3,37,0
25.2,10,Food,0,0,65,0,40,0
204.63,21,Clothing,0,1,79,2,68,0
10.86,13,Grocery,0,1,54,3,34,0
158.68,23,Clothing,0,0,68,2,42,0
148.33,23,Electronics,0,0,72,2,41,0
122.83,19,Travel,0,0,77,2,61,0
63.27,22,Clothing,0,0,77,3,39,0
213.76,21,Travel,0,0,49,1,51,0
242.18,18,Grocery,0,0,94,2,52,0
28.72,1,Grocery,0,0,39,3,48,0
281.54,16,Grocery,1,0,41,2,40,0
20.05,17,Food,0,0,79,2,63,0
696.28,8,Food,0,0,32,1,50,0
326.76,17,Grocery,0,0,39,2,62,0
202.94,0,Clothing,0,0,68,4,33,0
180.56,22,Electronics,0,0,61,1,46,0
164.5,1,Food,0,0,76,1,65,0
172.42,6,Electronics,0,0,56,0,30,0
664.63,2,Food,0,0,51,1,36,0
39.6,12,Travel,0,0,37,0,29,0
72.75,14,Food,0,1,59,2,32,0
296.7,10,Electronics,0,0,97,1,48,0
139.03,2,Travel,0,0,91,5,27,0
191.36,12,Grocery,0,0,71,1,48,0
15.95,13,Travel,0,0,92,1,40,0
39.23,3,Travel,0,0,37,1,38,0
75.36,22,Clothing,1,0,96,0,36,0
54.86,17,Clothing,0,0,51,0,68,0
168.1,21,Clothing,0,0,51,2,50,0
521.26,21,Clothing,0,0,77,1,55,0
233.02,0,Grocery,0,1,98,2,54,0
125.64,8,Grocery,0,0,66,0,34,0
33.01,22,Electronics,1,0,38,1,44,0
636.69,18,Clothing,0,0,28,2,30,0
57.14,15,Food,0,0,48,4,40,0
19.56,2,Clothing,0,0,78,1,57,0
8.05,18,Clothing,0,0,25,1,65,0
17.34,18,Grocery,0,0,98,3,30,0
106.44,13,Food,0,0,32,0,64,0
370.68,13,Grocery,0,0,66,4,58,0
51.78,7,Food,0,0,80,1,36,0
111.79,18,Clothing,0,0,31,2,35,0
138.04,6,Grocery,0,0,70,1,35,0
77.62,15,Electronics,0,0,29,0,39,0
275.15,8,Travel,0,0,64,2,38,0
29.67,11,Travel,0,1,72,1,22,0
122.22,23,Clothing,0,0,75,3,66,0
9.16,9,Clothing,0,0,40,1,22,0
149.06,15,Travel,0,0,99,0,31,0
277.23,17,Clothing,0,1,43,2,66,0
234.68,4,Travel,0,0,34,1,45,0
6.7,17,Clothing,1,0,98,4,30,0
5.94,5,Electronics,1,0,96,1,56,0
19.53,19,Electronics,1,0,39,6,40,1
14.15,11,Electronics,0,0,74,1,57,0
450.71,3,Food,0,0,85,3,20,0
103.33,9,Travel,0,0,60,6,19,0
569.72,12,Grocery,0,0,41,1,52,0
51.7,15,Travel,1,1,72,1,39,0
244.92,16,Electronics,0,0,34,3,18,0
214.8,10,Travel,0,0,82,2,62,0
674.8,11,Electronics,0,0,82,3,25,0
9.1,19,Grocery,1,0,31,2,57,0
83.31,14,Food,0,0,48,3,58,0
150.79,22,Food,0,1,85,2,29,0
20.69,10,Electronics,0,0,84,2,41,0
320.28,22,Clothing,0,0,30,0,50,0
70.57,10,Travel,0,0,99,1,47,0
73.2,20,Food,1,0,88,0,52,0
12.68,16,Clothing,0,0,94,4,47,0
329.99,8,Clothing,0,0,37,3,36,0
16.38,20,Clothing,0,0,67,3,22,0
270.35,18,Electronics,0,0,64,2,36,0
3.28,8,Clothing,1,0,62,2,35,0
182.97,17,Electronics,0,0,58,3,18,0
74.39,4,Grocery,0,0,65,0,57,0
273.14,7,Food,0,0,57,5,21,0
42.84,18,Food,0,0,68,3,19,0
95.51,18,Electronics,0,0,83,2,43,0
101.13,20,Food,0,0,77,1,54,0
399.18,17,Food,0,0,59,0,39,0
92.86,0,Electronics,0,0,92,2,38,0
68.49,0,Clothing,0,0,33,1,50,0
376.62,18,Travel,0,0,31,2,54,0
435.11,0,Food,0,0,55,3,50,0
327.04,12,Travel,0,1,25,1,41,0
509.07,14,Clothing,0,1,93,2,27,0
207.78,15,Electronics,0,0,58,3,62,0
88.18,12,Travel,0,0,77,0,55,0
33.29,2,Electronics,0,0,57,1,47,0
147.73,9,Clothing,0,0,60,2,49,0
44.21,22,Electronics,0,0,59,2,60,0
419.12,8,Electronics,1,1,82,6,18,1
110.79,21,Grocery,0,0,63,0,38,0
89.8,4,Electronics,0,0,44,3,45,0
116.15,16,Food,0,0,86,1,59,0
50.78,0,Food,1,0,53,4,28,0
39.15,14,Electronics,0,0,39,1,59,0
20.04,8,Grocery,0,0,39,3,21,0
75.4,15,Clothing,0,0,29,1,57,0
75.6,15,Clothing,0,0,45,1,40,0
324.3,13,Food,0,0,57,0,26,0
175.79,22,Electronics,1,0,57,3,61,0
95.31,5,Clothing,0,0,52,2,36,0
10.73,1,Grocery,0,0,84,3,48,0
237.29,7,Grocery,0,0,57,3,57,0
19.44,3,Clothing,1,0,85,3,34,0
109.36,10,Grocery,0,0,68,4,28,0
234.97,22,Electronics,1,1,69,0,19,0
108.96,9,Food,0,0,51,3,23,0
45.97,5,Travel,0,1,50,1,49,0
272.42,13,Food,0,0,62,3,67,0
101.95,17,Food,0,0,83,2,63,0
501.82,19,Grocery,0,0,64,2,59,0
87.36,14,Clothing,1,0,86,0,25,0
13.2,4,Food,1,0,47,1,30,0
173.97,14,Clothing,0,0,78,4,68,0
31.43,7,Grocery,0,0,84,4,59,0
554.76,7,Electronics,0,0,62,0,63,0
13.59,13,Grocery,0,0,94,3,63,0
116.67,7,Travel,0,0,96,2,68,0
34.89,15,Grocery,0,0,59,2,57,0
147.12,18,Food,0,0,30,4,60,0
54.79,8,Food,0,0,99,2,51,0
99.72,9,Food,1,1,62,1,29,0
93.94,18,Travel,0,1,51,1,62,0
187.96,11,Food,0,0,45,1,67,0
94.77,10,Grocery,1,0,56,1,31,0
4.95,6,Electronics,0,0,41,1,58,0
125.72,16,Food,0,1,80,3,20,0
505.91,11,Clothing,0,0,29,1,52,0
213.95,5,Food,0,0,91,4,18,0
91.12,4,Clothing,0,0,56,7,41,0
162.46,4,Grocery,0,0,82,2,26,0
90.77,12,Travel,0,0,64,1,23,0
380.57,1,Food,0,0,81,3,49,0
471.12,8,Clothing,0,0,30,2,29,0
185.68,0,Electronics,0,0,88,2,29,0
60.43,23,Clothing,0,0,55,1,60,0
186.54,12,Food,0,1,52,0,28,0
331.49,20,Clothing,0,0,91,2,52,0
16.84,6,Travel,0,0,72,6,52,0
27.78,8,Clothing,0,0,94,4,35,0
129.39,3,Clothing,0,0,64,0,51,0
252.83,9,Travel,0,0,83,4,18,0
138.81,23,Electronics,1,0,69,2,49,0
73.54,12,Food,0,0,98,2,38,0
175.57,3,Grocery,0,0,38,3,35,0
628.71,4,Clothing,0,0,30,4,45,0
271.22,4,Clothing,1,0,35,1,63,0
7.44,15,Clothing,0,0,51,2,62,0
210.86,15,Travel,0,0,49,1,60,0
95.32,12,Food,0,0,98,1,52,0
162.12,3,Electronics,0,0,28,0,41,0
195.48,13,Food,0,0,60,3,39,0
9.55,6,Travel,0,0,92,0,46,0
283.15,14,Food,0,0,81,1,41,0
47.88,23,Grocery,0,0,31,2,41,0
100.91,1,Electronics,0,0,72,0,44,0
33.94,8,Grocery,0,0,45,1,45,0
8.64,18,Electronics,0,0,86,4,23,0
124.0,14,Food,0,0,32,6,51,0
240.0,6,Clothing,0,0,84,6,49,0
52.32,16,Clothing,0,0,63,1,20,0
227.81,7,Travel,0,0,97,6,50,0
156.19,18,Travel,0,0,65,1,69,0
239.09,18,Food,0,0,40,4,41,0
222.44,15,Grocery,0,0,48,2,44,0
163.46,20,Electronics,0,0,79,1,58,0
199.22,3,Travel,0,0,87,3,37,0
70.36,7,Clothing,0,0,81,3,31,0
337.27,18,Clothing,0,0,55,1,41,0
1321.02,0,Electronics,0,0,54,2,64,0
317.13,5,Travel,0,0,36,2,22,0
131.16,9,Food,0,0,36,2,31,0
396.52,7,Electronics,1,0,71,2,47,0
118.15,10,Travel,0,0,46,1,54,0
203.44,11,Grocery,0,1,66,3,18,0
305.98,23,Electronics,0,0,82,2,29,0
25.78,13,Grocery,0,0,82,2,41,0
120.28,7,Electronics,0,0,55,0,49,0
86.46,15,Travel,0,0,60,0,24,0
47.6,22,Electronics,0,0,80,0,46,0
341.64,19,Electronics,0,0,39,2,57,0
0.12,17,Food,1,0,87,1,21,0
780.15,15,Electronics,0,0,75,3,27,0
417.16,9,Grocery,0,0,39,1,37,0
83.5,17,Food,0,0,27,2,19,0
11.65,17,Grocery,0,0,65,2,30,0
180.63,2,Grocery,0,0,70,1,27,0
163.22,12,Food,0,0,52,2,39,0
3.49,15,Grocery,0,0,73,2,63,0
78.87,0,Travel,0,0,31,1,18,0
33.2,16,Electronics,0,0,29,2,53,0
139.45,10,Travel,0,0,83,3,48,0
9.96,22,Travel,0,0,94,1,63,0
47.53,18,Clothing,0,0,51,1,64,0
330.36,21,Grocery,0,0,40,1,29,0
95.13,16,Food,0,0,41,1,61,0
131.72,16,Electronics,0,0,67,3,41,0
143.68,23,Grocery,0,0,33,2,38,0
152.2,0,Travel,0,0,59,4,28,0
63.6,11,Grocery,0,0,90,2,38,0
220.95,12,Food,1,0,75,4,57,0
82.16,3,Food,0,0,47,1,35,0
111.7,23,Food,0,0,53,2,49,0
182.43,15,Electronics,0,1,50,2,51,0
31.64,23,Electronics,0,0,86,2,34,0
838.26,12,Clothing,0,0,94,2,38,0
212.86,21,Food,0,0,66,0,48,0
56.2,18,Electronics,0,0,89,2,30,0
352.29,18,Travel,0,0,61,0,28,0
41.81,5,Electronics,0,0,77,2,22,0
46.6,18,Grocery,0,0,90,0,20,0
186.27,7,Food,1,1,98,1,54,0
46.56,14,Clothing,0,0,36,4,67,0
31.07,20,Travel,0,0,79,1,48,0
126.38,7,Food,0,0,98,2,21,0
144.82,1,Clothing,0,0,27,1,55,0
430.33,10,Food,0,0,65,2,56,0
63.7,19,Electronics,0,0,48,0,38,0
233.34,20,Clothing,0,0,84,2,25,0
4.31,23,Food,0,0,79,3,48,0
68.48,9,Electronics,0,0,90,2,31,0
145.41,21,Food,0,0,76,1,65,0
324.25,14,Food,0,0,58,1,26,0
97.26,5,Food,0,0,89,1,46,0
6.69,3,Electronics,0,0,73,2,66,0
141.91,14,Electronics,0,0,49,0,51,0
483.2,10,Food,0,0,97,2,23,0
200.49,10,Grocery,0,0,54,2,37,0
198.37,12,Clothing,0,0,86,3,47,0
96.06,6,Food,0,0,88,1,44,0
261.71,14,Food,1,0,79,3,65,0
63.26,18,Electronics,0,0,50,1,51,0
76.32,7,Electronics,0,0,56,0,36,0
99.96,20,Travel,0,1,98,3,28,0
456.88,15,Electronics,0,0,82,0,48,0
185.32,7,Grocery,0,0,81,3,65,0
68.61,23,Electronics,0,0,69,1,49,0
88.81,9,Grocery,0,0,74,1,57,0
88.38,21,Grocery,0,0,51,5,62,0
113.52,7,Travel,0,0,61,2,45,0
381.05,17,Clothing,1,0,86,2,27,0
47.01,23,Grocery,1,0,70,4,48,0
260.95,8,Electronics,0,0,79,3,43,0
214.35,5,Electronics,0,1,97,2,38,0
60.85,21,Food,0,0,45,2,28,0
9.45,19,Electronics,0,0,46,2,19,0
34.06,23,Travel,0,1,31,5,41,1
328.63,20,Travel,0,0,47,3,51,0
612.15,6,Electronics,0,0,78,3,59,0
140.37,1,Grocery,0,0,27,2,39,0
89.85,12,Electronics,1,0,76,2,48,0
100.05,9,Grocery,0,0,68,4,50,0
314.83,23,Clothing,0,0,99,1,50,0
79.5,0,Clothing,0,0,70,1,69,0
52.47,12,Grocery,0,0,72,3,20,0
160.02,8,Grocery,0,0,84,3,69,0
55.02,12,Grocery,0,0,30,0,44,0
26.54,11,Electronics,0,0,66,0,53,0
45.78,14,Grocery,0,0,33,2,38,0
157.07,10,Electronics,0,0,65,1,52,0
112.66,11,Electronics,0,0,76,1,51,0
114.54,21,Grocery,0,0,96,1,34,0
161.79,19,Food,1,0,83,3,22,0
22.05,4,Grocery,0,0,56,5,42,0
11.63,23,Travel,1,0,41,1,65,0
689.93,22,Food,0,0,52,1,66,0
150.02,21,Travel,0,0,63,1,41,0
82.24,5,Food,0,0,55,1,38,0
133.39,4,Clothing,0,1,61,2,48,0
56.81,17,Food,0,0,94,1,36,0
440.03,10,Food,0,0,70,2,33,0
48.0,4,Electronics,1,0,85,0,34,0
404.92,8,Electronics,0,0,52,0,45,0
181.1,1,Food,0,0,31,3,59,0
131.65,15,Travel,0,0,40,4,32,0
22.28,5,Grocery,1,0,83,2,18,0
97.24,23,Clothing,0,1,47,2,36,0
56.17,5,Food,0,0,91,3,55,0
90.03,3,Food,0,0,33,4,18,0
64.88,13,Clothing,0,0,42,1,38,0
82.76,8,Clothing,1,0,90,1,63,0
91.5,20,Clothing,0,0,91,3,26,0
50.15,6,Travel,0,0,67,0,49,0
229.35,17,Grocery,0,0,39,0,25,0
126.13,19,Travel,1,0,53,1,29,0
208.95,11,Travel,0,0,79,2,55,0
128.96,10,Food,0,0,77,0,69,0
251.28,18,Clothing,0,0,79,0,51,0
88.63,0,Food,0,0,37,2,47,0
51.72,9,Food,0,0,32,2,38,0
43.34,20,Electronics,0,0,79,2,52,0
216.5,4,Grocery,0,0,82,1,48,0
264.36,6,Electronics,0,0,68,4,28,0
188.72,14,Grocery,0,0,64,2,33,0
95.94,2,Grocery,0,0,49,1,63,0
16.86,17,Clothing,0,0,67,1,47,0
10.32,0,Grocery,0,0,72,1,18,0
63.33,9,Clothing,0,1,64,1,24,0
405.39,12,Grocery,0,0,53,0,39,0
311.22,6,Clothing,0,0,57,2,27,0
136.72,14,Clothing,0,0,49,1,59,0
150.5,4,Travel,0,0,42,3,58,0
11.53,9,Electronics,0,0,95,0,69,0
16.55,15,Electronics,0,0,49,4,34,0
385.95,4,Food,0,0,33,1,21,0
42.82,5,Food,1,0,62,1,56,0
485.61,11,Grocery,0,0,55,2,25,0
182.87,1,Travel,0,0,29,0,58,0
35.17,7,Grocery,0,0,33,1,28,0
225.58,1,Grocery,1,0,62,1,24,0
89.3,2,Travel,0,0,84,1,24,0
137.66,3,Food,0,0,69,2,44,0
209.68,16,Grocery,0,0,91,2,62,0
319.96,19,Grocery,1,0,94,3,67,0
208.72,14,Travel,0,0,40,2,22,0
273.6,10,Travel,0,0,40,3,44,0
134.05,13,Food,0,0,58,3,48,0
15.58,4,Grocery,0,0,54,1,33,0
37.5,10,Food,0,0,87,2,45,0
75.46,13,Electronics,0,0,59,4,23,0
284.4,9,Food,0,0,75,1,26,0
23.09,0,Travel,0,0,98,2,24,0
24.84,7,Travel,0,0,68,3,44,0
165.63,9,Electronics,0,0,95,2,44,0
39.98,18,Clothing,0,0,45,1,51,0
160.97,19,Grocery,0,0,44,0,60,0
24.17,2,Clothing,0,0,31,1,27,0
67.13,19,Clothing,0,0,75,1,24,0
159.52,12,Clothing,0,0,48,0,23,0
5.55,10,Travel,0,0,37,3,36,0
95.29,6,Clothing,0,0,58,3,53,0
403.15,7,Travel,0,0,83,5,39,0
80.28,19,Food,0,0,33,1,32,0
27.08,15,Food,0,0,96,2,41,0
75.47,6,Electronics,0,0,75,4,56,0
85.19,16,Grocery,0,0,26,0,30,0
86.98,19,Travel,0,1,82,1,61,0
252.05,23,Grocery,0,0,60,2,27,0
91.02,21,Travel,0,0,74,3,41,0
20.27,19,Travel,0,0,78,3,18,0
307.77,1,Food,0,0,47,0,28,0
123.52,10,Grocery,0,0,30,1,67,0
268.21,17,Clothing,0,0,79,0,25,0
94.18,7,Grocery,0,0,69,0,52,0
118.77,1,Electronics,0,0,98,0,37,0
77.05,20,Food,0,0,27,1,34,0
130.6,0,Food,0,0,91,2,58,0
145.41,19,Food,1,0,84,2,47,0
49.68,15,Travel,0,0,59,2,18,0
78.91,7,Grocery,0,0,50,4,19,0
243.09,11,Travel,0,0,62,1,46,0
83.44,22,Food,0,0,44,1,18,0
110.39,19,Clothing,0,0,52,2,61,0
10.45,20,Electronics,0,0,25,5,28,0
809.18,9,Clothing,0,0,52,1,57,0
395.89,2,Clothing,0,0,35,0,36,0
50.83,15,Clothing,0,0,51,1,25,0
19.65,19,Electronics,0,0,70,0,25,0
526.65,23,Grocery,0,0,28,1,26,0
387.75,17,Electronics,0,0,66,3,37,0
110.67,2,Travel,1,0,43,5,21,1
131.71,16,Travel,0,0,63,2,62,0
118.95,20,Clothing,0,0,41,0,38,0
184.02,8,Grocery,0,0,95,6,35,0
41.25,8,Food,0,0,78,4,20,0
0.07,5,Travel,0,0,32,0,44,0
76.26,17,Electronics,0,0,92,4,53,0
256.12,7,Electronics,0,0,75,0,60,0
376.69,22,Food,0,0,53,1,38,0
169.24,22,Food,0,0,98,3,66,0
145.22,6,Grocery,0,0,77,6,60,0
46.9,21,Clothing,0,0,54,4,24,0
101.24,12,Travel,0,0,44,2,21,0
16.68,16,Grocery,0,0,34,1,35,0
136.67,14,Electronics,0,0,66,0,23,0
22.38,9,Food,0,0,30,2,47,0
16.68,10,Grocery,0,0,25,3,47,0
68.61,15,Clothing,0,0,36,2,68,0
4.02,10,Clothing,0,0,64,2,40,0
377.5,21,Travel,0,0,41,3,33,0
112.68,18,Food,0,0,48,4,25,0
744.08,4,Electronics,0,0,65,0,51,0
18.04,7,Travel,0,0,83,3,24,0
319.61,21,Travel,0,0,69,3,69,0
19.72,17,Travel,0,0,41,1,53,0
77.59,23,Clothing,0,0,31,4,39,0
309.7,3,Clothing,0,0,45,3,65,0
77.32,13,Travel,0,0,88,3,55,0
131.37,21,Travel,0,0,67,0,57,0
118.83,5,Grocery,0,0,51,2,64,0
351.05,23,Grocery,0,0,56,3,42,0
29.52,21,Travel,0,0,31,1,42,0
68.16,17,Electronics,1,0,38,4,47,0
173.13,13,Travel,0,0,86,4,62,0
60.27,20,Travel,1,0,74,2,33,0
101.71,3,Travel,0,0,85,3,20,0
18.66,13,Food,0,0,54,3,45,0
22.73,21,Food,0,0,52,4,44,0
237.56,14,Grocery,0,0,95,1,37,0
13.75,9,Travel,0,0,91,2,23,0
119.65,17,Food,1,0,62,3,63,0
414.3,20,Travel,0,0,52,3,33,0
56.37,20,Clothing,0,0,49,5,19,0
267.7,2,Clothing,0,0,39,2,54,0
132.6,18,Clothing,0,0,65,1,62,0
428.63,18,Grocery,0,0,58,2,57,0
105.89,11,Clothing,0,0,88,6,40,0
140.96,12,Electronics,0,0,27,3,61,0
509.42,2,Clothing,0,0,56,2,67,0
138.15,1,Grocery,0,1,59,1,50,0
30.57,20,Travel,1,0,66,3,37,0
432.62,14,Grocery,0,0,38,2,67,0
4.52,12,Electronics,0,0,86,2,46,0
23.09,22,Travel,0,0,61,1,47,0
108.98,18,Travel,0,0,79,2,57,0
410.84,7,Travel,0,0,77,3,57,0
56.83,1,Travel,0,0,28,3,29,0
19.48,10,Clothing,0,0,31,1,46,0
10.79,12,Food,0,0,93,4,24,0
311.22,17,Clothing,0,1,37,1,20,0
159.8,13,Food,0,0,30,3,69,0
369.91,16,Grocery,0,0,44,3,52,0
42.65,5,Travel,0,0,87,0,40,0
17.75,8,Grocery,0,0,55,3,30,0
217.49,20,Electronics,0,0,92,2,20,0
180.78,16,Travel,0,0,69,1,34,0
0.14,2,Travel,0,0,83,1,47,0
226.83,9,Clothing,0,1,86,1,58,0
19.19,9,Grocery,0,0,70,0,60,0
143.17,22,Grocery,0,0,62,1,20,0
106.74,8,Electronics,0,0,35,5,56,0
148.28,21,Clothing,0,0,64,1,64,0
125.75,22,Grocery,0,0,88,5,29,0
47.74,7,Clothing,0,0,50,1,69,0
20.16,7,Travel,0,0,83,0,53,0
25.27,9,Electronics,0,0,36,4,25,0
126.64,5,Travel,0,0,37,4,34,0
27.88,20,Clothing,0,0,55,3,24,0
120.72,0,Travel,0,0,83,4,45,0
39.04,12,Electronics,0,0,62,4,69,0
241.78,8,Food,0,0,66,1,55,0
141.91,3,Travel,0,0,30,1,27,0
32.1,9,Clothing,0,0,52,3,54,0
539.99,2,Grocery,0,0,64,4,26,0
213.23,8,Electronics,0,0,84,4,20,0
153.08,18,Electronics,0,0,76,1,34,0
170.85,1,Grocery,0,0,71,3,25,0
100.83,11,Grocery,0,0,70,1,34,0
16.4,10,Electronics,0,0,61,3,28,0
397.47,2,Food,0,0,75,2,56,0
9.68,0,Electronics,0,0,65,1,46,0
243.38,2,Food,0,0,31,0,18,0
234.93,14,Food,1,0,58,2,59,0
387.26,7,Travel,0,0,48,0,66,0
506.95,22,Electronics,0,0,59,2,22,0
21.63,11,Travel,0,0,40,2,69,0
206.86,3,Electronics,0,0,81,0,26,0
351.17,21,Travel,0,0,37,5,23,0
186.89,6,Electronics,0,0,90,0,59,0
212.19,16,Clothing,0,0,99,2,50,0
315.5,2,Grocery,0,1,48,2,53,0
93.95,18,Electronics,0,0,55,2,32,0
10.09,11,Clothing,0,0,58,3,51,0
255.67,19,Food,0,1,25,5,44,1
229.38,12,Electronics,1,0,81,4,67,0
94.5,0,Travel,0,0,54,4,38,0
31.27,18,Grocery,0,0,35,2,39,0
229.41,3,Electronics,0,0,68,0,41,0
860.84,15,Grocery,1,0,82,3,52,0
1009.57,14,Clothing,0,0,33,1,48,0
225.76,4,Clothing,0,0,35,3,66,0
204.28,1,Clothing,0,0,55,2,50,0
150.32,19,Grocery,0,0,30,1,69,0
730.15,19,Clothing,0,0,60,2,55,0
1.28,17,Grocery,0,0,79,3,45,0
22.13,22,Clothing,0,0,47,0,20,0
102.4,19,Food,0,0,35,4,59,0
22.96,21,Food,0,0,62,2,32,0
393.67,21,Electronics,0,0,58,1,51,0
285.49,17,Travel,0,0,61,3,53,0
136.87,6,Food,0,0,52,1,60,0
0.99,4,Clothing,0,0,60,2,54,0
450.35,11,Travel,0,1,65,0,56,0
198.23,21,Travel,1,0,40,1,28,0
83.11,12,Grocery,0,0,79,1,60,0
222.97,23,Clothing,1,0,50,0,62,0
3.81,3,Food,0,0,40,1,35,0
84.09,15,Grocery,0,0,54,0,38,0
681.21,7,Electronics,1,0,81,1,57,0
6.93,23,Electronics,0,0,98,0,26,0
56.92,3,Food,0,0,32,0,37,0
214.18,17,Food,0,0,98,0,43,0
1036.82,0,Electronics,0,0,28,0,20,1
11.79,5,Electronics,0,0,91,0,24,0
47.9,7,Food,0,0,49,3,38,0
476.78,4,Grocery,0,0,74,1,22,0
192.71,3,Food,0,0,68,4,20,0
369.73,15,Grocery,0,0,81,0,24,0
65.68,5,Clothing,0,0,29,1,47,0
222.95,0,Clothing,1,0,41,3,61,0
76.92,1,Food,0,0,28,1,53,0
99.78,11,Travel,0,1,54,4,63,0
34.26,7,Grocery,0,0,60,3,47,0
139.64,1,Electronics,0,0,92,2,21,0
141.14,9,Clothing,0,0,87,3,33,0
91.6,14,Food,0,0,29,4,35,0
110.36,4,Travel,0,0,60,4,37,0
5.35,6,Travel,0,0,43,1,69,0
182.25,18,Grocery,0,0,63,2,22,0
144.8,23,Food,0,0,47,2,29,0
88.17,8,Travel,0,0,34,3,36,0
58.0,10,Clothing,0,0,35,0,33,0
76.79,16,Grocery,0,0,95,3,23,0
71.27,14,Travel,0,0,27,1,34,0
93.51,3,Grocery,0,1,40,2,57,0
100.38,11,Clothing,0,1,26,3,50,0
76.38,18,Food,0,0,34,2,57,0
15.81,20,Travel,0,0,95,2,64,0
133.08,6,Grocery,0,0,91,3,54,0
140.57,5,Grocery,0,0,41,2,18,0
994.44,15,Food,0,0,68,0,36,0
23.63,21,Electronics,0,0,56,2,56,0
126.67,1,Electronics,0,0,43,2,52,0
291.18,16,Food,0,0,76,4,34,0
134.02,7,Travel,0,0,97,1,42,0
22.99,1,Food,0,0,44,2,34,0
21.55,1,Travel,0,0,37,3,40,0
530.87,6,Food,1,0,42,3,58,0
53.79,15,Electronics,0,0,45,2,28,0
729.77,9,Clothing,0,0,47,2,68,0
55.66,20,Grocery,0,0,97,1,28,0
17.86,12,Grocery,0,0,77,0,20,0
470.09,15,Clothing,0,0,46,2,26,0
220.83,11,Electronics,0,1,69,0,29,0
265.98,8,Food,0,0,40,3,52,0
262.09,9,Electronics,0,0,87,1,27,0
202.56,15,Electronics,0,0,32,2,19,0
102.95,16,Clothing,0,0,66,3,18,0
1.66,6,Clothing,0,0,46,1,61,0
560.3,14,Food,1,0,39,1,23,0
86.31,13,Electronics,0,0,76,6,49,0
24.3,12,Travel,0,0,67,1,54,0
38.76,21,Travel,0,0,27,0,33,0
7.15,16,Electronics,0,0,40,2,55,0
65.43,10,Food,0,0,48,0,18,0
161.58,1,Electronics,0,0,62,1,48,0
329.86,23,Travel,0,1,45,3,20,0
293.49,16,Electronics,0,0,71,3,33,0
443.39,0,Grocery,0,1,93,3,37,0
261.49,2,Grocery,0,0,68,2,64,0
138.55,20,Grocery,1,0,60,3,67,0
484.24,14,Clothing,0,0,71,4,47,0
279.24,2,Food,0,0,81,1,44,0
70.62,3,Grocery,0,0,49,1,19,0
57.96,9,Clothing,0,0,27,5,45,0
681.43,23,Grocery,0,0,78,1,58,0
186.95,10,Food,0,1,92,3,37,0
7.24,9,Clothing,0,0,69,2,48,0
107.31,1,Clothing,0,1,66,1,52,0
191.21,11,Electronics,0,0,51,0,32,0
61.46,1,Food,0,0,29,3,53,0
28.33,18,Grocery,0,0,47,3,46,0
30.28,0,Clothing,0,0,34,5,38,1
114.52,15,Grocery,0,0,52,1,32,0
20.29,17,Clothing,0,0,95,0,44,0
181.21,20,Travel,0,0,96,5,37,0
331.4,22,Clothing,0,0,55,6,35,0
15.12,13,Electronics,0,0,92,0,64,0
369.27,3,Electronics,1,0,75,1,39,0
638.65,2,Food,0,0,60,4,51,0
121.67,18,Travel,0,0,25,2,65,0
12.6,12,Electronics,0,0,42,1,38,0
119.12,19,Food,0,0,87,4,35,0
212.23,0,Food,0,0,59,2,23,0
85.8,15,Electronics,0,0,85,1,54,0
74.04,8,Clothing,0,1,50,3,63,0
71.34,7,Travel,1,0,45,2,57,0
54.81,18,Clothing,0,0,89,0,19,0
469.6,12,Travel,0,0,63,2,55,0
138.82,15,Clothing,0,0,29,2,41,0
33.34,3,Food,1,1,33,4,64,1
263.43,17,Electronics,0,0,48,2,66,0
119.86,20,Food,0,0,54,7,52,0
19.17,5,Electronics,0,0,68,2,62,0
193.18,9,Electronics,0,0,89,1,45,0
47.94,11,Travel,0,0,95,3,52,0
68.54,6,Clothing,0,0,74,2,50,0
192.84,16,Food,0,0,80,2,46,0
107.1,0,Grocery,0,0,38,1,22,0
424.27,4,Grocery,0,0,55,3,65,0
211.04,9,Clothing,0,0,44,4,66,0
426.86,13,Clothing,0,0,95,5,27,0
21.1,15,Food,0,1,81,2,57,0
266.53,5,Electronics,0,0,81,1,19,0
58.39,15,Clothing,0,0,89,1,27,0
127.63,20,Food,0,0,46,0,69,0
431.94,7,Clothing,0,0,58,0,63,0
22.86,5,Food,0,0,64,4,68,0
250.46,21,Travel,1,0,86,1,69,0
255.92,19,Grocery,1,0,28,4,59,0
137.28,18,Grocery,0,1,30,1,19,0
148.05,13,Food,1,0,70,2,28,0
36.11,1,Food,0,0,73,5,47,0
5.3,7,Grocery,0,0,55,1,56,0
44.24,16,Clothing,0,0,93,3,63,0
20.21,4,Clothing,0,0,50,1,33,0
436.13,22,Food,0,0,41,0,31,0
36.12,15,Electronics,0,0,37,2,69,0
23.22,17,Food,0,0,47,3,29,0
56.37,22,Food,0,0,49,2,68,0
385.53,23,Grocery,1,0,74,2,53,0
324.86,3,Electronics,0,0,35,2,39,0
82.72,9,Travel,1,0,71,3,19,0
159.65,4,Grocery,0,0,54,1,49,0
60.54,14,Grocery,0,0,56,3,33,0
77.79,4,Clothing,0,0,61,6,37,0
222.92,16,Travel,0,0,60,1,24,0
33.73,5,Travel,1,0,33,2,32,0
210.84,3,Clothing,0,0,98,6,45,0
293.58,21,Travel,0,0,29,1,66,0
206.34,17,Clothing,0,0,77,5,29,0
120.93,20,Electronics,0,0,61,2,23,0
212.14,13,Clothing,0,0,88,1,61,0
614.22,8,Clothing,0,0,37,3,46,0
237.8,19,Clothing,0,0,95,3,42,0
151.59,13,Food,0,1,46,3,48,0
79.38,20,Grocery,0,0,77,0,32,0
38.01,3,Travel,0,0,87,2,61,0
8.56,20,Grocery,0,0,85,1,20,0
539.46,3,Clothing,0,0,34,3,18,0
169.74,4,Travel,0,0,25,1,64,0
164.12,22,Clothing,0,0,79,3,62,0
92.81,17,Travel,1,0,72,1,46,0
5.08,16,Clothing,0,0,38,2,59,0
285.95,15,Travel,0,0,32,0,31,0
91.02,13,Travel,0,0,38,3,21,0
138.03,7,Electronics,0,0,69,0,31,0
235.61,6,Grocery,1,0,65,1,47,0
73.79,9,Clothing,0,0,36,5,31,0
397.66,9,Electronics,0,1,76,2,42,0
13.26,9,Electronics,0,0,79,2,40,0
197.88,10,Electronics,0,0,87,1,62,0
248.56,20,Grocery,0,0,50,0,24,0
48.8,11,Grocery,0,0,63,1,44,0
70.62,12,Electronics,1,0,93,2,45,0
105.99,9,Travel,0,0,50,2,19,0
32.33,20,Food,0,0,29,6,63,0
23.05,10,Electronics,0,1,72,1,54,0
124.98,17,Grocery,1,0,88,1,33,0
881.06,11,Clothing,0,0,56,2,29,0
56.29,17,Travel,0,1,65,2,64,0
530.67,5,Electronics,0,0,55,2,33,0
190.14,14,Grocery,1,0,72,1,34,0
282.08,19,Electronics,0,0,97,1,48,0
303.41,1,Travel,0,1,88,1,64,0
186.29,1,Grocery,0,0,69,1,52,0
171.02,23,Clothing,0,0,62,1,42,0
117.19,17,Travel,0,0,60,4,39,0
158.39,8,Food,0,0,67,1,55,0
163.56,12,Clothing,0,0,53,1,27,0
74.47,10,Travel,0,0,33,2,64,0
5.49,7,Electronics,0,0,57,4,65,0
671.88,9,Food,0,0,95,2,44,0
159.11,5,Electronics,0,1,33,1,49,0
102.08,18,Grocery,0,0,72,1,22,0
33.51,22,Food,0,0,54,2,46,0
261.53,4,Electronics,1,0,42,3,39,0
0.17,16,Food,0,0,84,1,58,0
440.01,9,Clothing,0,0,88,4,47,0
127.78,21,Clothing,0,0,49,1,40,0
514.78,7,Travel,0,0,91,2,42,0
13.49,5,Grocery,1,0,38,6,30,1
9.19,2,Travel,0,0,75,2,51,0
338.56,1,Electronics,0,0,31,1,44,0
456.19,11,Travel,1,0,81,1,56,0
615.19,22,Grocery,0,0,44,1,69,0
395.68,12,Clothing,0,0,34,0,46,0
377.92,4,Clothing,0,0,76,3,24,0
16.11,9,Electronics,0,0,93,3,32,0
108.07,20,Electronics,0,0,53,1,34,0
152.19,16,Food,0,0,92,0,51,0
31.85,23,Travel,0,0,45,1,35,0
67.79,14,Electronics,1,0,41,1,19,0
92.49,17,Clothing,0,0,49,1,38,0
7.66,14,Grocery,0,0,44,1,51,0
422.49,14,Clothing,0,0,39,0,50,0
125.72,14,Travel,0,0,46,4,26,0
92.79,7,Food,1,0,92,2,61,0
84.49,22,Electronics,0,0,57,0,64,0
5.15,13,Electronics,0,0,34,3,42,0
229.34,4,Food,0,0,48,3,49,0
8.68,16,Food,0,0,35,2,55,0
97.47,23,Electronics,0,0,41,3,42,0
167.02,4,Food,0,0,42,3,44,0
25.94,11,Food,0,0,38,1,32,0
25.2,21,Electronics,0,0,68,3,56,0
239.4,9,Clothing,0,0,65,1,22,0
59.51,9,Grocery,0,0,92,2,20,0
446.75,20,Electronics,0,1,53,2,47,0
101.23,1,Electronics,0,0,69,1,65,0
41.72,2,Clothing,0,0,99,2,23,0
154.23,14,Travel,0,0,88,2,65,0
68.89,9,Food,0,0,45,0,36,0
161.28,5,Travel,0,0,59,0,66,0
28.41,20,Electronics,0,0,84,2,32,0
122.19,3,Electronics,1,0,77,1,54,0
151.65,23,Travel,0,0,47,3,67,0
105.44,20,Clothing,0,0,44,4,62,0
121.95,1,Food,0,0,41,2,49,0
2.32,7,Clothing,0,0,30,3,43,0
106.27,13,Clothing,0,0,80,0,60,0
153.8,18,Clothing,0,0,64,1,50,0
455.84,14,Food,0,0,54,1,51,0
18.86,9,Clothing,0,0,45,2,36,0
46.74,12,Food,0,0,62,1,19,0
391.15,21,Clothing,0,0,30,1,47,0
379.6,0,Clothing,1,0,90,1,33,0
89.96,2,Travel,0,0,43,2,55,0
149.86,14,Travel,0,0,97,6,42,0
16.78,0,Food,0,0,32,0,42,0
163.3,10,Food,0,0,80,6,68,0
128.62,5,Grocery,0,0,74,4,50,0
343.28,23,Grocery,0,0,50,1,64,0
6.53,5,Travel,0,0,27,0,24,0
84.74,4,Clothing,0,0,90,2,63,0
270.69,6,Electronics,0,1,71,1,60,0
59.3,6,Grocery,0,0,58,3,37,0
207.48,12,Food,0,0,79,3,37,0
53.7,11,Grocery,0,0,55,7,62,0
31.86,6,Electronics,0,0,70,1,39,0
42.9,3,Clothing,0,0,70,2,57,0
79.48,4,Electronics,0,0,40,2,44,0
90.18,2,Grocery,0,0,36,1,23,0
185.06,22,Food,1,0,99,0,35,0
292.91,11,Grocery,1,0,78,4,45,0
287.73,13,Travel,0,0,50,1,54,0
377.75,8,Clothing,0,0,61,2,58,0
90.75,20,Travel,0,0,39,2,45,0
141.75,18,Food,0,0,31,4,47,0
220.5,14,Electronics,0,0,46,1,60,0
126.91,21,Food,0,1,47,3,40,0
5.94,12,Food,0,0,69,3,19,0
82.11,14,Food,0,0,49,2,27,0
19.32,4,Travel,0,0,86,4,63,0
76.53,22,Clothing,0,0,49,3,32,0
47.88,17,Travel,0,0,89,3,20,0
112.05,1,Travel,0,0,78,1,19,0
739.53,0,Travel,0,0,71,1,38,0
41.13,15,Travel,1,0,55,2,68,0
164.17,3,Travel,0,0,91,1,22,0
6.66,10,Food,0,0,33,1,60,0
116.62,16,Grocery,0,0,86,1,33,0
529.71,14,Food,1,0,83,0,54,0
33.07,5,Food,0,0,26,2,35,0
326.57,19,Clothing,0,0,82,2,19,0
97.93,6,Travel,0,0,86,1,55,0
437.1,13,Clothing,0,0,57,0,27,0
248.81,16,Clothing,0,0,44,1,21,0
72.16,5,Travel,0,0,25,0,59,0
195.8,9,Clothing,0,0,56,2,55,0
134.88,0,Food,1,0,73,2,68,0
704.63,19,Electronics,0,0,90,2,60,0
197.61,17,Electronics,0,0,81,4,42,0
303.91,21,Electronics,0,0,45,0,38,0
431.51,8,Electronics,0,0,88,2,64,0
8.48,16,Grocery,0,0,46,4,66,0
27.17,18,Food,0,0,69,0,40,0
23.4,9,Travel,0,0,58,2,34,0
217.08,20,Electronics,0,0,90,2,52,0
79.08,12,Grocery,0,0,49,4,62,0
107.53,1,Food,0,1,46,2,55,0
182.9,6,Food,0,0,72,2,31,0
89.97,13,Electronics,0,0,39,2,62,0
72.82,6,Food,0,0,56,4,30,0
416.6,0,Travel,0,0,37,1,19,0
16.07,23,Grocery,0,0,34,0,69,0
327.45,13,Electronics,0,0,98,1,51,0
91.37,18,Electronics,0,0,27,3,47,0
317.77,13,Clothing,0,0,81,2,18,0
247.7,7,Grocery,0,0,76,1,25,0
459.7,14,Food,0,0,45,2,43,0
92.71,23,Travel,0,0,74,0,25,0
252.02,11,Travel,0,0,88,3,57,0
650.66,23,Food,1,0,47,2,62,0
33.49,6,Grocery,0,0,85,2,20,0
18.95,18,Travel,0,0,98,5,30,0
45.95,11,Clothing,0,0,30,5,37,0
156.14,12,Food,0,0,81,4,55,0
179.81,5,Food,0,0,25,0,36,0
209.24,0,Clothing,1,0,49,2,38,0
170.93,15,Grocery,0,0,36,5,21,0
138.67,15,Electronics,1,0,89,1,53,0
43.55,5,Clothing,0,0,51,3,25,0
80.83,6,Electronics,0,0,99,6,21,0
13.62,6,Food,0,0,37,2,62,0
694.15,6,Electronics,1,0,61,2,21,0
311.28,3,Clothing,0,0,40,0,42,0
166.51,12,Electronics,0,0,65,5,60,0
41.18,8,Travel,0,0,38,3,61,0
777.09,7,Clothing,0,0,87,5,40,0
383.89,6,Clothing,0,0,73,1,62,0
328.91,22,Grocery,0,0,58,1,24,0
2.28,8,Clothing,0,0,55,7,33,0
162.79,17,Travel,0,0,61,0,46,0
7.22,19,Clothing,1,0,95,3,61,0
175.74,9,Food,0,0,33,1,34,0
59.8,7,Food,0,0,95,1,53,0
36.08,12,Food,0,0,25,3,43,0
80.35,22,Electronics,0,0,66,2,61,0
198.82,1,Food,0,0,33,2,39,0
160.37,5,Clothing,0,0,81,0,21,0
203.49,21,Grocery,0,0,28,4,22,0
155.46,3,Food,0,0,51,3,61,0
20.71,17,Grocery,0,0,92,2,35,0
115.8,12,Food,0,0,70,1,32,0
302.96,16,Clothing,0,0,36,0,22,0
362.94,16,Travel,0,0,37,3,43,0
6.72,9,Food,0,0,45,4,30,0
242.11,17,Electronics,0,1,88,6,66,0
203.64,11,Clothing,1,0,63,1,44,0
3.27,16,Grocery,0,0,50,1,37,0
21.39,6,Food,0,1,87,3,19,0
6.52,14,Clothing,0,0,73,2,42,0
49.46,18,Food,0,0,34,0,23,0
6.08,6,Electronics,0,0,79,3,26,0
53.34,0,Clothing,0,0,59,3,65,0
12.88,9,Food,0,0,95,3,40,0
589.51,17,Electronics,0,0,43,2,38,0
206.8,11,Food,0,0,36,3,24,0
75.69,16,Food,0,0,59,2,42,0
171.82,21,Clothing,0,0,26,1,33,0
7.64,2,Electronics,0,0,62,6,46,0
314.29,23,Grocery,0,0,33,2,28,0
107.98,2,Clothing,0,1,99,0,52,0
580.01,23,Clothing,0,0,82,1,64,0
96.1,21,Food,0,0,89,4,48,0
183.16,2,Grocery,0,0,36,2,24,0
75.24,21,Grocery,0,0,49,1,49,0
253.49,5,Electronics,1,0,69,1,44,0
5.26,7,Clothing,0,0,30,0,56,0
240.5,12,Travel,0,0,88,4,49,0
320.76,13,Travel,1,0,27,2,33,0
88.74,20,Clothing,0,1,89,0,29,0
260.78,10,Clothing,0,0,98,2,38,0
33.9,9,Food,0,0,48,1,52,0
486.86,12,Clothing,0,0,27,5,63,0
13.69,18,Electronics,0,0,93,2,32,0
123.46,17,Clothing,0,1,68,0,50,0
72.89,22,Electronics,0,0,29,1,61,0
5.48,9,Food,0,0,79,2,48,0
106.72,17,Grocery,0,0,26,2,53,0
100.45,1,Travel,0,0,90,1,68,0
28.14,4,Travel,0,0,93,2,31,0
118.94,3,Food,0,0,27,5,20,1
302.73,23,Clothing,0,0,69,0,63,0
171.21,21,Travel,0,1,43,2,23,0
454.31,17,Grocery,0,0,55,3,40,0
526.26,8,Clothing,0,0,99,4,50,0
97.72,8,Food,0,0,81,1,54,0
100.86,20,Food,0,0,44,1,19,0
44.75,12,Electronics,0,1,41,1,43,0
126.99,11,Grocery,0,0,78,5,41,0
380.74,10,Electronics,0,0,62,0,27,0
163.17,15,Grocery,0,0,82,4,41,0
221.41,9,Clothing,0,0,40,1,67,0
2.8,8,Clothing,0,0,75,1,37,0
133.28,11,Electronics,0,0,77,3,38,0
72.96,19,Grocery,0,1,45,1,51,0
26.2,23,Food,1,0,80,2,54,0
193.84,11,Clothing,0,0,35,2,21,0
24.27,3,Electronics,0,0,46,2,36,0
240.03,20,Grocery,0,0,65,7,35,0
65.96,21,Clothing,0,0,65,2,20,0
17.95,21,Travel,1,0,29,1,68,0
24.81,10,Travel,1,0,66,0,66,0
10.86,3,Food,0,0,83,0,50,0
73.49,14,Clothing,0,0,54,2,30,0
485.22,18,Electronics,0,0,76,1,37,0
72.99,17,Clothing,0,0,53,1,35,0
215.56,17,Electronics,0,0,99,3,29,0
169.29,9,Travel,0,0,64,3,57,0
206.83,7,Electronics,0,0,68,1,34,0
6.28,9,Electronics,0,0,96,4,45,0
49.11,5,Clothing,0,0,64,0,43,0
94.79,21,Electronics,0,1,34,0,31,0
50.89,17,Grocery,0,0,32,1,33,0
321.56,11,Clothing,0,0,73,4,68,0
184.81,19,Food,0,0,74,4,63,0
562.32,23,Electronics,1,0,84,2,29,0
369.81,7,Food,0,0,88,2,50,0
142.02,13,Grocery,0,1,43,0,28,0
10.0,3,Food,0,0,46,2,68,0
36.61,20,Food,0,0,51,3,60,0
456.54,20,Electronics,0,0,97,4,65,0
94.11,19,Grocery,0,0,93,2,30,0
198.23,20,Food,0,1,77,5,31,0
98.16,19,Food,0,0,42,2,52,0
88.58,13,Food,0,0,56,0,54,0
111.2,9,Clothing,0,0,48,3,69,0
206.53,9,Food,0,0,78,1,60,0
1339.51,3,Grocery,0,0,89,0,26,0
151.28,8,Food,0,0,27,0,50,0
416.56,15,Grocery,0,0,79,3,29,0
95.26,21,Travel,0,0,45,3,41,0
9.77,7,Grocery,0,0,61,1,21,0
84.94,15,Food,1,0,69,0,18,0
238.67,20,Clothing,0,1,91,1,24,0
73.4,17,Clothing,0,0,41,3,32,0
122.44,3,Food,0,0,74,1,29,0
113.55,10,Food,0,0,72,1,24,0
314.65,20,Grocery,0,0,97,5,67,0
23.04,18,Food,1,0,74,3,31,0
340.4,22,Food,0,0,38,1,67,0
64.18,10,Clothing,0,0,49,2,67,0
241.04,17,Clothing,0,0,81,2,37,0
23.12,8,Clothing,0,0,93,0,50,0
168.81,19,Food,0,0,83,2,41,0
65.81,15,Grocery,0,0,99,5,59,0
25.38,19,Clothing,0,0,68,0,40,0
115.79,10,Clothing,0,0,37,5,18,0
33.64,12,Electronics,0,0,70,3,53,0
301.14,20,Clothing,0,0,99,0,40,0
26.99,13,Grocery,0,0,61,1,19,0
87.67,9,Clothing,0,0,36,1,65,0
160.87,19,Clothing,0,0,75,3,59,0
351.76,8,Grocery,0,0,62,0,24,0
75.52,11,Clothing,0,0,45,4,19,0
54.03,18,Food,0,0,68,4,57,0
20.38,5,Travel,0,0,85,2,62,0
27.79,4,Clothing,1,0,25,0,61,0
46.18,2,Food,0,0,79,1,42,0
32.4,14,Grocery,0,0,33,0,22,0
65.1,13,Clothing,0,0,70,4,61,0
112.33,4,Clothing,0,0,86,3,45,0
115.7,6,Food,0,0,82,3,54,0
233.47,22,Food,0,0,88,2,55,0
50.14,2,Electronics,0,0,63,2,29,0
529.79,22,Food,0,0,50,0,39,0
68.21,20,Travel,0,0,82,3,57,0
105.46,21,Electronics,0,1,53,0,67,0
186.33,15,Food,0,0,95,1,18,0
715.85,1,Clothing,0,0,67,2,61,0
319.61,20,Travel,0,0,76,5,36,0
360.08,16,Food,0,0,53,2,50,0
108.1,22,Food,0,0,60,1,31,0
336.17,8,Travel,0,0,90,1,36,0
182.6,3,Travel,0,1,71,1,59,0
3.31,5,Electronics,0,0,61,4,69,0
237.32,3,Travel,0,0,25,2,59,0
80.45,2,Food,0,0,81,3,18,0
307.54,20,Electronics,0,0,29,2,63,0
1.51,21,Travel,0,0,78,0,48,0
191.68,4,Food,0,0,68,3,31,0
453.27,23,Travel,0,1,47,4,48,0
37.29,10,Clothing,0,1,76,0,25,0
171.27,5,Clothing,0,0,70,0,58,0
578.78,2,Travel,1,0,99,0,36,0
9.46,9,Travel,0,0,99,0,42,0
292.44,17,Grocery,0,1,83,2,52,0
541.16,20,Electronics,0,0,45,2,66,0
5.66,20,Clothing,0,0,78,4,69,0
429.01,8,Electronics,0,0,37,4,66,0
204.63,0,Clothing,0,1,51,2,51,0
35.58,11,Electronics,0,0,55,3,33,0
212.07,5,Electronics,0,0,53,3,59,0
373.87,23,Clothing,0,0,80,4,44,0
42.82,12,Grocery,0,0,53,1,18,0
14.41,6,Electronics,0,0,67,0,32,0
226.35,17,Electronics,0,0,51,1,40,0
10.57,16,Electronics,0,0,42,0,32,0
139.77,5,Food,0,0,25,4,41,0
75.64,15,Grocery,0,0,44,1,69,0
566.35,0,Electronics,0,0,37,0,48,0
1.26,6,Clothing,0,0,74,1,22,0
52.28,2,Clothing,0,0,48,2,57,0
117.75,11,Electronics,0,0,97,3,55,0
404.15,23,Travel,0,1,76,2,22,0
48.57,12,Travel,0,0,99,0,45,0
35.04,0,Clothing,0,0,77,3,62,0
222.65,13,Grocery,0,0,95,2,58,0
80.73,15,Grocery,0,0,30,1,67,0
36.23,18,Clothing,0,0,82,1,66,0
191.51,10,Grocery,0,0,74,1,63,0
28.0,19,Grocery,1,0,46,1,31,0
220.02,18,Travel,0,0,36,1,22,0
40.68,2,Electronics,0,0,62,0,45,0
94.65,2,Travel,0,0,37,0,55,0
44.83,20,Electronics,0,0,94,3,49,0
572.03,9,Electronics,0,0,80,2,50,0
19.86,0,Grocery,0,1,78,7,29,1
33.48,3,Electronics,0,0,62,0,51,0
76.97,1,Travel,0,0,41,3,22,0
31.79,7,Electronics,0,0,63,1,44,0
197.85,6,Grocery,0,0,57,1,57,0
131.68,7,Electronics,1,0,64,3,32,0
189.07,20,Clothing,0,1,84,0,37,0
159.34,18,Electronics,0,0,74,0,51,0
47.04,2,Grocery,0,0,42,3,63,0
619.97,17,Grocery,0,1,83,2,64,0
48.79,19,Clothing,0,0,45,2,37,0
250.53,16,Clothing,0,0,43,1,61,0
35.94,18,Clothing,0,0,37,1,43,0
61.98,13,Clothing,0,0,34,2,58,0
7.41,2,Grocery,0,0,76,3,23,0
31.07,5,Food,0,0,81,1,29,0
192.58,19,Clothing,0,0,72,4,44,0
143.09,22,Food,0,0,26,3,45,0
39.81,11,Grocery,0,0,43,1,52,0
632.73,21,Travel,0,0,74,1,62,0
9.68,10,Food,0,0,84,5,57,0
127.6,9,Travel,0,0,89,2,68,0
177.76,20,Electronics,0,0,50,3,34,0
142.4,4,Grocery,1,0,95,4,38,0
131.55,12,Food,0,1,79,3,49,0
536.63,4,Food,0,0,34,1,62,0
276.74,2,Food,0,1,53,2,68,0
66.21,12,Electronics,1,0,74,4,64,0
146.87,20,Food,0,0,88,1,43,0
203.12,2,Electronics,0,0,33,0,50,0
285.09,15,Electronics,0,1,64,2,37,0
359.6,23,Clothing,0,0,85,0,67,0
259.61,7,Clothing,0,0,26,4,39,0
309.65,15,Travel,0,0,49,4,18,0
437.9,16,Grocery,0,0,54,2,20,0
184.14,15,Clothing,0,0,36,2,18,0
219.04,11,Grocery,0,0,35,3,57,0
107.73,18,Food,0,0,39,3,61,0
19.2,21,Travel,0,0,52,4,50,0
296.21,22,Clothing,0,0,64,1,61,0
287.86,5,Electronics,0,1,83,0,36,0
317.07,17,Food,0,0,71,4,66,0
76.94,9,Travel,0,1,91,0,51,0
407.99,9,Electronics,0,0,52,5,63,0
485.36,4,Food,0,0,78,1,49,0
316.44,13,Clothing,0,0,58,3,19,0
203.08,0,Grocery,0,0,36,4,36,0
23.28,12,Clothing,0,0,96,1,40,0
134.6,20,Travel,0,0,74,3,33,0
41.45,20,Electronics,0,0,78,0,28,0
142.42,18,Travel,0,1,51,2,41,0
179.72,16,Clothing,0,0,68,4,62,0
24.14,5,Food,0,0,81,0,62,0
73.47,6,Food,0,0,60,3,20,0
185.3,22,Travel,0,0,42,2,54,0
50.7,5,Grocery,0,0,67,0,23,0
482.66,7,Travel,0,0,46,3,38,0
218.92,7,Travel,0,0,78,2,29,0
66.7,13,Electronics,0,0,41,3,34,0
69.5,22,Clothing,0,0,83,4,62,0
212.8,8,Clothing,0,0,61,2,26,0
13.23,9,Travel,0,0,47,1,68,0
159.48,12,Travel,0,0,99,2,27,0
136.79,6,Travel,1,0,31,1,37,0
95.26,6,Travel,0,0,53,1,68,0
161.24,9,Grocery,0,0,77,3,62,0
125.25,21,Food,0,0,93,1,40,0
261.84,5,Travel,0,0,51,3,55,0
427.61,19,Clothing,0,0,79,1,61,0
23.9,2,Travel,0,0,68,1,37,0
11.84,19,Food,0,0,93,2,36,0
127.39,5,Clothing,0,0,30,1,65,0
73.28,7,Grocery,1,0,47,6,23,0
52.47,20,Electronics,0,0,32,3,31,0
129.12,7,Travel,0,1,85,1,65,0
25.13,20,Travel,0,0,40,0,65,0
155.54,21,Clothing,1,0,98,1,18,0
442.77,18,Grocery,0,0,32,5,18,0
97.82,21,Food,0,0,74,2,34,0
37.1,3,Grocery,0,0,34,3,28,0
86.61,3,Food,0,0,91,0,54,0
41.02,16,Food,0,0,42,2,52,0
84.19,1,Travel,1,0,33,2,21,1
146.84,22,Clothing,0,0,94,2,40,0
276.73,2,Clothing,0,0,98,7,36,0
695.66,3,Grocery,0,0,77,1,22,0
80.39,8,Clothing,1,0,36,1,61,0
100.39,12,Grocery,0,0,31,1,48,0
150.14,12,Travel,0,0,62,1,38,0
64.45,0,Clothing,0,0,59,2,27,0
98.4,8,Grocery,0,0,50,1,23,0
345.13,11,Electronics,0,0,89,3,48,0
83.89,19,Electronics,0,0,81,1,67,0
368.92,23,Food,0,0,81,6,59,0
107.33,23,Clothing,0,0,51,0,43,0
205.73,22,Food,0,0,72,1,28,0
7.65,11,Travel,0,0,68,0,20,0
339.15,8,Food,0,0,77,1,42,0
145.97,12,Grocery,0,0,62,5,49,0
13.52,22,Grocery,0,0,73,3,40,0
93.02,16,Clothing,1,0,72,2,37,0
125.08,18,Clothing,0,0,31,0,19,0
107.59,0,Grocery,0,0,42,4,34,0
33.74,21,Grocery,0,0,63,1,21,0
355.73,3,Grocery,0,0,36,2,59,0
505.12,11,Electronics,0,0,61,2,51,0
41.47,6,Travel,0,1,84,1,39,0
78.47,20,Electronics,0,0,51,3,24,0
143.62,15,Travel,0,0,97,2,42,0
36.36,14,Grocery,0,0,88,1,55,0
30.79,7,Grocery,0,0,72,1,26,0
42.28,16,Clothing,0,0,38,0,63,0
94.24,8,Food,0,1,60,2,21,0
441.23,1,Grocery,0,0,98,0,53,0
85.52,3,Electronics,0,0,33,3,18,0
9.63,20,Electronics,0,0,61,2,51,0
20.98,19,Food,0,0,78,1,21,0
20.46,1,Clothing,1,0,95,0,66,0
232.29,4,Travel,0,0,43,4,69,0
58.21,5,Travel,0,0,26,2,37,0
323.86,21,Electronics,0,0,36,0,68,0
79.52,2,Food,0,0,27,1,34,0
18.4,7,Clothing,0,0,85,0,21,0
372.26,23,Food,0,0,45,4,65,0
136.65,12,Clothing,0,0,62,5,21,0
26.98,3,Clothing,0,0,45,2,60,0
42.27,22,Grocery,0,0,96,1,68,0
508.68,21,Grocery,0,0,83,4,68,0
353.47,12,Travel,0,0,84,3,60,0
265.42,9,Clothing,0,0,28,3,18,0
86.86,14,Electronics,1,0,31,1,20,0
8.88,16,Clothing,0,0,71,3,31,0
92.18,8,Clothing,0,0,90,2,56,0
29.69,9,Clothing,0,0,74,1,42,0
241.59,21,Food,0,0,86,1,22,0
34.02,6,Clothing,0,0,47,0,42,0
391.02,10,Grocery,0,1,69,1,59,0
200.31,22,Electronics,0,0,92,1,58,0
107.12,21,Travel,0,0,35,1,45,0
94.38,7,Grocery,0,0,51,2,59,0
293.23,18,Electronics,0,0,61,1,30,0
101.35,6,Clothing,0,0,54,0,21,0
114.16,0,Clothing,0,0,93,6,68,0
9.66,2,Electronics,0,0,91,3,34,0
521.12,16,Food,0,0,57,2,68,0
292.43,8,Electronics,0,0,86,1,38,0
377.89,3,Grocery,1,0,99,0,29,0
30.72,19,Clothing,0,0,53,3,62,0
4.03,21,Grocery,0,0,99,0,51,0
119.28,10,Grocery,0,1,89,1,31,0
332.35,20,Electronics,0,0,41,0,36,0
100.66,21,Food,0,0,37,2,30,0
122.02,17,Food,0,0,31,0,65,0
276.59,5,Travel,0,0,96,1,38,0
212.27,0,Clothing,0,0,90,3,22,0
34.15,17,Travel,0,0,42,2,59,0
204.57,17,Grocery,0,1,91,1,22,0
182.75,5,Travel,0,0,62,1,39,0
32.71,20,Food,0,0,98,0,20,0
297.97,16,Clothing,0,0,90,0,65,0
37.49,20,Electronics,0,0,88,0,56,0
299.9,17,Electronics,0,0,49,0,28,0
106.15,19,Clothing,0,1,64,5,50,0
541.93,19,Grocery,0,0,74,2,20,0
214.32,10,Grocery,0,0,27,0,39,0
361.22,9,Grocery,0,0,46,1,44,0
188.06,13,Grocery,0,0,59,1,45,0
164.29,1,Food,0,0,89,1,57,0
444.76,22,Clothing,0,0,29,1,25,0
187.8,6,Clothing,0,0,83,4,40,0
329.12,19,Electronics,0,0,79,2,26,0
57.22,15,Food,1,0,93,3,41,0
167.17,6,Grocery,1,0,82,6,33,0
64.47,9,Electronics,0,1,34,4,42,0
118.89,9,Food,0,0,28,5,68,0
535.6,21,Electronics,0,0,48,2,54,0
22.07,13,Clothing,0,0,33,4,44,0
204.26,14,Food,0,0,38,2,18,0
139.08,22,Travel,0,0,54,0,24,0
21.81,0,Food,0,0,67,3,51,0
142.78,10,Electronics,0,0,94,2,51,0
53.46,9,Travel,0,0,87,2,35,0
242.17,7,Grocery,0,0,25,1,23,0
189.98,23,Food,0,0,28,2,63,0
433.08,20,Grocery,0,0,83,1,44,0
48.35,7,Grocery,0,0,52,0,64,0
138.76,18,Travel,0,0,53,3,63,0
120.87,2,Travel,0,0,93,3,22,0
302.56,13,Food,1,0,45,1,67,0
246.49,7,Grocery,0,0,25,2,55,0
56.46,0,Travel,0,0,67,3,36,0
27.4,0,Electronics,0,1,99,4,61,0
306.66,4,Food,0,0,79,0,24,0
217.2,7,Clothing,0,0,89,1,29,0
91.86,2,Grocery,0,0,63,3,20,0
394.26,7,Electronics,0,0,91,1,52,0
14.67,23,Travel,0,0,39,5,44,0
2.71,7,Electronics,0,1,40,1,31,0
106.73,4,Travel,0,0,94,3,31,0
57.13,7,Electronics,0,0,27,2,19,0
257.64,5,Grocery,0,0,40,2,48,0
328.58,2,Travel,0,0,91,3,50,0
91.2,2,Electronics,0,0,38,0,37,0
2.72,23,Grocery,0,0,96,0,51,0
384.12,7,Grocery,0,0,84,1,37,0
40.84,16,Electronics,0,0,83,3,65,0
460.59,15,Food,0,0,58,1,58,0
2.21,23,Travel,0,0,51,1,47,0
117.93,3,Grocery,0,0,43,2,40,0
46.46,8,Electronics,1,0,43,0,63,0
150.19,6,Clothing,0,0,38,2,44,0
9.62,7,Grocery,0,0,95,0,44,0
8.89,1,Grocery,0,0,27,1,42,0
368.29,18,Food,0,0,29,4,44,0
211.17,5,Food,0,0,43,3,42,0
91.74,14,Clothing,0,0,48,1,55,0
170.29,15,Grocery,0,0,25,1,44,0
309.17,20,Clothing,0,0,51,1,38,0
15.56,11,Electronics,0,0,60,4,67,0
51.03,23,Travel,1,0,65,1,47,0
212.52,2,Clothing,0,0,68,1,61,0
149.84,2,Travel,0,0,93,1,22,0
386.2,17,Food,0,0,67,0,23,0
716.23,9,Clothing,0,1,65,0,30,0
62.82,19,Food,0,1,37,1,38,0
606.82,5,Clothing,0,0,42,1,37,0
95.4,15,Grocery,0,1,41,1,22,0
203.59,20,Food,0,0,50,5,46,0
11.6,3,Travel,0,0,48,1,62,0
0.58,6,Electronics,0,1,64,0,24,0
181.37,7,Food,0,1,48,4,31,0
141.57,2,Travel,0,0,32,0,19,0
287.73,9,Food,0,0,78,1,63,0
21.89,14,Food,0,0,61,2,39,0
367.1,5,Travel,0,0,82,1,62,0
57.93,6,Grocery,0,0,75,3,56,0
39.53,9,Clothing,0,0,54,2,66,0
86.87,15,Electronics,0,0,29,1,31,0
191.82,15,Clothing,0,0,48,6,25,0
98.25,15,Travel,0,0,85,6,19,0
101.92,15,Travel,0,0,93,3,18,0
14.52,14,Travel,0,0,74,0,52,0
25.26,7,Electronics,0,0,60,1,26,0
22.41,4,Electronics,0,0,36,2,43,0
371.95,3,Clothing,0,0,68,4,39,0
15.13,17,Food,0,0,28,4,43,0
3.18,3,Food,0,0,29,3,54,0
38.38,1,Grocery,0,0,63,1,52,0
348.45,2,Electronics,1,0,99,5,30,1
69.43,23,Electronics,0,0,82,2,68,0
164.64,13,Clothing,0,0,70,1,35,0
89.41,6,Travel,0,1,34,2,67,0
173.32,16,Grocery,0,0,45,2,19,0
183.45,16,Electronics,0,0,85,0,27,0
392.35,16,Food,0,0,73,2,20,0
7.4,21,Food,0,1,88,0,25,0
353.71,15,Grocery,0,0,62,2,61,0
120.45,14,Electronics,0,0,47,3,32,0
21.65,5,Travel,0,0,68,2,37,0
215.51,12,Electronics,0,0,71,2,23,0
501.4,23,Food,0,0,99,4,67,0
91.68,19,Grocery,0,0,79,3,60,0
309.93,16,Electronics,0,0,85,0,55,0
57.3,14,Clothing,0,0,78,2,35,0
264.61,14,Electronics,0,0,67,4,58,0
181.62,18,Clothing,0,0,88,3,40,0
84.47,2,Electronics,1,0,63,2,61,0
0.01,17,Travel,0,0,71,4,68,0
4.59,12,Electronics,0,0,87,2,42,0
57.45,1,Food,0,0,88,1,25,0
52.37,17,Clothing,0,0,75,4,45,0
385.31,23,Grocery,0,0,50,0,48,0
300.81,18,Grocery,0,0,56,1,48,0
242.11,0,Clothing,0,0,54,1,50,0
123.89,3,Grocery,0,0,80,0,43,0
203.46,14,Travel,0,1,44,1,41,0
391.19,12,Grocery,0,0,95,2,58,0
78.36,14,Food,1,0,79,0,18,0
233.7,8,Food,0,0,29,1,38,0
258.52,11,Grocery,0,0,36,2,47,0
62.5,1,Grocery,0,0,46,1,62,0
74.58,7,Clothing,0,0,54,3,51,0
54.81,23,Electronics,0,0,28,3,28,0
80.98,5,Food,0,1,50,3,23,0
198.95,8,Food,0,0,26,2,24,0
250.8,0,Food,0,0,49,4,61,0
180.97,6,Electronics,0,0,46,2,30,0
14.8,2,Travel,0,0,26,2,64,0
1.8,15,Grocery,0,0,36,2,56,0
96.03,12,Travel,0,0,95,3,18,0
240.75,5,Travel,0,0,70,0,55,0
241.01,13,Clothing,0,0,69,6,60,0
107.62,2,Travel,0,0,91,0,29,0
358.37,11,Food,0,0,52,3,65,0
225.35,0,Electronics,0,0,34,7,20,1
42.69,23,Grocery,1,1,39,4,46,1
104.47,12,Food,0,0,53,5,41,0
50.22,4,Food,0,1,45,2,26,0
222.68,10,Clothing,1,1,90,1,25,0
214.59,5,Electronics,0,0,41,1,54,0
196.43,0,Travel,0,0,26,3,63,0
126.9,0,Electronics,0,0,38,4,45,0
7.74,4,Electronics,1,0,39,1,18,0
56.73,17,Food,0,0,38,1,32,0
48.82,13,Clothing,0,0,30,4,31,0
75.13,2,Food,0,0,83,3,55,0
535.95,20,Electronics,0,1,70,0,33,0
373.43,7,Electronics,0,0,31,1,63,0
214.42,2,Travel,0,0,77,4,26,0
109.88,0,Electronics,0,0,78,1,23,0
35.92,12,Food,0,0,75,1,34,0
19.62,15,Clothing,0,0,36,3,53,0
352.79,15,Food,0,0,66,2,33,0
201.86,22,Clothing,0,0,90,1,60,0
263.31,22,Grocery,0,0,36,1,58,0
6.85,14,Electronics,0,0,92,0,23,0
21.74,20,Grocery,0,0,57,2,43,0
156.47,0,Travel,0,0,74,0,69,0
45.85,0,Grocery,0,0,40,3,41,0
2.91,9,Clothing,0,0,65,2,40,0
173.75,20,Electronics,1,0,54,3,65,0
118.92,17,Grocery,0,0,65,1,49,0
177.78,16,Grocery,0,0,95,5,52,0
71.23,22,Grocery,0,0,39,2,52,0
85.08,14,Travel,0,0,79,4,50,0
10.81,7,Clothing,0,0,44,3,22,0
406.39,16,Electronics,0,0,36,0,41,0
126.1,14,Travel,0,0,51,2,27,0
10.25,8,Food,0,0,31,1,40,0
315.24,22,Grocery,0,0,26,1,33,0
16.94,3,Clothing,0,0,44,2,60,0
25.52,8,Clothing,0,0,49,3,22,0
63.56,1,Food,0,0,63,3,68,0
311.06,10,Electronics,0,0,31,4,45,0
533.75,3,Clothing,0,0,81,2,43,0
74.79,3,Electronics,0,0,59,4,59,0
31.37,3,Food,0,0,71,1,30,0
26.1,5,Clothing,0,0,43,0,50,0
13.66,16,Grocery,0,0,49,2,30,0
203.06,4,Clothing,0,0,36,2,51,0
359.87,8,Travel,0,0,89,2,57,0
145.41,19,Travel,0,0,32,3,61,0
454.72,17,Electronics,0,0,80,3,21,0
228.31,6,Clothing,0,0,50,3,69,0
22.37,3,Grocery,0,0,78,1,52,0
308.06,7,Clothing,0,0,54,0,28,0
63.76,12,Electronics,0,0,86,0,22,0
544.68,8,Grocery,0,0,93,1,64,0
126.31,13,Grocery,0,0,86,1,19,0
432.08,21,Clothing,0,1,86,0,61,0
278.83,22,Travel,0,0,43,2,27,0
68.46,20,Food,0,0,74,4,23,0
429.51,15,Travel,0,0,69,4,24,0
253.2,17,Clothing,0,0,71,0,69,0
215.62,20,Clothing,0,0,60,3,47,0
103.78,23,Food,0,0,56,3,39,0
111.16,17,Electronics,0,0,44,2,22,0
0.69,11,Food,0,0,36,4,41,0
134.76,0,Clothing,1,0,32,4,52,1
51.7,0,Travel,0,0,87,0,52,0
175.16,2,Travel,0,0,69,1,29,0
51.47,17,Clothing,0,1,53,2,24,0
43.41,14,Grocery,0,0,76,3,35,0
15.65,22,Electronics,0,0,81,1,56,0
288.87,4,Grocery,0,0,35,1,39,0
348.74,13,Electronics,0,0,80,2,27,0
66.62,15,Food,1,0,99,0,47,0
117.2,16,Electronics,0,0,79,1,19,0
62.07,8,Food,0,0,50,4,28,0
23.97,5,Grocery,0,0,39,0,67,0
42.45,15,Food,0,0,77,2,48,0
14.2,14,Electronics,0,0,25,3,36,0
49.56,8,Travel,1,0,79,3,56,0
44.19,20,Clothing,0,0,45,4,61,0
59.14,1,Clothing,0,0,68,1,23,0
49.96,23,Electronics,0,0,45,1,29,0
137.07,3,Travel,0,0,91,2,37,0
3.51,19,Electronics,0,0,56,0,53,0
91.26,10,Clothing,0,0,41,1,67,0
277.24,2,Clothing,0,0,74,1,24,0
93.35,3,Grocery,0,0,84,4,39,0
150.14,0,Travel,0,0,33,0,20,0
145.11,18,Clothing,0,1,37,2,55,0
173.35,5,Travel,0,0,34,1,64,0
198.48,23,Food,0,0,33,2,54,0
195.23,5,Food,0,0,94,1,69,0
0.04,4,Travel,1,0,74,2,66,0
102.62,14,Electronics,0,0,47,4,20,0
8.41,1,Clothing,0,0,27,5,30,1
62.13,15,Food,0,0,74,3,24,0
69.97,11,Food,0,0,35,2,37,0
32.36,20,Travel,0,0,67,1,25,0
160.88,0,Food,0,0,89,2,49,0
63.11,6,Electronics,0,0,98,0,54,0
70.99,0,Travel,0,0,60,4,22,0
130.22,3,Grocery,0,0,59,4,35,0
43.76,15,Clothing,0,0,26,4,46,0
301.97,16,Food,0,0,61,2,67,0
24.89,0,Travel,0,0,69,1,69,0
145.78,10,Travel,1,0,80,1,18,0
54.99,21,Electronics,0,0,64,0,40,0
191.65,7,Electronics,0,0,95,2,33,0
185.18,7,Food,0,0,62,4,21,0
97.24,12,Electronics,0,0,94,1,63,0
168.45,3,Electronics,0,0,67,0,22,0
342.94,15,Clothing,0,0,38,2,30,0
51.49,18,Travel,0,0,54,2,46,0
155.54,13,Clothing,0,0,70,3,45,0
76.51,17,Food,0,0,81,1,40,0
141.42,23,Travel,1,0,59,3,37,0
194.9,1,Clothing,1,0,61,3,59,0
17.21,11,Travel,0,0,33,2,63,0
3.97,15,Grocery,0,0,40,1,62,0
113.49,14,Food,0,0,94,0,35,0
123.29,7,Clothing,1,0,57,0,19,0
32.97,21,Food,0,0,63,1,43,0
53.42,22,Electronics,1,0,98,0,24,0
145.62,1,Food,1,0,54,3,24,0
184.74,8,Grocery,0,0,41,1,41,0
19.25,9,Clothing,0,0,37,1,52,0
496.86,6,Travel,0,1,74,4,37,0
7.36,19,Clothing,0,0,40,5,23,0
43.72,11,Travel,0,0,74,3,58,0
174.17,14,Grocery,0,0,33,4,30,0
14.42,5,Electronics,0,0,88,2,42,0
194.91,14,Electronics,0,0,85,3,62,0
203.73,13,Clothing,0,0,74,3,37,0
94.0,2,Food,1,0,42,0,23,0
308.16,14,Travel,0,0,96,2,62,0
312.25,8,Electronics,0,0,69,1,68,0
481.12,19,Food,0,0,45,1,60,0
20.35,14,Grocery,0,0,85,1,29,0
94.03,12,Electronics,1,0,87,2,61,0
78.44,7,Electronics,0,1,54,2,49,0
224.11,7,Electronics,0,1,31,2,57,0
62.45,4,Travel,1,0,88,1,68,0
94.41,8,Travel,0,0,73,1,56,0
32.04,4,Clothing,0,1,56,4,33,0
52.4,7,Clothing,0,0,88,1,35,0
190.6,16,Electronics,0,1,60,2,21,0
57.22,14,Electronics,0,0,65,4,39,0
44.31,2,Clothing,0,0,54,0,19,0
144.0,20,Food,0,0,62,2,36,0
322.85,18,Clothing,0,0,43,2,69,0
215.56,11,Food,0,1,26,3,34,0
356.93,12,Electronics,1,0,53,3,50,0
30.21,18,Electronics,1,0,84,1,50,0
2.71,11,Electronics,0,0,34,2,51,0
106.27,7,Food,0,0,91,1,21,0
36.47,10,Clothing,0,0,36,2,66,0
80.17,6,Travel,0,0,47,2,28,0
235.22,19,Electronics,0,0,68,1,25,0
450.81,13,Grocery,0,0,47,4,36,0
101.16,11,Travel,1,0,38,0,48,0
108.54,18,Food,0,0,70,2,26,0
167.98,23,Grocery,0,0,80,0,55,0
258.6,21,Travel,0,0,66,6,53,0
225.1,21,Grocery,0,0,89,0,68,0
6.08,6,Clothing,0,0,77,3,48,0
126.44,23,Food,0,0,67,3,68,0
129.54,2,Travel,0,0,77,2,28,0
6.0,19,Food,0,0,95,0,69,0
96.45,11,Grocery,0,0,61,1,29,0
78.23,5,Clothing,0,0,29,4,22,0
371.24,21,Travel,0,0,70,0,33,0
40.27,18,Food,1,0,96,3,66,0
185.89,0,Travel,0,1,76,0,60,0
357.84,17,Clothing,0,0,55,1,50,0
35.85,8,Food,1,0,29,0,41,0
231.74,18,Grocery,0,0,90,4,19,0
222.31,19,Clothing,0,0,41,2,55,0
24.07,8,Food,0,0,35,2,30,0
129.59,0,Travel,0,0,93,1,45,0
178.67,11,Electronics,0,0,58,2,32,0
44.86,18,Clothing,0,0,48,3,46,0
232.09,11,Grocery,0,0,60,0,31,0
291.35,19,Grocery,0,0,80,2,48,0
257.63,20,Grocery,0,0,94,3,27,0
15.23,7,Electronics,0,0,94,1,31,0
222.97,20,Travel,0,0,68,6,24,0
2.87,17,Clothing,0,0,98,3,28,0
10.72,19,Clothing,0,0,85,2,59,0
73.83,0,Clothing,0,0,90,0,43,0
186.69,6,Clothing,0,0,32,2,35,0
103.65,10,Electronics,0,0,49,4,65,0
147.82,9,Clothing,0,0,99,3,59,0
247.0,17,Grocery,0,0,73,2,24,0
386.74,7,Grocery,0,0,55,1,46,0
593.08,22,Electronics,0,0,95,3,59,0
1.66,0,Clothing,0,0,60,4,18,0
116.02,20,Clothing,0,0,93,5,59,0
227.47,14,Travel,0,0,90,1,37,0
124.75,14,Grocery,0,0,69,0,65,0
13.43,13,Clothing,0,0,73,2,46,0
27.15,16,Electronics,0,0,68,2,49,0
76.33,19,Clothing,0,0,65,2,60,0
164.94,13,Electronics,0,0,29,6,21,0
269.66,22,Clothing,0,0,54,0,48,0
36.9,3,Grocery,0,0,49,3,29,0
234.76,14,Clothing,1,0,91,1,50,0
66.44,6,Grocery,0,0,33,0,42,0
30.48,17,Travel,0,1,67,1,63,0
15.3,3,Electronics,0,0,43,5,45,0
93.01,4,Grocery,0,0,58,2,20,0
140.02,19,Food,0,1,88,4,26,0
295.56,2,Clothing,0,0,71,1,65,0
260.4,17,Clothing,0,0,53,2,63,0
444.33,19,Clothing,0,0,99,1,37,0
73.96,1,Clothing,0,0,60,1,44,0
4.82,0,Travel,0,0,72,4,40,0
288.31,3,Electronics,0,0,89,0,52,0
331.93,1,Clothing,0,0,99,2,53,0
24.57,9,Travel,1,1,55,6,27,1
172.01,9,Food,0,1,45,1,40,0
234.43,23,Food,0,0,99,1,61,0
560.81,13,Clothing,0,0,34,3,57,0
59.59,22,Grocery,0,0,27,2,24,0
203.99,9,Food,0,0,73,1,58,0
306.13,3,Electronics,0,0,54,1,54,0
183.46,7,Grocery,0,0,73,1,53,0
54.48,20,Travel,0,0,69,0,67,0
143.95,7,Grocery,0,0,81,1,47,0
525.13,23,Travel,0,1,69,4,28,0
230.63,16,Electronics,0,0,83,1,65,0
181.04,16,Electronics,0,0,44,3,33,0
142.38,7,Travel,0,1,91,0,35,0
33.17,13,Travel,0,0,83,2,56,0
490.38,15,Travel,0,0,47,3,30,0
499.83,21,Travel,0,0,32,3,63,0
61.58,8,Clothing,0,1,25,0,39,0
208.52,13,Clothing,0,0,27,2,47,0
95.27,19,Electronics,0,0,41,3,26,0
379.46,15,Electronics,0,0,85,0,59,0
388.49,7,Electronics,0,0,53,2,46,0
204.93,14,Electronics,0,0,62,2,60,0
36.99,11,Travel,0,0,60,3,28,0
56.15,14,Electronics,1,0,26,0,69,0
5.66,14,Food,0,0,71,4,22,0
84.69,23,Food,0,0,73,3,60,0
7.93,8,Travel,1,0,99,1,53,0
18.5,1,Electronics,0,0,82,2,64,0
67.22,0,Travel,0,0,61,1,30,0
83.58,23,Clothing,1,0,63,4,34,0
21.5,21,Food,0,0,69,0,27,0
7.53,10,Travel,0,0,66,3,55,0
158.42,0,Grocery,0,0,38,3,25,0
326.54,20,Grocery,0,0,43,4,59,0
41.09,9,Travel,0,0,95,0,57,0
359.65,9,Food,0,0,63,3,50,0
39.93,22,Electronics,0,0,53,2,24,0
91.14,8,Clothing,0,0,65,4,30,0
166.4,4,Grocery,0,0,55,0,40,0
435.09,7,Travel,0,0,84,0,58,0
55.92,15,Grocery,0,0,84,4,26,0
285.76,4,Food,0,0,52,3,22,0
16.53,10,Food,0,0,78,2,37,0
3.03,5,Food,0,0,54,1,69,0
91.35,22,Grocery,0,0,71,1,50,0
569.91,10,Electronics,0,0,91,1,22,0
29.7,19,Travel,0,0,26,3,58,0
36.65,14,Travel,0,0,42,1,41,0
60.92,17,Food,0,0,30,2,24,0
42.69,6,Travel,0,0,73,1,63,0
53.59,16,Food,0,1,67,2,46,0
101.08,6,Travel,0,0,28,2,57,0
16.8,20,Travel,0,0,35,1,35,0
191.11,6,Grocery,0,0,32,1,41,0
177.95,23,Grocery,0,0,46,4,35,0
341.45,7,Food,0,0,53,4,56,0
71.52,1,Grocery,1,0,31,3,28,1
137.96,15,Clothing,0,0,59,1,38,0
5.68,15,Grocery,0,0,69,2,28,0
638.22,22,Electronics,0,0,77,2,40,0
216.09,6,Food,0,0,55,5,63,0
69.24,8,Electronics,0,0,82,0,63,0
404.14,21,Electronics,0,1,26,1,18,0
219.43,20,Food,0,0,57,0,63,0
596.47,17,Food,0,0,58,3,34,0
73.18,1,Travel,0,0,66,4,62,0
128.3,22,Grocery,0,0,43,0,45,0
65.36,5,Grocery,0,0,97,2,54,0
146.22,14,Travel,0,0,96,0,62,0
6.3,10,Travel,0,0,57,1,31,0
74.76,8,Travel,0,0,74,1,46,0
356.51,15,Clothing,0,0,63,1,35,0
130.88,18,Clothing,0,0,85,5,39,0
5.85,3,Food,0,1,60,0,28,0
367.11,4,Electronics,0,0,39,4,40,0
7.05,11,Grocery,0,0,83,2,22,0
61.01,11,Clothing,0,1,25,3,44,0
4.71,17,Food,0,0,65,1,67,0
107.13,4,Electronics,0,0,53,1,38,0
23.05,10,Travel,0,0,80,2,23,0
69.42,0,Electronics,0,0,49,2,59,0
30.66,8,Food,0,0,45,2,67,0
129.91,7,Food,0,0,47,1,67,0
44.62,0,Food,0,0,27,2,22,0
66.73,22,Grocery,0,0,86,4,32,0
210.79,12,Grocery,0,0,84,1,40,0
203.76,10,Travel,0,0,75,1,57,0
99.45,12,Travel,0,0,78,0,42,0
354.22,9,Travel,0,0,81,2,60,0
148.38,22,Food,0,0,36,1,19,0
75.54,5,Electronics,0,0,76,2,65,0
105.19,9,Travel,0,0,47,4,60,0
212.93,12,Travel,0,0,83,3,49,0
28.43,13,Electronics,0,0,33,1,52,0
46.47,0,Travel,0,0,87,1,68,0
126.37,9,Grocery,0,0,75,0,46,0
265.7,7,Grocery,0,0,29,1,47,0
129.39,17,Grocery,0,0,76,0,31,0
282.04,22,Travel,1,0,83,4,33,0
152.59,6,Food,0,0,88,2,39,0
91.8,15,Electronics,0,0,25,2,36,0
413.48,0,Food,0,0,67,3,47,0
246.25,21,Food,0,1,31,1,27,0
143.54,23,Food,0,0,85,1,26,0
198.34,16,Travel,0,0,48,2,65,0
201.04,6,Food,0,0,51,0,60,0
154.05,8,Travel,0,0,73,3,34,0
344.56,20,Travel,0,0,37,3,54,0
158.01,20,Food,0,0,89,3,43,0
301.7,1,Electronics,0,0,61,1,41,0
6.17,8,Grocery,0,0,44,1,38,0
298.47,16,Electronics,0,0,33,3,55,0
0.96,3,Electronics,1,0,58,1,69,0
2.69,11,Food,1,0,68,7,45,0
113.39,7,Food,0,0,54,1,31,0
476.69,1,Electronics,0,0,92,1,34,0
200.27,1,Clothing,0,0,34,0,50,0
216.92,14,Electronics,1,0,52,0,28,0
146.57,15,Electronics,0,0,52,1,45,0
145.43,6,Travel,0,0,54,2,64,0
169.27,5,Clothing,0,0,79,5,54,0
11.51,15,Grocery,0,0,99,0,62,0
266.51,23,Electronics,0,0,94,2,44,0
132.18,5,Food,0,0,93,1,28,0
502.2,15,Travel,0,0,41,1,61,0
104.42,15,Travel,0,0,72,0,61,0
49.21,0,Electronics,0,0,95,3,65,0
47.75,9,Clothing,0,0,46,1,44,0
792.0,6,Travel,0,0,81,1,43,0
117.66,20,Food,0,0,96,1,64,0
57.64,8,Electronics,0,0,42,1,59,0
76.57,0,Grocery,0,0,72,3,38,0
157.36,23,Grocery,0,0,87,1,28,0
97.88,23,Electronics,0,0,40,1,23,0
655.56,12,Grocery,0,0,88,1,66,0
254.43,1,Food,0,0,95,1,35,0
142.59,15,Electronics,0,0,50,1,47,0
26.58,14,Clothing,0,0,97,0,50,0
294.37,0,Food,0,0,48,0,40,0
404.3,4,Clothing,0,1,33,1,38,0
181.88,9,Grocery,0,1,87,2,25,0
100.27,13,Electronics,0,0,95,0,61,0
126.06,10,Clothing,0,0,41,2,39,0
359.42,22,Electronics,0,0,85,2,23,0
124.21,5,Travel,0,0,84,0,24,0
57.88,5,Food,0,0,91,2,24,0
502.06,19,Grocery,0,0,41,2,33,0
102.46,19,Food,0,0,29,2,41,0
89.78,5,Electronics,0,0,47,0,22,0
95.22,17,Travel,0,0,75,4,55,0
339.66,8,Food,0,0,28,1,34,0
316.89,19,Food,0,0,49,6,50,0
18.8,13,Travel,0,0,81,2,31,0
195.42,15,Grocery,0,0,47,2,24,0
92.91,10,Electronics,0,0,96,2,49,0
208.84,9,Food,0,0,97,6,63,0
73.79,16,Grocery,0,0,52,3,34,0
119.82,15,Food,0,0,63,2,63,0
228.43,2,Food,0,0,69,1,62,0
321.02,5,Electronics,0,0,83,3,29,0
86.67,13,Electronics,0,0,83,0,23,0
293.44,22,Clothing,0,0,95,1,57,0
204.35,23,Clothing,0,0,31,2,60,0
540.72,23,Electronics,0,0,29,4,26,0
90.73,17,Food,0,0,77,3,46,0
12.95,16,Clothing,0,0,31,1,62,0
212.19,7,Grocery,0,0,35,2,19,0
22.51,16,Travel,0,0,59,3,66,0
270.84,8,Food,0,0,94,2,25,0
138.83,9,Food,0,0,35,3,21,0
299.82,0,Electronics,0,0,78,4,54,0
237.17,8,Grocery,0,0,33,1,37,0
71.92,23,Food,0,0,36,0,61,0
462.03,10,Clothing,0,1,88,4,64,0
20.33,22,Travel,0,0,78,2,65,0
74.17,22,Grocery,0,0,28,3,53,0
66.49,6,Grocery,0,0,81,4,47,0
507.79,21,Grocery,0,0,70,4,40,0
212.34,16,Food,0,0,92,1,40,0
92.82,17,Grocery,0,0,84,0,62,0
568.27,1,Food,0,0,29,4,31,0
17.68,21,Electronics,0,0,83,1,33,0
398.66,3,Grocery,0,0,30,5,61,1
8.11,21,Travel,0,0,78,4,58,0
90.5,0,Clothing,0,0,39,2,62,0
46.63,11,Grocery,0,0,73,2,54,0
119.54,17,Travel,0,0,92,1,41,0
234.31,4,Travel,0,0,50,1,63,0
131.63,20,Clothing,0,0,35,1,27,0
6.73,10,Electronics,0,0,62,3,29,0
128.81,23,Grocery,0,0,32,2,56,0
261.63,15,Travel,0,0,92,5,38,0
79.01,1,Electronics,0,0,99,4,53,0
266.72,4,Travel,0,0,45,0,38,0
15.98,7,Food,0,0,63,2,37,0
186.49,14,Travel,0,0,46,1,34,0
76.98,10,Travel,0,0,75,2,24,0
106.08,8,Food,0,0,35,3,56,0
246.9,22,Food,0,0,34,0,21,0
93.88,16,Travel,0,0,36,7,27,0
13.85,23,Travel,0,0,36,4,67,0
96.46,0,Food,0,1,38,2,60,1
145.23,9,Electronics,0,0,52,2,30,0
710.94,20,Electronics,0,0,28,1,21,0
375.0,3,Food,0,0,79,2,24,0
103.36,7,Grocery,0,0,89,2,56,0
2.0,6,Electronics,1,0,93,1,63,0
156.25,1,Clothing,0,0,54,1,34,0
21.68,5,Clothing,0,0,40,3,23,0
135.39,5,Food,0,1,88,3,27,0
817.59,12,Grocery,0,0,60,2,27,0
93.58,23,Electronics,0,0,53,1,68,0
486.35,3,Grocery,0,0,58,4,50,0
518.08,14,Grocery,0,0,71,1,38,0
313.45,17,Travel,0,0,97,2,55,0
143.28,2,Electronics,0,0,45,3,44,0
441.04,8,Grocery,0,0,75,1,66,0
8.99,9,Clothing,0,0,56,3,39,0
118.45,12,Travel,0,0,93,1,36,0
30.56,7,Food,1,0,78,2,23,0
82.9,19,Travel,0,0,37,0,18,0
19.09,13,Grocery,0,0,30,1,50,0
70.4,14,Electronics,0,0,28,1,23,0
70.88,23,Clothing,0,0,53,0,33,0
60.49,5,Travel,0,0,37,3,54,0
201.13,17,Grocery,0,0,96,2,27,0
174.8,5,Grocery,0,0,64,0,24,0
113.82,1,Grocery,0,0,41,5,42,0
192.47,4,Travel,0,0,91,2,21,0
177.64,2,Travel,0,0,70,1,27,0
114.88,2,Electronics,0,0,95,2,25,0
102.39,20,Travel,0,0,42,7,25,0
405.74,8,Electronics,0,0,84,1,60,0
298.62,9,Electronics,0,0,93,2,65,0
880.32,23,Electronics,0,0,32,3,54,0
224.89,13,Travel,1,0,75,3,57,0
129.89,18,Travel,0,0,48,0,66,0
115.7,4,Food,0,1,91,3,25,0
249.43,15,Grocery,0,1,64,1,50,0
409.84,3,Grocery,0,0,92,2,43,0
122.13,12,Clothing,0,0,76,3,42,0
42.16,13,Travel,0,0,69,1,23,0
19.6,8,Grocery,0,0,90,2,67,0
72.62,14,Electronics,1,0,98,5,67,0
776.66,3,Grocery,1,0,32,4,56,1
93.31,4,Electronics,0,0,65,0,22,0
241.04,17,Electronics,1,0,70,2,23,0
66.85,1,Travel,0,0,90,4,39,0
88.99,13,Grocery,1,0,57,1,67,0
87.76,13,Travel,0,0,78,2,30,0
17.58,11,Electronics,0,0,96,2,55,0
25.99,1,Food,0,0,70,4,65,0
86.37,5,Electronics,0,1,28,3,60,0
60.3,7,Travel,0,0,88,2,45,0
25.0,18,Grocery,0,0,78,2,41,0
442.24,8,Grocery,0,0,67,2,40,0
40.3,20,Travel,0,0,59,3,60,0
177.85,9,Clothing,0,0,25,2,64,0
389.68,1,Clothing,0,0,76,3,29,0
19.81,3,Travel,0,0,29,1,42,0
190.14,22,Food,0,0,97,1,36,0
201.76,10,Travel,0,1,70,1,60,0
324.66,8,Food,0,0,69,1,57,0
516.59,10,Grocery,0,0,32,3,37,0
39.88,19,Clothing,0,0,29,1,29,0
389.33,3,Travel,0,0,54,1,25,0
89.49,19,Electronics,0,0,56,1,28,0
173.29,0,Food,0,0,53,4,52,0
1390.24,1,Clothing,0,0,43,1,61,0
3.66,6,Clothing,0,0,93,3,49,0
152.7,16,Electronics,0,0,99,0,36,0
69.31,22,Grocery,0,0,25,0,53,0
405.37,16,Grocery,1,0,49,1,21,0
3.01,16,Food,0,0,72,0,55,0
188.95,1,Grocery,0,0,98,3,19,0
107.3,8,Clothing,0,0,32,2,45,0
495.23,14,Grocery,0,0,50,0,59,0
121.88,18,Food,0,0,96,4,53,0
775.84,7,Food,0,0,95,1,26,0
173.28,2,Electronics,0,0,87,1,21,0
10.16,15,Food,0,0,33,1,31,0
46.34,18,Travel,0,0,28,2,40,0
18.85,11,Food,0,1,49,0,39,0
192.62,1,Food,0,0,48,2,69,0
70.19,5,Grocery,0,0,40,2,40,0
1.37,6,Grocery,0,0,30,0,22,0
229.71,20,Food,1,0,83,2,25,0
404.15,2,Food,0,0,61,6,46,0
24.67,23,Clothing,0,0,78,0,67,0
36.98,18,Food,0,0,34,5,37,0
296.9,9,Electronics,0,0,61,0,35,0
299.34,1,Travel,0,0,64,1,22,0
292.86,1,Electronics,0,0,44,2,69,0
125.31,3,Electronics,0,0,95,2,64,0
488.92,9,Clothing,0,0,34,1,38,0
191.76,9,Travel,0,0,73,3,59,0
12.53,20,Grocery,0,0,70,1,65,0
174.31,0,Clothing,0,0,46,2,29,0
37.47,0,Grocery,0,0,25,0,39,0
27.96,0,Food,0,0,70,1,60,0
3.98,3,Clothing,0,0,60,1,57,0
318.31,22,Grocery,0,0,99,5,64,0
595.19,14,Travel,0,0,38,7,68,0
114.54,5,Food,0,0,61,2,37,0
355.77,16,Travel,0,0,53,1,46,0
53.62,18,Clothing,0,0,48,4,39,0
12.95,2,Food,0,1,79,1,59,0
330.85,14,Electronics,0,0,56,2,32,0
93.93,1,Travel,0,1,27,3,69,1
236.68,18,Electronics,0,0,89,5,28,0
49.75,0,Travel,0,0,41,2,44,0
89.9,16,Travel,0,0,36,3,51,0
335.96,17,Clothing,0,1,78,1,20,0
250.1,8,Clothing,0,0,48,2,48,0
284.55,15,Electronics,0,0,69,3,51,0
69.53,5,Food,0,0,78,1,32,0
152.29,4,Grocery,1,0,99,1,35,0
319.22,18,Electronics,0,0,60,4,29,0
222.61,20,Clothing,0,0,95,5,33,0
62.87,17,Clothing,0,0,25,1,61,0
299.58,21,Electronics,0,0,55,3,51,0
47.68,1,Travel,0,0,80,3,52,0
253.57,21,Travel,0,1,38,2,25,0
118.15,19,Food,0,1,75,3,59,0
213.07,20,Travel,0,0,86,0,51,0
334.83,16,Electronics,0,0,70,1,37,0
12.38,12,Clothing,0,0,49,2,32,0
59.62,0,Food,1,0,57,3,25,0
210.32,6,Travel,0,0,40,1,59,0
74.4,0,Grocery,1,0,36,1,57,1
200.25,1,Travel,1,0,63,2,55,0
401.12,14,Electronics,0,0,32,1,29,0
342.18,13,Clothing,0,0,46,5,54,0
198.12,10,Food,0,0,60,1,41,0
20.56,16,Electronics,0,0,78,1,47,0
103.65,15,Clothing,1,0,72,0,60,0
18.27,19,Travel,0,0,86,0,63,0
76.4,17,Electronics,0,0,60,1,33,0
223.89,17,Travel,0,0,58,2,63,0
115.91,19,Grocery,0,0,31,2,45,0
120.35,22,Clothing,0,0,85,2,56,0
157.75,7,Clothing,1,0,45,6,62,0
68.16,17,Grocery,0,0,32,1,28,0
88.77,13,Food,0,0,49,2,34,0
42.24,18,Electronics,0,0,98,1,69,0
88.42,3,Clothing,0,0,81,6,45,0
25.01,22,Clothing,0,0,96,3,57,0
283.11,3,Clothing,1,0,86,0,58,0
15.82,21,Food,0,1,34,5,23,1
226.01,3,Grocery,0,0,75,3,37,0
136.91,12,Clothing,0,0,41,2,51,0
109.08,19,Clothing,0,0,69,1,53,0
23.61,21,Travel,0,0,33,4,39,0
53.78,21,Clothing,1,0,65,6,47,0
258.53,1,Electronics,0,0,62,0,50,0
62.19,10,Grocery,0,0,64,2,30,0
139.04,12,Food,0,0,81,1,38,0
977.98,18,Clothing,0,0,65,2,22,0
188.33,5,Travel,0,0,49,1,29,0
473.08,13,Clothing,0,0,72,1,35,0
60.41,13,Grocery,0,0,45,3,68,0
73.36,19,Travel,0,0,76,2,66,0
131.04,9,Clothing,0,0,48,2,36,0
426.09,17,Grocery,0,0,63,3,60,0
34.82,1,Electronics,0,0,89,0,42,0
105.63,4,Electronics,0,0,93,4,24,0
175.44,14,Food,0,0,95,1,38,0
671.45,9,Clothing,0,1,39,1,61,0
206.96,6,Electronics,0,0,87,1,66,0
24.62,4,Food,0,1,62,2,31,0
178.1,16,Electronics,0,0,49,2,33,0
35.98,13,Food,0,0,45,2,43,0
187.08,14,Electronics,0,1,41,2,44,0
81.05,12,Clothing,1,0,83,3,29,0
582.79,17,Travel,0,0,62,0,23,0
28.04,4,Food,0,0,27,1,50,0
168.83,13,Grocery,0,0,77,0,63,0
455.07,21,Food,0,0,53,1,35,0
215.65,11,Clothing,0,0,98,2,69,0
30.48,14,Clothing,0,1,38,4,46,0
95.29,14,Grocery,0,0,43,4,39,0
30.69,12,Electronics,0,0,39,2,20,0
78.84,4,Grocery,0,1,44,4,45,0
12.61,3,Food,0,0,32,2,28,0
242.8,8,Travel,0,0,69,1,21,0
61.13,20,Grocery,0,1,47,1,42,0
16.17,7,Travel,0,0,94,2,26,0
159.7,6,Food,0,0,66,4,63,0
58.48,1,Clothing,0,0,97,5,50,0
125.54,10,Electronics,1,1,40,1,48,0
314.05,8,Clothing,0,0,61,2,21,0
431.28,10,Electronics,0,0,78,4,25,0
49.16,15,Grocery,1,0,71,0,51,0
113.53,11,Travel,1,0,93,1,63,0
100.61,17,Travel,0,1,91,3,34,0
29.02,18,Grocery,0,0,83,2,67,0
307.73,16,Electronics,0,0,93,4,33,0
64.53,12,Grocery,0,0,89,1,61,0
2.07,19,Clothing,0,0,43,1,22,0
83.81,10,Grocery,0,0,72,4,33,0
36.67,8,Electronics,1,0,46,1,67,0
88.16,9,Electronics,0,0,28,2,21,0
116.33,11,Grocery,0,0,95,0,58,0
483.23,17,Electronics,0,0,47,3,58,0
39.86,9,Electronics,0,1,50,3,38,0
681.24,22,Grocery,0,0,49,2,36,0
331.91,14,Clothing,0,0,82,1,45,0
97.43,11,Travel,0,0,98,1,46,0
17.39,22,Grocery,0,0,93,1,67,0
44.58,15,Food,0,0,70,2,40,0
394.72,18,Travel,0,0,85,1,61,0
356.09,20,Clothing,0,1,54,0,20,0
429.99,3,Electronics,0,0,25,2,44,0
162.73,10,Grocery,0,0,90,0,47,0
525.28,9,Clothing,0,0,45,1,59,0
86.2,8,Travel,0,0,60,2,54,0
227.9,16,Food,0,0,53,2,63,0
114.38,20,Clothing,1,0,87,1,57,0
168.67,14,Travel,0,0,84,1,62,0
121.36,9,Electronics,1,0,49,2,51,0
192.29,19,Travel,0,0,42,2,56,0
75.3,11,Food,0,0,60,5,65,0
1.73,23,Travel,0,0,83,2,67,0
603.51,10,Travel,0,0,33,6,25,0
195.41,9,Travel,0,0,42,0,45,0
200.86,9,Food,1,1,89,2,29,0
71.6,14,Food,0,0,38,1,69,0
217.62,4,Electronics,0,0,81,2,37,0
197.89,5,Travel,1,0,82,0,43,0
65.6,5,Grocery,0,0,54,2,22,0
16.76,20,Clothing,0,0,83,3,37,0
217.4,16,Grocery,0,0,61,3,44,0
184.69,6,Food,0,1,93,2,35,0
58.34,12,Grocery,0,0,45,2,22,0
276.0,16,Grocery,0,0,95,1,36,0
304.76,7,Food,0,0,37,2,57,0
175.38,16,Food,0,0,72,2,44,0
16.09,16,Clothing,1,0,45,1,35,0
142.5,5,Travel,0,0,77,3,46,0
30.85,16,Food,0,1,25,2,21,0
136.46,21,Food,0,0,37,1,19,0
503.64,11,Clothing,0,0,72,1,27,0
203.72,16,Clothing,0,0,32,2,63,0
318.49,7,Grocery,0,0,82,5,68,0
193.88,20,Grocery,0,0,47,0,19,0
22.49,4,Food,0,0,49,3,65,0
22.96,5,Food,0,1,88,1,36,0
384.2,18,Electronics,0,0,86,2,60,0
23.21,20,Grocery,0,0,89,1,64,0
452.23,2,Grocery,0,0,70,3,60,0
47.83,13,Travel,0,0,68,0,18,0
115.82,22,Grocery,1,0,36,3,23,0
45.72,21,Travel,1,0,81,1,49,0
516.27,7,Clothing,0,0,70,4,45,0
131.04,11,Clothing,0,0,82,0,51,0
141.45,16,Clothing,0,0,79,3,57,0
10.41,3,Clothing,0,0,66,0,42,0
126.55,7,Clothing,0,0,58,3,40,0
222.4,2,Electronics,0,0,29,4,30,0
21.46,12,Grocery,0,0,51,3,43,0
60.8,15,Electronics,1,0,49,3,49,0
36.34,11,Grocery,0,0,50,3,69,0
76.79,17,Grocery,0,0,28,0,42,0
125.69,10,Grocery,0,0,46,3,49,0
78.59,21,Clothing,0,0,84,2,25,0
289.5,7,Grocery,0,0,80,2,31,0
122.27,21,Electronics,0,0,65,1,66,0
462.21,16,Electronics,0,0,75,0,65,0
280.05,20,Electronics,0,1,73,1,34,0
214.63,23,Grocery,0,0,87,4,23,0
2.06,11,Clothing,0,0,27,1,25,0
335.72,4,Travel,0,0,25,1,43,0
98.84,3,Food,0,1,67,3,53,0
598.76,17,Travel,0,0,34,6,21,0
268.22,18,Food,0,0,69,2,53,0
61.35,10,Clothing,0,0,44,2,48,0
59.03,20,Electronics,0,0,64,3,36,0
196.75,16,Clothing,0,0,93,1,44,0
253.27,0,Grocery,0,0,58,3,30,0
32.01,8,Travel,0,0,68,2,34,0
91.5,19,Travel,0,0,44,2,58,0
13.08,9,Food,0,0,26,2,69,0
69.67,2,Food,0,0,83,3,56,0
25.98,21,Electronics,0,0,35,0,45,0
288.17,7,Grocery,0,0,71,0,38,0
487.67,1,Clothing,0,0,78,2,35,0
119.96,22,Food,1,0,28,3,40,0
36.61,15,Grocery,0,0,31,1,19,0
417.95,9,Food,0,0,82,2,61,0
109.69,12,Food,0,0,45,1,47,0
335.43,20,Food,1,1,29,2,44,1
332.05,9,Clothing,0,0,59,3,67,0
135.36,5,Food,0,0,58,3,23,0
397.67,2,Grocery,0,0,52,2,38,0
433.82,7,Clothing,0,0,35,2,39,0
457.6,3,Food,1,0,51,1,24,0
166.88,7,Travel,0,0,45,5,46,0
214.38,5,Clothing,0,0,38,2,59,0
318.2,20,Electronics,0,0,99,3,39,0
209.5,16,Travel,0,0,84,3,64,0
141.14,3,Food,0,0,79,0,58,0
193.05,1,Food,0,0,26,1,55,0
47.07,3,Food,0,0,25,1,36,0
199.96,14,Food,0,0,36,1,65,0
120.46,10,Electronics,0,0,38,1,39,0
282.61,8,Food,0,0,73,1,21,0
52.34,7,Clothing,1,0,63,0,57,0
938.66,17,Travel,0,0,87,1,43,0
55.05,16,Clothing,0,0,74,1,37,0
8.08,8,Travel,0,0,38,2,57,0
630.1,12,Travel,0,1,77,2,45,0
17.06,16,Grocery,0,0,70,3,19,0
103.1,20,Food,0,0,79,2,28,0
259.36,12,Travel,0,0,51,3,56,0
6.26,23,Clothing,0,0,33,1,44,0
208.01,9,Travel,0,0,67,3,43,0
30.08,6,Electronics,0,0,72,1,56,0
211.33,2,Electronics,0,0,40,0,55,0
133.27,21,Food,1,1,58,1,48,0
172.39,14,Grocery,1,0,77,3,42,0
24.26,19,Electronics,0,1,52,1,41,0
69.12,2,Food,0,0,56,0,56,0
40.43,14,Travel,0,1,46,0,66,0
299.04,17,Food,0,0,65,1,18,0
42.18,21,Travel,0,0,70,1,30,0
20.05,23,Electronics,0,1,86,1,40,0
606.71,7,Travel,0,0,66,5,33,0
20.11,6,Food,0,0,90,2,43,0
26.19,1,Food,0,0,26,0,64,0
67.64,13,Electronics,0,1,94,1,64,0
49.11,17,Clothing,0,0,53,1,43,0
72.08,13,Electronics,0,0,57,3,19,0
53.27,17,Grocery,0,0,63,3,48,0
177.98,20,Electronics,0,0,65,2,34,0
415.84,8,Travel,0,1,79,2,45,0
171.84,18,Clothing,0,0,53,2,21,0
565.54,8,Food,0,0,78,1,35,0
516.78,15,Food,0,0,60,2,38,0
92.06,20,Clothing,0,0,70,1,68,0
29.98,2,Grocery,0,0,75,1,20,0
262.39,4,Food,0,0,34,1,35,0
595.88,8,Electronics,0,0,96,2,23,0
69.86,19,Travel,0,0,43,2,32,0
111.09,22,Travel,0,0,61,3,27,0
155.13,5,Clothing,0,0,32,3,46,0
356.66,18,Electronics,0,0,60,3,18,0
451.12,20,Clothing,0,0,72,1,64,0
63.7,13,Electronics,0,0,78,5,57,0
385.43,7,Food,0,0,74,1,41,0
77.58,9,Clothing,0,0,69,2,50,0
93.9,0,Food,0,0,56,0,21,0
119.75,10,Clothing,0,0,67,1,33,0
193.92,5,Food,0,0,26,3,68,0
49.59,8,Grocery,0,0,79,1,34,0
7.37,23,Grocery,0,0,38,3,42,0
249.28,4,Travel,0,0,82,1,23,0
83.44,13,Travel,0,0,58,1,23,0
12.15,14,Grocery,0,0,65,2,18,0
244.05,20,Travel,0,0,44,2,60,0
218.3,10,Grocery,0,0,48,1,53,0
98.9,10,Food,1,0,76,2,37,0
251.93,13,Clothing,0,0,40,2,60,0
64.58,15,Travel,0,0,53,1,26,0
294.86,8,Food,0,0,53,4,53,0
214.72,12,Electronics,0,0,47,4,68,0
53.86,3,Electronics,0,0,79,2,65,0
7.12,5,Electronics,1,0,87,1,60,0
10.77,15,Grocery,0,0,57,3,23,0
172.57,20,Travel,0,0,88,1,56,0
36.71,8,Grocery,0,1,73,1,43,0
97.42,0,Electronics,0,0,78,4,62,0
329.2,3,Food,0,0,44,3,52,0
66.63,3,Travel,0,0,28,1,59,0
8.24,19,Electronics,0,0,50,2,61,0
50.2,23,Food,0,0,74,1,33,0
9.75,16,Clothing,1,0,46,4,62,0
220.74,2,Food,0,0,47,0,46,0
101.17,23,Travel,0,0,63,2,64,0
292.04,15,Clothing,0,0,54,4,55,0
11.15,3,Food,0,0,35,4,59,0
153.38,4,Grocery,0,0,94,3,23,0
110.85,11,Travel,0,0,98,0,32,0
18.53,1,Travel,0,0,36,3,57,0
131.88,20,Travel,1,0,27,3,67,0
45.92,20,Electronics,0,0,40,1,59,0
91.49,15,Clothing,0,0,80,1,33,0
6.77,0,Clothing,0,0,87,2,26,0
6.73,22,Food,0,0,83,0,30,0
7.22,18,Food,0,0,76,5,37,0
426.44,13,Clothing,1,0,28,1,31,0
123.45,0,Clothing,1,0,27,0,30,1
134.12,10,Clothing,0,0,90,3,18,0
155.33,8,Travel,0,0,56,2,31,0
618.23,1,Electronics,0,0,78,4,38,0
388.28,2,Travel,0,0,68,3,18,0
4.3,23,Food,1,0,77,2,36,0
126.62,23,Electronics,0,0,40,2,23,0
314.19,12,Clothing,0,0,98,3,65,0
193.6,4,Food,0,0,90,1,32,0
65.09,4,Grocery,0,0,26,1,50,0
92.77,19,Electronics,0,0,41,2,68,0
15.69,13,Clothing,0,0,61,2,54,0
305.91,15,Clothing,0,0,47,4,64,0
182.11,23,Clothing,0,0,94,2,41,0
25.85,18,Travel,0,0,38,3,69,0
229.21,5,Clothing,0,0,65,0,43,0
124.99,22,Travel,0,0,58,1,29,0
262.8,12,Electronics,0,0,67,4,50,0
12.76,1,Clothing,0,0,31,6,58,1
132.15,21,Travel,0,0,52,1,41,0
45.79,10,Grocery,0,0,40,0,61,0
180.82,15,Food,0,0,76,2,20,0
121.0,12,Electronics,0,0,90,2,47,0
304.66,4,Grocery,0,0,81,5,48,0
172.27,8,Travel,0,0,44,7,68,0
65.07,1,Grocery,0,0,34,2,18,0
154.27,16,Food,1,0,59,0,47,0
458.56,18,Grocery,1,0,66,4,59,0
23.68,10,Grocery,0,0,95,0,65,0
157.61,16,Grocery,0,0,54,2,44,0
152.28,3,Food,0,0,37,2,49,0
161.23,16,Travel,0,0,78,1,66,0
84.1,3,Food,0,0,85,3,21,0
420.71,12,Food,1,0,72,3,19,0
285.42,20,Food,0,0,77,4,66,0
20.85,3,Food,0,0,97,3,61,0
175.39,22,Clothing,1,0,95,0,25,0
680.38,17,Travel,0,0,83,3,32,0
25.39,11,Food,0,0,39,3,18,0
196.38,1,Food,0,0,46,2,60,0
104.43,17,Food,0,0,32,0,61,0
183.59,3,Travel,0,0,86,1,18,0
363.53,18,Grocery,0,0,70,2,48,0
138.87,12,Electronics,0,0,59,2,46,0
126.24,7,Clothing,0,0,66,1,25,0
185.34,4,Grocery,0,0,72,3,68,0
214.34,3,Electronics,0,0,36,2,27,0
243.6,10,Grocery,0,0,39,2,32,0
1027.58,4,Travel,0,0,91,2,51,0
61.13,23,Electronics,0,1,73,6,67,0
59.96,2,Electronics,0,0,36,0,44,0
229.81,3,Electronics,0,0,85,8,65,0
266.14,8,Food,1,0,28,5,68,1
33.36,13,Food,0,0,75,2,44,0
196.05,11,Clothing,0,0,43,0,55,0
78.83,0,Travel,0,0,61,2,42,0
15.77,0,Food,0,0,71,0,53,0
24.38,7,Electronics,0,0,82,5,27,0
165.42,19,Clothing,0,0,50,2,25,0
366.82,19,Travel,0,0,29,1,56,0
560.82,19,Food,0,0,85,3,56,0
87.32,8,Clothing,0,0,84,3,50,0
97.55,11,Grocery,0,0,58,2,47,0
67.81,0,Travel,0,0,65,2,44,0
425.88,12,Grocery,0,0,52,0,19,0
117.95,4,Grocery,0,0,32,1,37,0
442.84,5,Travel,1,0,27,3,68,0
67.58,5,Food,0,0,39,2,34,0
630.45,5,Electronics,0,0,27,0,38,0
244.04,22,Electronics,0,0,26,2,43,0
244.36,2,Electronics,0,1,72,2,51,0
320.41,9,Electronics,0,0,74,3,44,0
207.29,16,Electronics,0,0,66,3,27,0
342.51,0,Grocery,0,0,61,3,60,0
42.05,1,Electronics,0,0,87,0,55,0
42.22,12,Grocery,0,0,59,2,46,0
359.99,8,Electronics,0,1,75,4,57,0
38.74,20,Grocery,0,0,30,2,57,0
123.09,5,Electronics,1,0,33,3,23,0
11.48,11,Electronics,0,0,84,2,30,0
73.94,22,Food,0,1,74,2,53,0
222.0,1,Food,0,0,50,2,27,0
316.77,10,Grocery,0,0,28,3,60,0
95.34,14,Electronics,0,1,61,3,57,0
49.78,8,Clothing,0,0,74,1,28,0
91.52,3,Travel,0,0,99,4,28,0
41.87,18,Electronics,0,0,58,0,44,0
7.14,5,Electronics,0,0,74,0,48,0
9.29,18,Electronics,0,0,74,3,23,0
64.56,18,Clothing,0,0,57,0,68,0
167.73,19,Food,1,0,28,3,46,0
72.45,7,Clothing,0,0,88,2,21,0
16.51,8,Food,0,0,69,3,25,0
68.61,11,Clothing,0,0,27,2,36,0
304.53,2,Travel,0,0,93,0,68,0
58.79,15,Food,0,0,44,0,66,0
124.42,13,Grocery,0,1,78,2,55,0
132.72,14,Electronics,0,0,94,4,39,0
77.4,18,Electronics,0,0,62,0,30,0
634.65,5,Electronics,0,0,38,3,41,0
148.64,1,Clothing,0,0,56,5,23,0
123.42,1,Travel,0,0,60,1,67,0
146.69,5,Grocery,0,0,75,3,21,0
33.22,6,Electronics,0,0,26,3,40,0
102.43,6,Electronics,0,0,71,1,38,0
53.89,17,Electronics,0,0,48,1,69,0
12.94,14,Clothing,0,0,76,2,54,0
390.85,21,Grocery,1,0,62,0,54,0
132.18,20,Travel,0,0,64,2,62,0
300.04,16,Food,0,0,82,0,44,0
286.35,16,Grocery,0,0,85,1,64,0
189.81,9,Food,0,0,49,0,46,0
122.2,22,Travel,0,0,33,1,58,0
373.18,16,Electronics,0,0,51,1,25,0
29.35,8,Electronics,0,0,97,1,69,0
162.1,6,Food,0,0,78,4,38,0
19.01,9,Food,0,0,32,1,26,0
153.58,21,Electronics,1,1,77,1,31,0
53.69,13,Food,0,1,36,4,41,0
128.35,4,Grocery,0,0,72,3,61,0
91.39,10,Electronics,0,0,81,5,39,0
209.72,21,Travel,0,0,81,3,29,0
102.36,23,Food,0,1,34,2,39,0
218.95,7,Travel,0,0,53,1,62,0
308.73,0,Food,0,0,91,5,68,0
110.35,22,Food,0,0,98,3,34,0
232.62,19,Grocery,0,0,44,3,57,0
211.22,18,Electronics,0,0,82,1,60,0
30.08,2,Food,1,0,85,1,28,0
1.83,8,Travel,0,0,32,1,26,0
453.58,0,Food,0,0,53,2,64,0
313.19,4,Food,0,0,43,0,19,0
83.66,22,Travel,0,0,60,1,27,0
326.1,17,Travel,0,0,63,0,46,0
38.44,22,Grocery,0,0,29,2,58,0
351.21,8,Food,0,0,79,3,60,0
316.33,20,Clothing,0,0,45,2,35,0
159.61,2,Travel,0,0,86,0,63,0
12.27,20,Food,0,0,88,3,35,0
9.49,3,Travel,0,0,87,2,39,0
45.56,16,Grocery,0,0,35,1,45,0
414.5,3,Grocery,0,0,84,1,52,0
334.21,7,Electronics,0,0,29,3,47,0
15.6,7,Electronics,0,0,86,3,41,0
13.17,23,Food,0,0,88,1,68,0
2.06,3,Grocery,0,0,36,5,36,1
121.99,23,Clothing,0,0,61,4,57,0
0.0,16,Travel,0,0,72,1,23,0
260.58,7,Grocery,0,0,72,3,22,0
40.95,22,Food,0,0,55,2,56,0
66.89,18,Food,0,0,38,2,65,0
265.18,18,Food,0,0,78,2,20,0
12.5,3,Electronics,0,0,87,3,64,0
124.9,13,Grocery,0,0,41,3,69,0
93.43,15,Travel,0,0,41,1,19,0
456.55,19,Grocery,0,0,90,2,53,0
271.33,18,Food,0,0,59,6,37,0
332.94,19,Food,0,0,82,0,27,0
22.26,3,Grocery,1,0,87,4,32,0
145.54,9,Clothing,0,0,62,0,40,0
118.57,6,Grocery,0,0,96,3,35,0
47.99,13,Grocery,0,0,75,1,36,0
99.68,12,Electronics,0,0,38,2,52,0
59.21,13,Grocery,0,0,59,5,42,0
258.02,19,Electronics,0,0,39,5,63,0
134.98,4,Travel,0,0,66,3,53,0
19.79,15,Food,0,1,52,1,59,0
47.91,7,Clothing,0,0,47,3,28,0
74.07,16,Electronics,0,0,33,3,32,0
23.72,8,Grocery,0,0,50,4,54,0
273.1,12,Travel,0,0,31,1,52,0
343.96,17,Electronics,0,0,87,3,20,0
245.2,18,Clothing,0,0,95,3,23,0
8.81,7,Clothing,0,0,62,3,49,0
409.34,5,Food,0,0,87,2,22,0
225.56,21,Travel,0,0,52,3,60,0
49.85,2,Grocery,0,1,99,1,63,0
40.47,5,Grocery,0,0,48,1,48,0
189.28,16,Grocery,0,0,78,3,41,0
142.41,14,Food,0,0,48,0,49,0
228.33,1,Travel,0,0,31,1,18,0
710.09,1,Electronics,0,0,52,0,53,0
55.56,18,Grocery,1,0,38,1,30,0
307.41,3,Travel,0,0,29,0,39,0
7.24,22,Clothing,0,0,60,2,18,0
62.25,18,Electronics,0,0,80,2,55,0
193.62,20,Clothing,0,0,71,0,62,0
607.79,15,Clothing,0,0,26,1,43,0
88.38,15,Clothing,0,0,36,2,56,0
71.93,10,Travel,0,0,32,2,22,0
83.13,17,Electronics,0,0,58,5,32,0
258.66,11,Food,0,0,31,4,42,0
124.35,5,Electronics,0,0,97,2,64,0
175.9,6,Electronics,0,1,30,7,44,1
538.51,0,Travel,0,1,73,0,42,0
150.97,9,Clothing,0,0,73,5,62,0
74.9,22,Clothing,0,0,62,3,50,0
108.68,5,Food,0,1,44,1,47,0
585.89,6,Clothing,0,0,53,2,46,0
132.14,0,Clothing,0,0,30,2,23,0
68.1,1,Clothing,1,0,68,3,36,0
235.35,9,Food,0,0,50,2,45,0
317.43,17,Travel,0,0,56,0,24,0
197.86,5,Clothing,1,0,56,3,45,0
834.14,21,Travel,0,0,85,1,67,0
183.58,2,Food,0,1,83,0,49,0
350.75,15,Grocery,0,0,54,4,66,0
70.83,2,Food,0,0,27,1,43,0
217.4,9,Food,0,0,64,0,57,0
127.48,1,Food,0,0,62,2,44,0
140.33,21,Grocery,0,0,43,2,56,0
218.54,15,Travel,0,0,90,0,63,0
99.24,8,Electronics,0,0,55,2,66,0
53.65,0,Clothing,0,1,82,3,65,0
97.97,5,Grocery,0,1,44,3,44,0
126.76,6,Food,0,0,84,2,44,0
13.72,22,Clothing,1,1,59,1,69,0
174.6,19,Grocery,1,0,58,4,54,0
551.55,0,Food,0,0,34,1,55,0
14.68,5,Food,0,0,46,2,23,0
154.95,8,Grocery,0,0,68,4,46,0
35.56,23,Travel,0,1,95,2,61,0
293.03,1,Clothing,0,0,81,4,61,0
12.64,10,Electronics,0,0,79,0,67,0
84.16,22,Travel,0,0,68,0,38,0
34.36,20,Clothing,0,0,41,6,67,0
331.1,0,Clothing,0,0,56,1,29,0
136.02,14,Electronics,0,0,95,3,55,0
7.31,13,Food,0,0,65,2,37,0
20.04,17,Electronics,0,0,48,4,44,0
40.96,21,Clothing,0,0,59,2,62,0
48.38,13,Electronics,0,0,74,1,22,0
460.94,9,Electronics,0,0,94,7,21,0
25.89,10,Food,0,0,25,2,61,0
74.79,21,Travel,0,0,88,2,37,0
473.35,9,Travel,0,0,76,0,69,0
243.73,6,Food,0,0,63,2,21,0
167.99,23,Travel,0,0,73,1,26,0
25.24,5,Grocery,1,0,59,2,26,0
202.67,12,Grocery,0,0,87,0,32,0
178.59,13,Clothing,0,0,64,3,49,0
56.99,1,Electronics,0,0,26,2,45,0
156.56,19,Grocery,0,0,43,1,54,0
311.97,13,Travel,0,0,92,4,41,0
39.26,13,Food,1,0,47,1,52,0
43.73,0,Grocery,1,0,52,0,44,0
74.32,15,Clothing,0,0,45,1,18,0
15.13,7,Grocery,0,0,75,3,49,0
35.58,2,Clothing,0,0,26,2,33,0
306.51,21,Clothing,1,0,91,4,30,0
200.93,10,Food,0,0,40,1,49,0
666.49,22,Grocery,0,0,70,1,48,0
119.95,13,Grocery,0,0,39,2,55,0
361.31,16,Grocery,0,0,69,2,67,0
143.72,13,Grocery,0,0,74,2,26,0
57.8,9,Food,0,0,26,1,26,0
70.04,12,Travel,0,0,91,2,60,0
68.27,9,Clothing,0,0,26,1,23,0
186.71,11,Grocery,0,0,58,1,31,0
42.32,10,Food,0,0,36,1,44,0
18.3,19,Travel,0,0,25,3,47,0
744.48,20,Grocery,0,0,92,1,52,0
79.24,10,Clothing,0,0,88,2,42,0
18.19,4,Food,0,0,76,1,29,0
154.22,16,Electronics,0,0,38,5,31,0
2.19,11,Grocery,0,0,83,4,20,0
22.98,16,Electronics,1,1,64,3,29,0
239.74,5,Grocery,0,1,53,2,54,0
106.41,21,Food,0,0,52,5,24,0
607.71,3,Clothing,0,1,25,1,43,1
180.67,10,Grocery,0,0,65,4,63,0
162.72,4,Grocery,0,0,89,2,68,0
251.5,20,Travel,0,0,43,2,49,0
268.09,1,Clothing,0,0,63,0,59,0
32.01,12,Food,0,0,76,3,32,0
283.73,20,Electronics,1,0,99,0,41,0
18.35,22,Electronics,0,0,50,4,23,0
542.61,23,Grocery,0,0,60,2,48,0
17.74,20,Travel,0,0,45,3,18,0
615.51,18,Clothing,0,0,88,4,64,0
145.08,20,Grocery,0,0,76,1,43,0
56.74,18,Travel,0,0,78,2,22,0
108.84,2,Electronics,0,1,61,2,62,0
188.53,12,Travel,0,0,59,0,49,0
61.87,13,Grocery,0,0,28,2,31,0
420.04,14,Travel,1,0,90,2,48,0
516.63,15,Grocery,0,1,99,2,56,0
58.8,9,Food,1,0,84,2,35,0
19.65,8,Grocery,0,0,57,6,35,0
192.93,11,Grocery,0,0,52,3,56,0
297.8,23,Electronics,0,0,42,2,25,0
260.18,9,Food,1,0,83,3,33,0
299.06,22,Grocery,0,0,78,1,36,0
158.84,0,Travel,0,0,97,2,52,0
272.93,1,Travel,0,0,44,1,55,0
169.85,6,Grocery,0,0,58,2,21,0
300.0,4,Grocery,0,0,88,5,63,0
41.08,16,Food,0,0,67,1,25,0
250.38,4,Electronics,0,0,79,1,25,0
470.89,8,Grocery,0,0,52,1,28,0
180.95,22,Clothing,0,1,49,2,32,0
148.94,17,Food,0,0,87,3,67,0
0.79,12,Travel,0,0,51,1,38,0
45.61,4,Electronics,0,0,30,3,59,0
154.83,20,Grocery,0,0,53,2,66,0
70.57,20,Clothing,1,0,79,0,20,0
556.75,18,Electronics,0,0,64,3,23,0
670.34,17,Grocery,0,0,54,2,68,0
106.7,2,Electronics,0,0,25,3,19,0
12.08,8,Food,0,0,71,1,46,0
242.83,5,Travel,0,0,34,3,63,0
268.9,12,Grocery,0,1,45,1,29,0
146.34,23,Clothing,1,0,98,1,42,0
7.04,3,Electronics,0,0,80,0,46,0
31.02,21,Clothing,0,0,95,3,66,0
162.01,13,Grocery,0,0,70,3,39,0
9.55,17,Travel,0,0,46,3,29,0
65.87,7,Food,0,0,60,0,47,0
18.64,22,Clothing,0,0,59,3,51,0
5.33,22,Grocery,0,0,47,0,45,0
4.43,7,Food,0,0,38,1,56,0
168.26,5,Grocery,1,0,78,3,55,0
78.93,12,Electronics,1,0,91,1,28,0
302.88,20,Travel,0,0,31,1,18,0
82.75,22,Clothing,0,0,30,1,19,0
200.98,10,Travel,0,0,56,4,68,0
219.55,12,Grocery,0,0,34,0,66,0
17.46,22,Grocery,0,0,92,1,34,0
93.65,18,Food,0,0,28,3,51,0
31.02,18,Travel,0,1,63,0,46,0
25.9,2,Grocery,0,0,26,3,26,0
287.48,11,Food,0,1,94,0,24,0
91.23,2,Grocery,0,0,33,2,36,0
90.91,11,Electronics,0,0,95,3,48,0
71.19,13,Travel,0,0,81,2,18,0
677.45,7,Electronics,0,0,96,1,51,0
122.35,17,Grocery,0,0,92,3,61,0
115.37,2,Clothing,0,0,79,1,27,0
7.33,22,Electronics,0,0,77,3,59,0
197.76,4,Travel,0,0,86,0,48,0
60.53,1,Travel,0,0,60,0,47,0
67.54,8,Grocery,0,0,74,2,56,0
75.08,17,Travel,0,0,87,4,36,0
362.82,4,Grocery,0,0,36,1,22,0
229.16,20,Electronics,0,0,49,0,69,0
493.46,23,Clothing,1,0,43,3,69,0
117.98,5,Electronics,1,0,89,0,45,0
64.82,0,Electronics,0,0,54,2,53,0
220.98,10,Clothing,0,0,65,1,54,0
35.87,20,Food,0,0,49,2,69,0
177.14,15,Food,0,1,77,4,22,0
220.04,4,Food,0,0,80,2,57,0
1.65,18,Electronics,0,1,25,0,22,0
34.96,14,Grocery,0,0,79,1,38,0
73.3,0,Grocery,0,0,70,0,59,0
311.3,11,Electronics,1,1,43,3,39,0
186.83,16,Grocery,1,0,28,0,38,0
48.21,22,Travel,0,0,80,2,32,0
60.61,15,Grocery,0,0,88,4,22,0
443.43,2,Clothing,0,0,67,3,62,0
55.65,9,Food,0,0,51,2,63,0
146.47,19,Travel,0,0,50,0,45,0
266.78,10,Food,0,0,63,2,29,0
460.34,22,Grocery,0,0,88,3,51,0
216.43,6,Clothing,0,0,75,3,37,0
184.96,19,Food,0,0,71,2,18,0
378.42,7,Electronics,0,0,45,0,53,0
15.32,15,Clothing,0,0,55,0,51,0
153.72,22,Clothing,0,0,96,3,64,0
499.66,4,Electronics,1,0,89,2,19,0
196.81,12,Food,0,0,45,1,31,0
83.35,0,Grocery,1,0,30,2,52,1
137.53,3,Clothing,0,0,94,2,46,0
165.34,22,Clothing,0,0,57,1,40,0
350.91,22,Food,0,0,99,4,37,0
56.85,20,Clothing,0,0,27,4,27,0
104.64,12,Grocery,0,0,26,3,51,0
69.68,19,Grocery,0,0,71,2,65,0
34.58,9,Electronics,0,0,78,1,49,0
157.58,13,Electronics,0,0,85,1,64,0
17.59,10,Food,0,0,31,1,34,0
20.65,2,Food,1,0,94,0,48,0
88.33,12,Travel,0,1,99,2,33,0
197.6,0,Food,0,0,37,4,39,0
14.89,23,Grocery,0,0,40,3,63,0
43.44,18,Electronics,0,0,65,1,55,0
34.4,3,Travel,0,0,89,3,32,0
24.74,17,Clothing,0,0,49,2,63,0
75.15,18,Electronics,0,0,98,2,69,0
315.66,8,Travel,0,0,49,2,64,0
121.82,9,Food,0,0,33,4,30,0
320.85,18,Electronics,0,0,50,2,32,0
442.33,22,Travel,1,0,38,1,31,0
279.72,19,Electronics,0,0,55,0,24,0
188.86,0,Grocery,0,0,29,1,47,0
785.57,11,Travel,1,0,74,1,66,0
248.79,19,Travel,0,0,41,2,44,0
1.64,17,Electronics,0,0,54,2,61,0
91.38,7,Grocery,1,0,67,1,49,0
89.7,18,Clothing,0,0,85,0,55,0
171.91,9,Travel,0,0,44,0,58,0
82.04,20,Grocery,0,1,93,1,57,0
47.37,18,Electronics,1,0,26,2,24,0
611.63,4,Travel,0,0,45,0,62,0
20.87,20,Clothing,0,0,82,3,34,0
18.12,20,Food,0,0,39,5,58,0
62.68,1,Clothing,0,0,60,2,58,0
35.65,16,Travel,0,0,56,2,34,0
86.16,19,Travel,0,0,54,1,62,0
103.1,9,Food,0,0,40,4,28,0
203.13,9,Electronics,1,0,73,2,63,0
337.39,19,Clothing,0,0,71,3,36,0
367.27,14,Food,0,0,84,2,24,0
316.36,11,Travel,0,0,25,3,29,0
147.63,18,Food,0,0,59,4,41,0
200.16,2,Grocery,0,0,53,1,43,0
38.77,15,Clothing,0,0,45,5,46,0
21.3,3,Clothing,0,0,91,2,68,0
121.84,15,Clothing,0,0,87,1,49,0
49.98,12,Travel,0,0,45,2,68,0
372.04,3,Clothing,0,0,26,1,43,0
745.27,11,Travel,0,0,86,3,66,0
96.99,23,Grocery,0,0,52,4,34,0
160.59,14,Grocery,0,0,96,0,39,0
326.93,17,Clothing,0,0,52,1,47,0
67.24,11,Food,0,0,67,2,41,0
531.25,17,Travel,0,0,75,1,56,0
134.06,9,Travel,0,0,41,4,63,0
334.67,18,Grocery,0,1,28,3,66,0
232.22,12,Clothing,0,1,44,1,52,0
105.38,14,Clothing,0,1,56,1,58,0
1004.26,23,Clothing,1,0,90,3,30,0
33.82,2,Grocery,0,0,82,1,21,0
304.66,20,Electronics,0,0,47,4,29,0
80.15,14,Electronics,0,1,38,4,23,0
226.68,3,Clothing,0,0,75,0,27,0
167.61,1,Travel,0,1,91,0,28,0
147.96,17,Food,0,0,65,5,28,0
98.87,19,Travel,0,0,37,1,29,0
40.54,14,Grocery,0,1,42,2,59,0
269.19,3,Grocery,0,0,27,1,47,0
295.8,22,Electronics,0,0,80,6,52,0
5.7,3,Clothing,0,0,81,4,64,0
432.34,7,Clothing,0,0,70,0,51,0
155.14,14,Food,0,0,56,0,48,0
35.97,20,Clothing,0,0,47,2,49,0
515.59,13,Travel,0,0,60,1,67,0
82.99,19,Electronics,0,0,30,4,39,0
49.84,23,Travel,0,0,72,2,18,0
157.49,18,Grocery,0,0,98,3,23,0
386.63,19,Travel,1,0,39,5,63,1
662.28,23,Clothing,1,0,29,3,35,0
217.9,18,Grocery,0,0,27,1,29,0
104.09,19,Electronics,0,0,85,1,65,0
300.71,12,Food,0,0,69,2,63,0
50.99,14,Food,1,0,48,1,59,0
401.74,5,Travel,0,0,37,3,41,0
768.26,22,Travel,0,0,83,2,58,0
71.75,16,Clothing,0,0,66,1,61,0
19.86,12,Clothing,1,0,26,3,66,0
227.38,12,Clothing,1,0,86,1,38,0
20.06,5,Clothing,0,1,32,3,61,0
101.75,9,Food,0,0,98,6,62,0
65.03,23,Travel,1,0,80,2,32,0
47.89,15,Food,0,0,90,3,58,0
99.34,10,Travel,0,0,79,0,43,0
116.48,13,Electronics,0,0,86,3,53,0
107.8,21,Electronics,0,0,46,1,60,0
270.95,21,Food,0,0,88,1,59,0
274.51,2,Electronics,0,0,61,5,21,0
108.22,16,Travel,0,0,85,2,38,0
241.06,4,Travel,0,1,85,2,55,0
216.3,4,Electronics,0,0,43,2,61,0
33.0,18,Food,0,0,81,0,44,0
372.97,22,Clothing,0,0,25,1,60,0
257.45,15,Clothing,0,0,94,1,24,0
427.5,2,Grocery,0,0,88,2,67,0
34.39,7,Travel,0,0,94,2,46,0
195.08,12,Travel,0,1,71,3,62,0
113.16,6,Clothing,0,0,43,2,49,0
43.51,16,Travel,0,0,73,3,35,0
525.63,8,Food,0,1,25,4,52,0
72.51,17,Grocery,0,0,52,2,29,0
4.81,1,Clothing,0,0,85,0,35,0
17.96,18,Electronics,0,0,49,1,43,0
67.78,23,Food,0,0,43,2,32,0
332.76,16,Electronics,0,0,76,1,41,0
16.87,14,Electronics,0,0,79,0,69,0
48.75,12,Electronics,0,0,53,1,26,0
115.45,8,Grocery,0,0,39,5,43,0
11.62,22,Grocery,0,0,75,1,46,0
268.22,15,Food,0,0,72,1,18,0
24.97,23,Food,0,0,63,0,44,0
155.64,18,Grocery,0,0,74,3,58,0
56.4,20,Food,0,0,33,3,35,0
24.27,11,Clothing,0,0,90,1,43,0
108.19,21,Clothing,0,1,43,3,60,0
22.17,1,Electronics,0,0,92,1,32,0
127.28,1,Grocery,1,0,63,0,38,0
81.49,16,Clothing,0,0,48,0,43,0
100.39,8,Grocery,0,0,61,2,32,0
91.66,8,Food,0,0,88,1,28,0
52.6,19,Grocery,0,0,56,4,55,0
42.66,21,Food,0,0,26,2,31,0
11.82,2,Travel,0,0,29,1,21,0
129.02,8,Food,1,0,43,2,46,0
200.42,21,Food,0,1,93,1,53,0
16.21,3,Electronics,0,0,44,3,64,0
39.48,8,Food,0,0,67,2,61,0
351.78,12,Travel,1,0,61,3,18,0
96.76,9,Food,0,0,65,0,26,0
10.49,20,Grocery,0,0,60,2,42,0
50.67,23,Food,0,0,39,1,65,0
66.67,13,Electronics,0,0,86,3,67,0
8.35,14,Grocery,0,0,46,0,28,0
62.78,18,Clothing,0,0,49,0,43,0
59.39,14,Clothing,0,0,76,1,25,0
54.21,11,Food,0,0,26,3,69,0
205.16,19,Grocery,0,0,56,2,58,0
384.56,6,Travel,0,0,32,1,26,0
205.12,2,Travel,0,0,26,5,45,1
16.82,13,Clothing,0,0,33,1,53,0
200.51,16,Travel,0,1,40,3,34,0
107.09,8,Electronics,0,1,83,4,58,0
1.33,11,Grocery,0,0,70,1,40,0
122.39,20,Clothing,0,0,66,1,29,0
109.61,23,Food,0,0,99,2,35,0
234.87,7,Electronics,0,0,33,3,18,0
46.23,11,Grocery,1,0,34,3,58,0
56.35,19,Grocery,0,0,97,2,39,0
107.7,22,Electronics,0,0,95,5,39,0
156.85,9,Grocery,0,0,59,2,34,0
140.42,1,Travel,0,0,43,2,46,0
12.64,4,Electronics,0,0,29,2,36,0
24.35,16,Food,0,0,66,4,22,0
350.79,23,Electronics,0,0,51,2,41,0
79.02,0,Clothing,0,0,39,2,21,0
488.38,21,Clothing,0,0,67,2,63,0
41.29,12,Grocery,0,0,60,0,52,0
88.03,18,Clothing,0,0,51,1,22,0
75.62,3,Grocery,0,0,88,1,26,0
232.0,14,Clothing,0,0,39,1,40,0
740.75,1,Food,0,0,73,3,25,0
32.79,6,Electronics,0,0,35,1,44,0
98.58,16,Grocery,0,0,34,0,18,0
180.52,8,Clothing,0,0,54,2,68,0
53.7,1,Electronics,0,0,26,3,23,0
429.16,5,Travel,0,0,73,2,46,0
809.75,8,Travel,0,0,87,1,35,0
135.69,5,Food,0,0,76,0,69,0
78.87,5,Clothing,0,0,78,2,34,0
128.97,21,Electronics,0,0,98,1,25,0
35.4,5,Travel,1,0,39,2,33,0
23.43,12,Travel,0,0,54,1,60,0
71.73,0,Clothing,0,0,31,2,68,0
97.65,1,Clothing,0,0,63,3,45,0
23.27,22,Food,0,0,88,0,52,0
214.94,3,Electronics,0,0,75,2,30,0
82.25,9,Clothing,0,1,84,3,56,0
416.75,4,Grocery,0,0,56,1,45,0
27.92,23,Electronics,0,0,80,2,21,0
138.44,6,Grocery,1,0,93,1,34,0
129.28,6,Grocery,0,0,48,4,24,0
200.39,9,Grocery,0,0,84,4,55,0
318.68,3,Clothing,0,0,44,2,60,0
88.8,7,Clothing,0,0,77,3,47,0
62.64,7,Food,0,0,72,5,24,0
5.08,11,Travel,0,0,40,0,63,0
30.64,4,Clothing,1,0,43,4,20,0
87.18,16,Food,0,0,54,1,19,0
86.02,5,Grocery,0,0,26,3,40,0
39.36,14,Electronics,0,0,25,3,65,0
65.82,22,Grocery,0,0,97,2,36,0
12.99,21,Clothing,0,0,29,3,66,0
180.69,14,Clothing,0,1,75,2,64,0
728.02,13,Grocery,0,0,98,0,54,0
293.63,18,Clothing,1,1,62,1,36,0
145.71,17,Electronics,1,0,50,1,31,0
512.22,18,Electronics,0,0,75,3,30,0
23.29,10,Food,0,0,30,1,20,0
252.85,5,Food,1,0,53,0,60,0
115.72,6,Electronics,0,0,28,1,24,0
337.88,3,Clothing,0,0,91,1,48,0
642.61,0,Grocery,0,0,64,0,20,0
97.72,15,Travel,0,0,91,1,40,0
385.35,6,Grocery,0,0,89,3,29,0
113.4,5,Grocery,0,0,72,4,65,0
274.04,21,Grocery,0,1,73,2,47,0
309.92,16,Food,0,0,48,0,28,0
34.14,7,Grocery,0,0,96,2,44,0
229.4,5,Grocery,1,0,36,3,25,0
16.66,9,Food,0,0,86,2,55,0
107.54,22,Travel,0,0,33,1,56,0
44.06,2,Clothing,0,0,38,0,66,0
278.66,19,Clothing,1,0,76,0,54,0
112.45,12,Clothing,1,0,93,2,68,0
24.63,17,Grocery,0,0,54,0,49,0
118.37,2,Grocery,1,0,60,5,57,1
60.7,3,Clothing,0,0,83,3,66,0
426.28,5,Electronics,0,0,47,4,34,0
154.95,9,Grocery,0,0,30,2,55,0
111.14,4,Clothing,0,0,38,1,26,0
131.09,19,Clothing,0,0,46,3,35,0
484.2,11,Food,0,0,67,2,26,0
485.06,4,Food,0,0,63,2,58,0
333.76,12,Food,0,0,41,3,41,0
264.88,9,Food,1,0,38,0,46,0
168.72,15,Food,0,0,86,1,29,0
243.61,20,Travel,0,0,82,4,25,0
78.77,21,Food,0,0,57,1,34,0
2.15,13,Grocery,0,0,70,0,43,0
111.73,16,Electronics,0,0,25,1,38,0
41.98,12,Clothing,0,0,30,1,55,0
299.22,11,Electronics,0,1,25,0,53,0
127.87,17,Travel,0,0,43,1,65,0
384.24,20,Clothing,0,0,98,1,67,0
65.31,15,Food,0,0,56,0,57,0
156.14,8,Electronics,1,1,41,4,55,0
66.39,17,Travel,0,0,62,2,28,0
144.55,19,Clothing,0,0,80,3,65,0
219.18,13,Grocery,0,0,28,2,34,0
361.91,15,Food,0,0,62,2,24,0
67.95,8,Food,0,0,27,3,45,0
24.66,8,Food,0,0,31,3,68,0
39.38,9,Travel,1,0,35,2,44,0
236.26,23,Electronics,0,0,28,3,49,0
112.99,12,Grocery,0,0,61,0,61,0
113.35,4,Food,0,0,65,2,40,0
450.61,3,Food,0,0,52,2,34,0
254.13,11,Travel,0,1,87,2,63,0
15.04,3,Electronics,0,0,36,3,29,0
284.32,23,Grocery,0,0,50,3,23,0
536.06,10,Food,0,0,28,2,49,0
13.86,20,Grocery,0,0,87,5,26,0
1.8,15,Clothing,0,0,92,3,21,0
49.01,5,Grocery,0,0,72,2,27,0
178.45,10,Grocery,0,0,58,0,64,0
196.04,18,Grocery,0,0,54,6,45,0
12.58,15,Grocery,0,0,44,0,49,0
288.61,1,Electronics,0,0,91,1,21,0
34.52,16,Grocery,0,0,94,4,38,0
173.77,19,Clothing,0,0,60,1,68,0
176.86,18,Clothing,0,0,75,0,69,0
606.12,13,Food,0,0,86,2,19,0
84.56,5,Clothing,0,0,86,3,31,0
33.57,15,Food,0,0,97,2,35,0
88.43,17,Electronics,0,0,75,0,53,0
3.64,7,Electronics,0,0,48,3,19,0
244.0,9,Electronics,0,0,50,3,25,0
54.15,2,Electronics,0,0,54,3,35,0
105.59,15,Electronics,0,0,49,2,18,0
620.65,12,Electronics,0,0,80,2,41,0
316.34,14,Travel,0,0,94,2,57,0
29.92,9,Travel,0,0,70,1,67,0
146.44,0,Food,0,1,79,2,50,0
234.66,9,Food,0,0,36,0,46,0
87.06,12,Clothing,0,0,93,3,18,0
497.13,17,Clothing,0,0,77,4,24,0
11.57,10,Electronics,0,0,97,0,59,0
158.56,20,Travel,0,0,54,0,58,0
56.23,1,Travel,0,0,67,3,34,0
3.48,9,Grocery,0,0,83,3,52,0
26.24,17,Clothing,0,0,58,4,33,0
11.92,3,Clothing,0,0,56,3,62,0
78.37,15,Grocery,0,1,32,1,42,0
140.27,15,Clothing,0,0,58,2,66,0
77.74,13,Food,0,0,70,1,32,0
85.27,14,Food,0,0,49,3,36,0
68.08,17,Travel,0,1,85,1,43,0
216.54,6,Clothing,0,0,27,4,28,0
25.61,9,Travel,0,0,90,2,28,0
132.81,3,Grocery,0,0,62,3,45,0
52.22,8,Travel,0,1,77,2,53,0
63.93,16,Grocery,0,0,31,2,53,0
112.25,1,Food,0,0,62,4,30,0
291.26,18,Travel,0,0,83,0,62,0
19.09,19,Grocery,0,0,62,3,64,0
16.66,20,Clothing,0,0,94,3,44,0
180.69,7,Grocery,0,0,26,0,22,0
56.52,23,Food,0,0,81,4,18,0
193.63,17,Food,0,0,29,4,24,0
263.56,7,Electronics,1,0,39,3,49,0
534.63,9,Travel,0,0,81,1,40,0
101.84,12,Food,0,0,51,2,47,0
146.48,11,Food,0,0,55,2,20,0
79.37,8,Grocery,0,1,64,3,21,0
276.18,8,Food,0,0,93,4,66,0
362.02,13,Electronics,0,0,68,1,40,0
40.38,19,Food,0,0,85,0,34,0
52.55,8,Grocery,0,0,42,2,25,0
40.17,23,Food,0,0,86,1,56,0
205.24,13,Travel,0,0,95,4,46,0
102.21,15,Food,0,0,89,1,23,0
118.74,20,Electronics,0,0,92,1,69,0
418.55,6,Grocery,0,0,45,2,69,0
175.47,19,Travel,0,0,29,5,40,0
377.7,7,Travel,1,0,81,2,62,0
586.8,18,Food,0,0,50,1,21,0
188.11,18,Travel,0,0,27,2,37,0
167.84,9,Electronics,0,0,96,1,63,0
148.43,8,Grocery,0,0,78,1,45,0
295.84,11,Electronics,0,1,69,4,39,0
142.51,7,Travel,0,0,74,2,44,0
177.15,10,Electronics,0,0,95,4,32,0
512.7,6,Food,0,0,39,3,26,0
31.53,12,Clothing,0,0,96,1,28,0
391.17,23,Travel,0,0,62,0,20,0
44.43,3,Clothing,0,0,52,3,26,0
288.4,10,Grocery,0,0,75,3,42,0
224.18,6,Travel,0,0,29,0,26,0
175.38,22,Food,0,0,68,2,30,0
123.98,2,Food,0,0,43,1,56,0
51.0,6,Clothing,0,0,55,3,33,0
223.08,21,Clothing,0,0,85,2,63,0
31.7,0,Food,0,0,62,1,53,0
107.63,13,Food,1,0,59,4,63,0
311.58,21,Travel,1,0,66,0,60,0
189.7,23,Travel,0,0,90,1,27,0
90.33,7,Travel,0,0,87,2,25,0
1285.21,10,Electronics,0,0,63,2,54,0
195.16,16,Clothing,0,1,90,2,40,0
514.42,12,Electronics,0,0,52,3,28,0
64.5,4,Travel,0,0,35,1,32,0
112.83,11,Electronics,0,0,74,2,66,0
55.45,2,Electronics,0,0,93,3,65,0
768.38,5,Travel,0,0,93,4,31,0
645.08,23,Travel,0,0,86,1,64,0
26.26,2,Grocery,0,0,73,2,53,0
67.24,12,Electronics,0,0,31,3,38,0
537.51,14,Clothing,1,0,29,2,65,0
120.67,5,Electronics,0,0,40,1,41,0
39.96,12,Food,0,0,35,1,51,0
593.99,4,Electronics,0,1,47,2,53,0
210.75,4,Travel,0,0,41,1,22,0
231.42,5,Travel,0,1,66,2,58,0
67.76,9,Grocery,0,0,30,2,44,0
200.53,16,Grocery,0,0,42,0,33,0
22.27,3,Grocery,0,1,67,2,47,0
383.53,4,Electronics,0,1,55,1,34,0
401.55,4,Electronics,0,0,81,2,58,0
31.98,22,Electronics,1,0,55,2,64,0
95.13,15,Electronics,0,0,85,2,66,0
194.02,14,Travel,0,0,33,2,46,0
236.74,18,Electronics,1,0,52,3,42,0
239.67,1,Food,0,0,42,0,69,0
413.7,4,Electronics,0,0,93,1,59,0
71.8,9,Food,0,0,33,2,40,0
99.56,14,Food,0,0,49,2,29,0
162.11,3,Grocery,0,0,79,3,30,0
220.72,17,Grocery,1,0,42,5,68,0
46.04,19,Food,0,0,92,2,68,0
9.31,9,Grocery,0,0,67,2,41,0
97.68,1,Travel,0,0,42,2,18,0
171.58,6,Electronics,0,0,36,2,64,0
169.64,21,Grocery,0,1,27,2,68,0
50.23,16,Grocery,0,0,66,1,32,0
24.17,2,Food,0,0,45,1,53,0
194.86,8,Travel,0,0,57,2,32,0
3.65,3,Electronics,0,0,87,1,51,0
218.02,2,Clothing,0,0,96,1,29,0
203.39,23,Travel,0,0,42,1,35,0
220.58,23,Clothing,0,0,84,4,33,0
739.03,22,Travel,0,0,76,1,30,0
21.22,10,Clothing,1,0,50,6,36,0
13.49,22,Food,0,0,25,1,58,0
17.16,22,Food,1,0,43,2,55,0
232.32,8,Food,0,0,42,1,36,0
19.47,1,Clothing,0,0,39,1,56,0
352.39,6,Food,0,0,93,1,65,0
96.75,5,Electronics,0,0,51,0,58,0
85.14,23,Travel,0,0,71,1,23,0
294.65,5,Grocery,0,0,55,1,26,0
110.21,11,Travel,0,1,48,3,57,0
332.17,22,Clothing,0,0,39,2,49,0
202.76,18,Electronics,0,0,68,2,37,0
485.78,9,Clothing,0,1,98,1,24,0
13.16,1,Clothing,1,0,58,2,46,0
294.23,17,Clothing,0,0,37,1,34,0
380.12,15,Grocery,0,0,62,3,37,0
42.35,11,Clothing,0,0,80,5,35,0
176.65,16,Travel,0,0,46,3,62,0
508.34,16,Grocery,0,0,50,1,69,0
244.7,12,Clothing,0,1,64,0,69,0
13.54,17,Travel,1,0,30,0,24,0
106.22,21,Grocery,0,0,70,3,30,0
63.31,23,Clothing,0,0,29,3,59,0
147.73,3,Electronics,0,0,71,1,52,0
37.17,15,Food,0,0,66,1,31,0
439.96,13,Food,0,0,92,4,45,0
42.36,8,Electronics,1,0,95,4,47,0
137.29,10,Electronics,0,0,95,1,53,0
53.49,7,Electronics,1,0,77,0,64,0
83.88,6,Grocery,0,0,68,2,35,0
236.93,1,Clothing,0,0,60,2,54,0
73.08,20,Grocery,0,0,84,4,19,0
314.7,13,Food,0,0,58,3,45,0
10.57,16,Clothing,1,0,65,1,56,0
45.93,10,Clothing,0,0,81,3,18,0
13.35,16,Grocery,0,1,58,3,64,0
65.3,21,Food,0,0,35,1,25,0
39.2,1,Travel,0,0,73,2,54,0
503.64,9,Electronics,1,0,51,1,37,0
503.76,21,Food,0,0,84,4,28,0
59.75,7,Food,0,0,29,1,41,0
579.02,2,Travel,0,0,97,3,28,0
419.75,6,Grocery,0,0,67,0,37,0
100.02,23,Food,0,0,88,1,42,0
276.84,20,Grocery,0,0,62,3,42,0
115.05,17,Travel,0,0,37,9,29,0
16.31,23,Food,0,0,38,1,50,0
72.9,0,Clothing,0,0,46,2,22,0
90.92,12,Grocery,0,1,27,1,50,0
243.01,16,Clothing,0,0,40,3,26,0
42.44,18,Clothing,0,0,42,2,23,0
488.15,1,Food,0,0,28,0,21,0
158.68,12,Electronics,1,0,88,0,30,0
52.31,22,Food,0,0,62,6,26,0
547.57,22,Food,0,0,99,1,59,0
272.85,19,Food,0,0,58,1,59,0
220.1,21,Food,0,1,31,2,48,0
164.14,21,Grocery,0,0,59,3,28,0
296.36,13,Travel,0,0,76,2,32,0
313.07,20,Travel,0,0,60,2,23,0
586.94,23,Grocery,1,0,55,1,59,0
129.27,14,Travel,0,0,56,2,58,0
422.03,7,Grocery,0,0,50,2,33,0
116.35,20,Clothing,0,0,65,0,68,0
262.03,23,Food,0,0,35,3,20,0
14.87,14,Grocery,0,0,82,4,29,0
38.22,14,Food,0,1,61,0,47,0
531.09,11,Grocery,0,0,48,3,47,0
265.26,9,Food,0,0,96,0,49,0
30.25,19,Clothing,1,0,45,4,24,0
358.99,7,Travel,0,0,39,2,49,0
153.39,3,Grocery,1,0,81,2,19,0
109.99,12,Travel,0,0,76,1,42,0
36.48,19,Food,0,0,77,2,44,0
201.67,18,Food,0,0,53,3,48,0
311.69,2,Clothing,0,0,47,4,22,0
3.28,4,Clothing,1,0,52,4,37,0
356.97,10,Grocery,0,0,65,1,38,0
6.35,1,Travel,0,0,41,2,25,0
158.82,15,Travel,0,0,75,2,43,0
189.47,12,Clothing,0,0,54,0,26,0
0.2,5,Food,0,0,25,3,25,0
42.41,22,Clothing,0,0,99,3,46,0
13.89,21,Grocery,1,0,71,2,20,0
393.21,20,Electronics,0,0,46,2,44,0
212.69,15,Travel,0,0,94,1,34,0
81.17,17,Clothing,0,0,91,1,22,0
583.59,14,Clothing,0,0,99,1,51,0
13.95,3,Electronics,0,0,59,1,39,0
129.87,8,Grocery,0,0,61,2,64,0
66.25,3,Food,0,0,67,3,54,0
26.21,14,Travel,0,0,48,0,58,0
68.43,16,Travel,0,0,26,0,40,0
9.48,17,Travel,0,0,45,1,31,0
172.59,8,Grocery,0,0,37,4,38,0
199.16,2,Clothing,0,0,32,2,35,0
12.76,20,Grocery,0,0,50,2,32,0
119.53,11,Electronics,0,0,95,2,58,0
92.91,15,Clothing,0,1,47,1,61,0
50.22,13,Grocery,0,0,69,1,57,0
224.7,7,Food,0,0,56,2,57,0
8.61,23,Travel,0,0,61,1,45,0
65.03,12,Electronics,0,0,48,2,64,0
563.15,11,Travel,0,0,25,5,47,0
113.05,19,Travel,0,0,38,2,29,0
586.51,5,Grocery,0,0,38,3,28,0
11.05,3,Clothing,1,0,57,3,56,0
438.47,0,Grocery,0,0,39,2,54,0
136.42,7,Clothing,0,1,72,1,33,0
20.1,20,Clothing,0,0,28,3,59,0
398.95,20,Travel,0,0,81,0,42,0
84.86,2,Food,1,0,85,2,61,0
280.64,22,Travel,0,0,56,3,23,0
94.3,20,Electronics,0,1,30,0,32,0
143.94,0,Clothing,0,0,42,3,28,0
153.59,19,Grocery,0,0,95,1,52,0
12.21,23,Grocery,0,1,44,5,31,0
860.19,5,Grocery,0,0,98,1,38,0
120.83,6,Grocery,0,1,78,5,53,0
76.21,6,Travel,0,0,50,2,48,0
325.84,23,Electronics,0,0,87,1,39,0
36.3,1,Food,0,0,46,2,19,0
38.03,21,Electronics,0,0,53,0,20,0
448.76,14,Food,0,0,69,1,68,0
173.38,7,Electronics,0,0,78,1,61,0
358.52,18,Clothing,0,0,48,2,45,0
134.98,7,Travel,0,0,90,1,66,0
21.09,3,Grocery,1,0,73,3,21,0
432.32,8,Travel,0,0,33,0,66,0
232.55,18,Electronics,1,0,45,3,56,0
387.42,9,Grocery,0,0,62,1,40,0
59.32,23,Clothing,0,0,71,3,19,0
119.54,3,Electronics,0,0,43,0,69,0
424.42,22,Electronics,0,0,57,1,22,0
193.41,15,Food,1,0,62,1,46,0
3.46,12,Electronics,0,0,60,0,64,0
229.31,13,Electronics,0,0,25,2,24,0
85.77,12,Food,0,1,90,2,41,0
299.5,2,Food,0,0,61,4,63,0
22.5,2,Food,0,0,58,1,61,0
682.62,2,Grocery,0,0,33,4,25,0
44.43,13,Clothing,0,0,55,0,61,0
119.45,17,Travel,0,0,51,5,26,0
32.52,3,Electronics,0,0,39,3,64,0
243.86,16,Grocery,0,0,36,2,36,0
160.45,5,Grocery,0,0,92,4,37,0
49.76,0,Travel,0,0,88,2,53,0
56.88,13,Grocery,0,0,80,2,30,0
312.6,14,Clothing,0,0,58,2,29,0
36.62,1,Food,0,0,84,4,19,0
152.03,13,Clothing,0,0,68,1,32,0
457.94,13,Food,0,0,97,1,19,0
9.09,10,Food,0,0,81,2,61,0
88.74,13,Clothing,0,0,31,3,38,0
167.54,2,Grocery,0,0,63,1,30,0
575.06,2,Food,0,0,74,2,24,0
140.05,10,Food,0,0,44,1,37,0
222.14,10,Grocery,0,0,79,1,25,0
397.94,1,Clothing,0,0,33,2,40,0
21.94,0,Grocery,0,0,31,2,36,0
142.41,7,Electronics,0,0,58,3,65,0
73.03,16,Electronics,0,0,38,6,51,0
278.13,8,Clothing,0,0,25,3,33,0
93.45,6,Food,0,0,45,4,27,0
83.04,22,Food,0,0,97,2,64,0
49.13,2,Grocery,0,0,82,0,40,0
195.45,1,Clothing,0,0,53,1,28,0
114.66,20,Travel,0,0,64,2,51,0
14.14,9,Travel,0,0,59,1,36,0
9.27,2,Food,0,0,41,2,52,0
182.11,2,Clothing,0,0,66,3,34,0
29.12,9,Food,0,1,33,2,20,0
47.27,7,Electronics,0,0,42,3,68,0
43.88,11,Clothing,1,0,74,3,43,0
240.7,18,Grocery,1,0,96,4,50,0
435.47,6,Food,0,0,90,4,48,0
214.74,17,Grocery,0,0,29,2,39,0
293.3,20,Food,0,0,71,2,18,0
57.84,12,Clothing,0,1,82,1,58,0
235.83,0,Clothing,0,0,84,4,45,0
228.65,2,Travel,0,0,52,2,21,0
184.77,0,Clothing,0,0,61,0,62,0
133.91,3,Clothing,0,0,71,2,25,0
86.95,20,Food,0,0,60,2,62,0
65.57,4,Grocery,0,0,99,2,49,0
27.0,17,Grocery,0,0,55,3,20,0
565.21,16,Travel,0,0,39,1,44,0
494.78,3,Food,0,0,52,1,35,0
258.49,8,Grocery,0,0,52,3,28,0
126.96,10,Grocery,0,0,98,2,21,0
331.69,20,Electronics,0,0,91,2,23,0
14.17,8,Food,0,0,66,2,29,0
37.69,17,Clothing,1,0,82,0,50,0
64.04,4,Clothing,0,0,46,2,67,0
183.01,3,Travel,1,0,49,1,60,0
36.12,22,Grocery,1,0,49,1,36,0
5.68,12,Clothing,0,0,48,1,51,0
149.18,18,Clothing,0,0,67,4,38,0
108.92,0,Clothing,0,0,31,7,46,1
14.93,7,Clothing,0,0,86,1,45,0
126.81,13,Clothing,0,0,56,1,30,0
83.09,2,Food,0,0,76,7,51,0
182.62,12,Food,0,0,81,0,54,0
105.58,22,Clothing,0,0,69,1,62,0
79.23,17,Travel,0,1,97,2,44,0
132.82,15,Travel,0,0,71,1,42,0
438.67,19,Clothing,0,1,94,3,58,0
94.75,2,Electronics,0,0,42,1,49,0
32.74,21,Clothing,0,0,91,3,54,0
131.58,5,Clothing,0,1,74,0,31,0
24.42,21,Travel,0,0,72,0,68,0
14.11,16,Food,0,0,95,4,27,0
281.35,13,Clothing,0,0,35,3,67,0
167.23,8,Food,0,0,70,1,52,0
527.84,2,Food,1,0,30,0,51,1
227.57,13,Clothing,0,1,69,1,49,0
15.77,12,Electronics,0,0,53,3,69,0
9.45,14,Clothing,0,0,67,4,53,0
27.33,16,Electronics,0,0,61,1,67,0
28.05,0,Travel,0,0,68,2,19,0
356.29,19,Clothing,0,0,76,5,36,0
558.66,16,Travel,0,0,98,1,58,0
206.93,10,Clothing,0,0,84,1,64,0
68.9,5,Food,0,0,51,3,22,0
204.05,1,Grocery,0,0,81,2,53,0
70.78,18,Clothing,0,0,67,1,40,0
162.75,19,Food,0,0,67,1,44,0
438.0,13,Electronics,0,0,74,2,33,0
11.31,6,Electronics,0,0,41,1,29,0
4.48,0,Grocery,1,0,76,1,20,0
163.15,19,Grocery,0,0,27,2,27,0
23.96,22,Food,0,0,28,2,19,0
2.36,11,Electronics,1,0,69,6,44,0
474.05,8,Electronics,0,0,66,1,55,0
151.58,18,Travel,0,0,83,4,32,0
206.61,19,Food,0,0,27,1,58,0
92.01,3,Food,0,0,42,1,66,0
527.92,3,Food,0,0,87,1,25,0
53.9,16,Grocery,0,0,94,2,34,0
122.75,23,Food,0,1,59,1,52,0
5.03,9,Food,0,0,91,2,21,0
38.21,14,Clothing,0,0,25,2,27,0
106.53,5,Travel,0,0,51,0,60,0
102.32,2,Travel,0,0,82,4,54,0
762.35,2,Travel,0,0,57,2,45,0
123.78,8,Grocery,0,0,69,1,69,0
169.03,10,Grocery,0,0,33,1,30,0
2.54,17,Food,0,0,89,2,36,0
159.61,15,Travel,0,0,41,1,35,0
166.74,20,Food,0,0,90,1,35,0
219.47,1,Clothing,0,1,45,2,67,0
47.73,15,Clothing,0,0,28,1,53,0
62.21,0,Food,0,1,30,0,58,1
347.02,20,Travel,1,0,78,0,38,0
154.62,16,Travel,0,0,98,4,53,0
39.76,14,Clothing,0,0,72,1,58,0
4.85,22,Electronics,0,0,88,0,35,0
210.39,21,Clothing,0,0,76,0,69,0
263.7,4,Electronics,0,0,97,3,49,0
541.15,13,Travel,0,0,29,3,44,0
82.89,12,Electronics,0,0,99,5,37,0
19.79,11,Clothing,0,0,69,3,28,0
235.85,20,Grocery,0,0,33,0,39,0
43.47,1,Grocery,0,1,55,2,50,0
110.63,18,Food,0,1,79,4,41,0
79.1,0,Electronics,0,0,66,4,28,0
1225.04,21,Electronics,0,0,85,1,21,0
21.56,5,Electronics,0,0,72,3,64,0
292.54,14,Grocery,0,0,52,2,24,0
209.33,0,Clothing,0,0,52,3,18,0
19.01,19,Electronics,0,0,49,1,20,0
7.55,8,Grocery,0,0,47,0,44,0
30.57,23,Travel,0,0,26,1,22,0
107.73,12,Travel,1,0,87,2,42,0
60.71,0,Clothing,0,0,75,5,26,0
50.15,15,Grocery,0,0,36,1,47,0
15.39,4,Clothing,0,0,99,2,30,0
378.72,6,Travel,0,0,29,3,52,0
294.17,8,Food,0,0,34,4,18,0
90.05,20,Electronics,0,0,94,1,57,0
39.01,13,Clothing,0,0,76,2,52,0
142.33,13,Travel,0,0,49,1,29,0
82.39,13,Electronics,0,0,39,0,27,0
153.08,14,Grocery,0,0,50,0,64,0
164.47,12,Clothing,0,0,67,0,28,0
372.26,12,Grocery,0,0,32,3,62,0
73.06,5,Travel,0,0,92,5,35,0
478.47,13,Clothing,0,0,75,1,64,0
383.31,9,Clothing,0,0,61,1,26,0
51.87,15,Travel,0,0,46,0,39,0
406.58,21,Electronics,0,0,90,3,25,0
179.34,20,Travel,0,0,33,0,22,0
55.46,22,Clothing,0,0,91,5,60,0
28.49,12,Clothing,1,0,51,0,30,0
308.34,16,Travel,0,0,67,2,50,0
241.5,13,Electronics,0,0,73,2,29,0
254.05,10,Grocery,0,0,98,0,21,0
299.62,3,Electronics,0,1,87,2,30,0
14.43,18,Grocery,0,0,91,2,55,0
675.06,20,Clothing,0,0,89,1,58,0
110.37,15,Travel,0,0,37,1,54,0
63.13,6,Travel,0,0,73,3,66,0
66.65,9,Electronics,0,0,48,3,55,0
378.84,23,Grocery,0,0,76,2,53,0
9.07,19,Electronics,0,0,54,0,29,0
479.69,3,Travel,0,0,88,3,26,0
512.49,11,Electronics,0,1,99,3,27,0
61.66,5,Grocery,0,0,97,1,46,0
152.65,19,Food,1,0,38,3,52,0
27.03,15,Electronics,1,0,52,3,33,0
549.66,7,Food,0,0,54,1,61,0
22.07,21,Food,0,0,90,0,47,0
62.37,4,Food,0,0,73,2,62,0
48.71,2,Electronics,0,0,43,3,40,0
107.74,12,Travel,1,0,26,2,39,0
452.86,7,Food,0,0,43,0,38,0
114.39,23,Electronics,0,0,27,2,54,0
630.74,9,Grocery,0,0,54,4,56,0
270.9,20,Grocery,0,0,78,4,65,0
15.82,23,Travel,0,0,43,2,39,0
37.21,14,Grocery,0,0,92,1,32,0
339.6,20,Travel,0,0,28,0,58,0
541.38,19,Food,0,1,91,2,58,0
291.87,17,Travel,0,0,98,1,53,0
96.9,12,Clothing,0,0,94,3,32,0
47.03,13,Electronics,0,0,46,1,38,0
125.88,12,Food,0,0,97,0,52,0
90.85,7,Grocery,0,1,89,1,45,0
117.77,11,Food,0,0,71,3,38,0
199.98,7,Travel,0,0,29,1,43,0
156.35,0,Electronics,0,0,25,1,24,0
3.01,20,Electronics,1,0,62,2,51,0
18.88,8,Food,0,0,90,0,21,0
116.19,4,Grocery,1,0,51,1,51,0
20.37,14,Food,0,0,38,1,39,0
140.57,8,Food,0,0,91,3,19,0
130.5,18,Travel,0,0,65,1,52,0
40.09,23,Travel,0,0,85,1,47,0
356.05,9,Electronics,0,0,94,2,28,0
81.36,7,Clothing,1,0,51,4,55,0
79.54,0,Clothing,0,0,71,2,37,0
483.74,8,Travel,0,0,50,4,68,0
163.95,2,Travel,0,0,90,3,67,0
122.69,20,Electronics,0,1,26,2,32,0
12.55,9,Clothing,0,0,81,4,27,0
309.51,22,Electronics,0,0,49,1,63,0
15.19,2,Grocery,0,0,83,5,59,0
12.88,6,Travel,1,0,41,2,31,0
257.0,17,Clothing,0,1,89,2,54,0
186.88,5,Clothing,0,1,57,0,62,0
43.74,16,Food,0,0,78,3,21,0
11.37,11,Travel,0,0,77,1,31,0
74.51,6,Grocery,0,0,95,1,30,0
55.33,13,Travel,0,0,45,4,45,0
754.26,20,Electronics,0,0,51,3,63,0
217.24,15,Food,0,0,73,2,19,0
246.77,5,Electronics,0,0,53,0,51,0
378.63,19,Food,0,0,65,3,27,0
267.65,14,Electronics,0,1,68,4,57,0
114.68,7,Food,0,0,74,2,25,0
377.38,20,Food,0,0,34,1,45,0
116.52,12,Clothing,0,0,29,1,32,0
312.71,1,Grocery,0,0,64,3,68,0
0.96,17,Clothing,0,0,57,1,52,0
154.17,17,Travel,0,1,57,1,32,0
41.71,2,Clothing,0,0,88,3,21,0
76.94,20,Food,0,0,55,1,48,0
353.64,19,Grocery,0,0,72,3,64,0
131.09,1,Grocery,0,0,68,1,22,0
206.52,14,Clothing,0,0,49,0,27,0
21.66,9,Grocery,0,0,46,2,38,0
48.97,0,Electronics,0,0,83,0,20,0
373.3,18,Food,0,0,49,1,67,0
381.52,3,Clothing,0,0,74,1,69,0
105.35,20,Food,0,1,52,0,65,0
219.09,6,Electronics,0,0,50,2,21,0
77.46,7,Travel,0,0,65,4,41,0
127.85,8,Electronics,0,1,83,1,66,0
28.68,13,Clothing,1,0,71,2,36,0
607.44,10,Travel,0,0,25,3,55,0
65.61,13,Clothing,0,0,79,0,46,0
4.55,20,Electronics,0,0,42,1,49,0
148.05,2,Grocery,0,0,66,2,38,0
107.55,15,Electronics,0,0,72,2,29,0
5.6,13,Clothing,0,0,70,4,19,0
26.99,0,Clothing,0,0,73,2,69,0
114.72,19,Food,0,0,32,1,43,0
290.02,14,Electronics,0,0,37,2,23,0
210.02,13,Clothing,0,0,95,0,44,0
432.61,16,Electronics,0,0,38,3,19,0
16.7,21,Electronics,0,0,37,5,26,0
104.28,6,Electronics,0,0,71,2,52,0
298.62,7,Travel,0,0,26,1,35,0
546.81,5,Grocery,1,1,53,2,45,0
300.33,0,Food,0,0,69,1,50,0
74.53,1,Travel,0,0,80,3,27,0
53.86,0,Clothing,0,0,54,1,64,0
108.37,16,Grocery,0,0,99,2,49,0
414.51,11,Electronics,1,0,46,2,41,0
102.35,23,Clothing,0,0,25,2,20,0
666.98,15,Travel,0,0,48,4,64,0
12.82,7,Grocery,0,0,99,1,69,0
202.97,12,Grocery,0,0,36,2,65,0
65.22,2,Travel,0,1,56,1,49,0
298.01,4,Clothing,0,0,43,2,18,0
117.42,4,Electronics,0,1,89,4,18,0
12.23,2,Food,1,0,28,3,66,1
187.55,6,Travel,0,0,63,1,31,0
3.48,18,Clothing,0,0,30,1,33,0
436.13,16,Grocery,0,0,59,7,64,0
51.43,21,Clothing,0,1,66,1,53,0
732.86,7,Grocery,0,1,98,1,62,0
5.83,19,Electronics,0,0,82,0,49,0
15.29,16,Electronics,1,0,74,1,39,0
174.56,23,Clothing,0,0,52,1,52,0
14.38,10,Grocery,0,0,31,0,33,0
165.78,21,Travel,0,0,32,0,25,0
97.48,9,Clothing,0,0,82,2,33,0
969.55,4,Clothing,0,0,96,3,43,0
30.62,19,Grocery,0,0,62,1,32,0
61.95,3,Electronics,0,1,30,4,41,1
330.89,20,Electronics,0,0,83,0,57,0
64.37,4,Food,0,0,69,4,37,0
41.6,11,Grocery,0,0,97,4,40,0
168.15,20,Electronics,0,0,29,2,23,0
62.9,21,Electronics,0,0,84,0,31,0
131.5,22,Grocery,1,0,49,3,51,0
21.18,10,Travel,0,0,51,4,51,0
263.89,18,Food,0,0,52,1,36,0
368.04,15,Electronics,0,0,45,4,43,0
11.27,23,Food,0,0,52,3,28,0
63.57,17,Travel,0,1,39,2,46,0
595.78,13,Electronics,0,0,32,3,49,0
189.06,14,Food,0,1,63,1,19,0
120.99,2,Grocery,0,0,56,4,63,0
191.3,22,Food,0,0,98,1,44,0
75.45,13,Electronics,0,0,71,2,30,0
194.43,22,Travel,0,0,51,1,20,0
346.28,4,Electronics,0,0,62,3,53,0
432.54,2,Food,0,0,42,2,64,0
18.05,3,Travel,0,0,86,1,24,0
328.94,6,Clothing,0,0,30,3,28,0
299.98,8,Electronics,0,0,54,0,51,0
30.21,16,Clothing,0,0,28,2,40,0
30.8,6,Electronics,0,0,90,2,63,0
364.69,17,Electronics,0,0,37,3,26,0
442.91,1,Electronics,0,0,92,3,33,0
146.73,23,Travel,0,0,30,3,43,0
780.27,23,Food,0,1,49,3,65,0
185.11,21,Grocery,0,0,85,5,31,0
107.18,3,Travel,0,0,52,2,31,0
152.27,19,Food,0,0,59,4,34,0
23.74,15,Clothing,0,0,45,7,27,0
118.17,20,Food,0,0,97,3,65,0
218.25,0,Clothing,0,0,91,3,25,0
63.51,19,Clothing,0,0,35,1,69,0
36.87,15,Travel,0,0,37,4,33,0
176.71,5,Grocery,0,0,89,2,37,0
17.25,5,Electronics,0,0,35,1,28,0
408.7,19,Food,0,0,34,0,29,0
985.18,1,Electronics,0,0,69,2,36,0
83.23,2,Food,0,0,28,0,21,0
401.4,1,Electronics,1,0,31,0,28,1
3.99,10,Food,0,0,61,1,35,0
306.64,18,Clothing,0,0,98,4,50,0
99.68,22,Food,0,0,60,0,36,0
90.84,17,Electronics,0,0,36,4,40,0
115.56,10,Clothing,0,0,77,2,31,0
111.21,8,Grocery,0,0,82,1,33,0
98.97,22,Travel,0,0,28,7,34,0
76.05,0,Food,0,1,84,2,58,0
257.65,15,Clothing,0,0,60,1,22,0
87.81,3,Clothing,0,0,53,2,23,0
139.12,20,Clothing,0,0,29,1,42,0
149.89,5,Grocery,0,0,27,4,46,0
199.12,17,Travel,0,0,95,3,25,0
24.72,4,Grocery,0,0,52,2,23,0
127.45,15,Food,0,0,50,1,48,0
13.98,1,Travel,0,0,37,0,39,0
209.09,15,Food,0,0,72,2,54,0
363.15,0,Food,0,0,98,0,65,0
287.39,2,Electronics,0,0,66,2,41,0
111.63,0,Clothing,0,0,44,2,23,0
108.34,0,Grocery,0,0,61,1,63,0
319.17,18,Travel,0,0,82,1,37,0
57.49,8,Clothing,0,0,64,2,60,0
3.34,23,Food,0,0,93,0,18,0
197.95,7,Food,0,0,97,2,30,0
280.59,2,Electronics,0,0,77,1,49,0
462.18,23,Food,0,0,60,1,46,0
530.37,5,Travel,0,0,90,5,45,0
238.31,1,Clothing,0,0,44,2,50,0
356.76,23,Clothing,0,0,25,1,55,0
126.39,6,Travel,0,0,41,1,30,0
141.17,10,Clothing,0,0,40,0,29,0
46.12,1,Clothing,0,1,41,1,21,0
10.56,9,Clothing,0,1,93,1,48,0
269.2,9,Grocery,0,0,83,0,56,0
172.65,16,Clothing,0,0,96,1,32,0
42.55,3,Travel,0,0,44,4,68,0
20.9,6,Electronics,0,0,42,3,43,0
31.68,20,Grocery,0,1,47,3,49,0
57.55,11,Grocery,0,0,83,1,30,0
5.4,15,Clothing,0,0,46,3,53,0
59.61,6,Food,0,0,96,1,29,0
237.5,22,Grocery,0,0,61,1,29,0
29.09,11,Food,0,0,30,2,37,0
12.48,7,Food,0,0,42,4,61,0
82.96,0,Travel,0,0,78,1,38,0
10.67,8,Food,0,1,44,3,63,0
9.25,1,Travel,0,0,59,2,69,0
38.16,9,Food,1,0,26,1,41,0
249.5,11,Electronics,0,0,52,1,38,0
60.65,21,Clothing,0,0,58,5,35,0
68.27,1,Food,0,0,60,2,32,0
48.6,12,Clothing,0,0,66,3,28,0
193.29,12,Electronics,0,0,25,1,22,0
46.59,0,Electronics,0,0,40,1,31,0
140.68,3,Food,1,0,31,1,63,1
2.2,4,Clothing,0,0,52,2,30,0
199.28,5,Travel,0,0,93,0,57,0
244.91,10,Travel,0,0,56,4,40,0
322.45,5,Grocery,0,0,83,6,63,0
1.06,3,Grocery,0,0,44,2,32,0
82.8,10,Clothing,0,0,81,3,54,0
149.54,6,Food,0,0,83,4,22,0
175.31,22,Clothing,0,1,43,1,56,0
386.07,15,Grocery,0,0,73,4,69,0
131.45,7,Food,0,0,99,2,67,0
148.06,2,Food,1,0,55,5,66,1
124.81,20,Clothing,0,0,51,3,22,0
150.38,17,Clothing,0,0,80,2,54,0
76.7,23,Grocery,0,0,94,2,21,0
131.23,17,Grocery,0,0,80,2,53,0
15.92,12,Clothing,0,1,70,1,24,0
54.84,22,Travel,1,0,34,0,68,0
361.2,12,Travel,0,0,44,3,20,0
180.57,23,Food,0,0,80,2,54,0
100.2,14,Travel,0,0,29,5,49,0
174.48,10,Travel,0,0,30,1,52,0
61.44,19,Electronics,0,0,44,1,42,0
592.13,10,Electronics,0,0,83,0,51,0
0.89,22,Clothing,0,0,87,4,67,0
154.85,23,Grocery,1,0,90,1,30,0
32.4,0,Electronics,0,0,90,1,48,0
13.49,21,Grocery,0,0,56,3,40,0
1.68,17,Grocery,1,0,54,1,49,0
166.58,5,Clothing,0,0,36,1,27,0
122.25,2,Electronics,0,0,31,3,47,0
166.86,23,Grocery,0,1,94,0,35,0
73.23,7,Travel,0,0,90,0,45,0
23.1,3,Food,1,0,67,3,27,0
147.67,9,Food,0,0,76,0,58,0
40.58,9,Travel,0,0,73,2,46,0
33.16,0,Clothing,0,0,25,1,37,0
280.8,8,Clothing,0,0,57,2,45,0
67.67,12,Clothing,0,0,70,3,35,0
16.21,0,Electronics,0,0,39,6,67,1
8.66,21,Electronics,0,0,32,1,57,0
240.56,16,Travel,0,1,86,1,61,0
56.01,20,Food,1,0,64,3,21,0
54.15,19,Food,0,0,38,0,48,0
112.19,17,Clothing,0,0,51,1,63,0
98.46,17,Clothing,0,1,62,3,69,0
40.09,8,Travel,0,0,78,2,48,0
30.82,5,Grocery,0,1,70,1,41,0
201.83,6,Travel,0,0,27,2,41,0
52.01,8,Food,0,0,53,1,20,0
137.23,19,Grocery,0,0,56,2,37,0
18.57,7,Travel,0,0,39,1,69,0
32.42,9,Food,0,0,29,1,66,0
165.75,12,Electronics,0,1,40,2,42,0
27.75,6,Travel,0,0,54,5,42,0
59.07,8,Travel,1,0,33,4,20,0
51.02,12,Travel,0,0,85,1,35,0
139.27,13,Food,0,0,44,2,31,0
95.54,7,Electronics,0,0,45,2,60,0
563.44,11,Food,0,0,61,4,56,0
9.88,8,Clothing,0,0,45,0,59,0
127.93,10,Clothing,0,0,84,4,66,0
173.9,14,Travel,0,0,70,2,31,0
7.23,8,Electronics,0,0,60,2,22,0
68.28,14,Travel,0,0,92,1,50,0
775.12,6,Electronics,0,0,41,2,37,0
254.68,6,Electronics,0,0,81,4,18,0
41.38,17,Electronics,0,1,98,1,66,0
31.39,14,Travel,1,0,89,3,52,0
183.5,0,Clothing,0,0,99,2,42,0
39.55,17,Food,0,0,84,2,48,0
68.6,20,Clothing,0,0,48,3,68,0
298.33,14,Clothing,0,0,46,0,20,0
139.79,9,Travel,0,0,83,1,29,0
199.7,5,Travel,0,0,47,0,25,0
325.91,19,Clothing,0,0,94,3,51,0
87.27,5,Travel,0,0,94,0,20,0
66.87,16,Food,0,0,94,0,67,0
67.93,14,Electronics,0,0,83,3,38,0
76.58,21,Travel,0,0,44,0,30,0
592.51,20,Food,0,0,41,1,53,0
63.7,15,Travel,0,0,90,2,50,0
613.85,5,Food,1,0,95,2,44,0
16.39,7,Electronics,0,1,60,3,59,0
27.53,14,Travel,0,0,80,2,47,0
16.37,18,Grocery,0,0,52,3,46,0
187.86,18,Food,0,0,73,0,25,0
5.58,18,Clothing,0,0,75,3,62,0
7.8,21,Clothing,0,0,95,3,21,0
181.96,12,Food,0,0,57,5,45,0
100.78,10,Electronics,0,0,68,1,46,0
144.26,3,Electronics,0,0,65,1,47,0
76.22,14,Grocery,0,0,92,2,34,0
74.25,9,Clothing,0,0,60,0,37,0
142.04,23,Grocery,0,0,26,0,20,0
624.96,12,Grocery,0,0,50,2,63,0
9.92,21,Electronics,0,0,55,2,47,0
61.3,12,Electronics,0,0,25,3,65,0
62.56,20,Travel,0,0,72,1,60,0
66.07,10,Electronics,0,0,72,1,60,0
3.53,20,Food,0,0,26,2,39,0
284.39,13,Electronics,0,0,58,4,34,0
347.62,11,Electronics,1,0,74,5,59,0
60.95,16,Food,0,0,77,4,62,0
3.29,17,Electronics,0,0,65,4,42,0
34.76,9,Grocery,0,0,86,2,43,0
224.07,10,Food,0,0,85,1,55,0
225.29,6,Food,0,1,44,4,40,0
55.51,9,Travel,0,0,45,4,27,0
36.04,19,Electronics,0,0,79,6,29,0
195.07,0,Travel,0,1,96,1,43,0
619.99,18,Food,0,0,82,1,68,0
142.77,11,Grocery,0,0,64,4,69,0
363.21,2,Travel,0,0,78,3,51,0
745.34,0,Food,1,0,76,5,40,1
16.92,6,Travel,0,1,85,5,35,0
409.82,11,Electronics,0,1,79,3,48,0
113.55,8,Clothing,0,0,36,3,31,0
31.55,0,Clothing,0,0,83,9,30,0
74.24,21,Food,0,0,41,1,29,0
26.3,14,Grocery,0,0,52,3,27,0
55.56,9,Travel,0,0,43,0,60,0
37.61,21,Travel,0,0,69,1,46,0
49.39,1,Grocery,0,0,49,4,61,0
57.02,11,Grocery,0,0,76,2,65,0
254.38,13,Electronics,0,0,94,4,50,0
210.82,14,Electronics,0,0,97,3,50,0
53.93,21,Food,1,0,90,1,60,0
232.59,22,Travel,0,1,50,0,33,0
143.68,5,Food,0,0,82,0,41,0
61.39,1,Food,0,0,49,3,66,0
29.77,13,Grocery,0,0,41,1,62,0
112.54,0,Travel,0,1,52,1,68,0
55.13,14,Food,0,0,60,2,37,0
102.77,21,Food,1,0,72,4,48,0
9.21,11,Travel,0,0,45,2,24,0
248.69,7,Food,0,0,43,3,53,0
59.24,13,Travel,0,0,40,1,53,0
210.41,21,Travel,0,0,92,5,29,0
498.74,22,Food,0,0,71,1,49,0
291.43,8,Grocery,0,1,83,2,59,0
59.68,7,Food,0,0,37,0,65,0
168.36,13,Grocery,0,0,71,2,47,0
86.52,19,Clothing,0,0,64,3,20,0
78.63,20,Electronics,0,0,47,1,40,0
65.16,4,Travel,0,0,39,2,40,0
83.75,15,Clothing,0,0,31,2,57,0
365.05,3,Electronics,0,1,28,3,38,1
264.52,9,Travel,0,0,90,2,69,0
374.49,10,Travel,0,0,87,4,51,0
58.85,15,Grocery,0,0,33,0,60,0
400.31,12,Electronics,0,0,46,1,62,0
386.92,18,Clothing,0,0,42,1,69,0
264.11,15,Electronics,0,0,80,5,42,0
79.46,6,Travel,0,0,66,2,60,0
489.22,19,Clothing,0,0,96,3,51,0
196.2,3,Travel,0,0,37,2,31,0
75.72,5,Grocery,0,0,38,5,47,0
28.41,14,Electronics,0,0,90,1,56,0
188.2,1,Food,0,0,48,3,45,0
392.81,22,Clothing,0,0,66,4,59,0
64.45,10,Food,0,0,79,2,38,0
565.61,8,Clothing,1,0,94,1,25,0
123.42,5,Food,0,0,35,2,47,0
19.43,23,Grocery,0,0,40,3,22,0
29.22,14,Clothing,0,0,40,1,58,0
94.37,21,Grocery,0,0,44,0,36,0
162.07,22,Electronics,1,0,68,2,26,0
286.48,4,Electronics,0,0,44,0,53,0
471.42,16,Clothing,0,0,70,1,19,0
42.51,22,Clothing,0,0,32,0,57,0
78.73,2,Grocery,0,0,38,1,36,0
293.16,21,Electronics,0,0,60,0,42,0
155.62,18,Travel,0,0,65,3,19,0
275.63,22,Electronics,0,0,61,1,20,0
306.69,14,Grocery,0,0,40,5,28,0
130.89,0,Grocery,0,0,46,2,24,0
435.03,7,Electronics,1,0,95,2,58,0
93.37,15,Clothing,0,0,36,2,25,0
177.39,1,Travel,1,0,32,5,53,1
310.78,17,Clothing,0,0,80,3,29,0
115.73,2,Clothing,0,0,79,1,38,0
0.28,19,Food,0,0,74,2,28,0
248.53,12,Grocery,0,1,84,0,30,0
53.5,16,Travel,0,0,39,5,39,0
161.88,19,Electronics,0,0,57,1,58,0
14.95,3,Travel,0,0,61,3,21,0
60.35,2,Travel,0,0,81,4,34,0
169.23,13,Clothing,1,0,98,0,54,0
381.4,6,Electronics,0,0,90,3,27,0
192.33,5,Food,0,0,49,3,24,0
230.59,23,Travel,0,0,43,3,18,0
89.04,3,Clothing,0,0,35,4,54,0
11.53,14,Travel,0,1,49,2,24,0
104.56,7,Grocery,0,0,83,1,42,0
200.8,21,Electronics,0,0,93,4,42,0
115.46,22,Travel,0,0,91,3,20,0
254.46,0,Travel,0,0,26,4,62,0
17.63,8,Food,0,0,61,3,61,0
143.3,12,Grocery,0,0,82,1,58,0
208.19,21,Travel,0,0,78,2,28,0
81.69,7,Grocery,0,0,74,3,39,0
56.56,13,Food,0,0,59,2,45,0
47.52,0,Food,0,0,81,1,57,0
221.94,2,Clothing,0,0,70,2,32,0
56.12,3,Grocery,1,0,75,0,51,0
214.5,5,Travel,0,0,80,2,65,0
368.35,15,Food,0,0,78,0,57,0
38.27,10,Grocery,0,0,42,4,54,0
11.83,11,Grocery,0,0,86,2,64,0
105.48,1,Travel,0,1,27,3,59,1
53.3,22,Grocery,0,0,38,1,48,0
254.49,6,Travel,1,0,38,0,42,0
15.21,18,Electronics,0,0,95,4,42,0
48.8,20,Grocery,0,0,76,2,64,0
307.77,4,Grocery,0,0,43,3,34,0
5.64,9,Travel,0,0,44,1,23,0
286.74,17,Electronics,0,0,43,1,18,0
261.46,14,Food,0,0,41,1,60,0
53.96,16,Food,0,0,98,1,31,0
155.86,14,Electronics,0,0,83,2,56,0
25.42,20,Food,0,0,78,0,65,0
108.33,7,Clothing,0,0,36,0,64,0
163.16,17,Travel,0,0,59,1,22,0
245.52,7,Travel,0,0,62,3,55,0
16.61,23,Clothing,0,0,57,5,69,0
129.35,7,Electronics,0,0,84,3,34,0
32.88,10,Food,0,0,33,3,31,0
495.39,10,Clothing,0,0,60,2,44,0
193.5,11,Grocery,0,0,35,0,35,0
188.22,4,Food,0,0,59,0,29,0
71.82,18,Travel,0,1,72,1,51,0
69.65,14,Grocery,0,0,77,2,65,0
221.8,20,Grocery,1,0,77,4,49,0
10.14,19,Clothing,0,0,70,0,62,0
108.72,3,Electronics,0,0,81,0,51,0
120.62,21,Food,0,0,47,1,39,0
4.2,1,Grocery,0,0,97,4,57,0
145.85,17,Clothing,1,0,39,2,50,0
26.63,16,Food,0,0,78,2,52,0
128.19,20,Food,0,0,72,1,36,0
189.34,7,Travel,1,0,95,0,41,0
48.31,16,Clothing,0,0,79,5,60,0
2.1,20,Food,0,0,65,2,63,0
317.53,10,Clothing,0,0,96,3,51,0
65.52,9,Travel,0,0,65,2,66,0
2.2,18,Food,0,1,60,2,45,0
565.69,9,Clothing,1,0,84,2,48,0
30.88,9,Electronics,0,0,40,1,27,0
8.07,2,Electronics,0,0,69,1,25,0
129.91,17,Clothing,0,0,65,2,51,0
260.52,2,Grocery,0,1,56,3,37,0
290.92,15,Clothing,1,0,48,3,40,0
16.37,2,Clothing,0,0,53,1,22,0
18.76,17,Food,0,0,76,0,53,0
87.49,5,Clothing,0,0,80,2,41,0
355.67,17,Food,0,0,82,4,44,0
608.9,0,Grocery,0,0,89,5,61,0
63.87,7,Food,1,0,34,3,65,0
101.76,22,Travel,0,0,89,1,54,0
283.03,6,Travel,0,0,66,0,62,0
8.29,21,Grocery,0,0,94,1,32,0
19.95,14,Grocery,0,0,29,0,47,0
97.8,13,Electronics,0,0,34,3,18,0
13.87,23,Electronics,0,0,28,0,19,0
61.59,3,Travel,0,0,32,0,59,0
262.65,18,Grocery,0,0,54,1,68,0
23.08,22,Electronics,0,0,50,6,27,0
397.73,5,Food,0,0,41,3,42,0
8.4,8,Electronics,0,1,70,1,63,0
157.81,1,Grocery,0,0,80,2,64,0
3.71,5,Travel,0,0,87,2,31,0
317.31,14,Grocery,0,0,50,3,31,0
371.09,15,Food,0,0,42,4,67,0
136.78,20,Food,0,0,56,4,27,0
154.57,5,Food,0,0,95,4,50,0
568.83,0,Food,0,0,63,4,59,0
441.17,23,Grocery,0,0,50,1,59,0
671.94,16,Travel,0,0,67,0,50,0
30.18,9,Clothing,0,0,60,4,40,0
88.79,18,Electronics,0,0,75,1,56,0
103.63,18,Grocery,0,0,95,4,49,0
60.52,23,Travel,0,0,86,1,45,0
67.67,13,Electronics,0,0,68,5,52,0
225.41,9,Electronics,0,0,27,2,55,0
155.24,23,Food,0,0,92,1,19,0
19.76,22,Electronics,0,0,79,5,46,0
280.31,12,Food,0,0,62,0,34,0
50.67,11,Electronics,0,0,52,2,44,0
115.13,1,Grocery,1,0,34,1,24,1
25.33,0,Clothing,0,0,43,4,52,0
249.52,1,Food,0,1,99,0,21,0
84.77,11,Travel,0,0,67,3,34,0
959.53,9,Grocery,1,0,48,1,25,0
309.87,6,Food,0,0,61,2,33,0
193.5,23,Clothing,0,0,58,5,46,0
31.96,4,Clothing,0,0,29,1,52,0
78.89,16,Electronics,0,0,52,1,59,0
191.79,21,Food,0,0,89,6,26,0
115.45,15,Clothing,0,1,76,1,68,0
477.07,23,Travel,0,0,45,1,44,0
57.7,22,Grocery,0,0,98,3,66,0
201.49,2,Grocery,0,1,95,1,66,0
551.92,12,Electronics,0,0,76,0,48,0
326.65,16,Grocery,0,0,89,3,32,0
15.43,4,Electronics,0,0,37,1,25,0
25.22,22,Electronics,0,0,83,0,41,0
110.42,19,Clothing,0,0,72,2,27,0
345.6,19,Grocery,0,0,86,1,69,0
25.29,5,Electronics,0,0,42,1,20,0
9.28,12,Travel,0,0,75,2,26,0
15.27,22,Clothing,0,0,66,2,25,0
9.91,10,Travel,0,0,41,1,44,0
145.59,1,Grocery,0,0,71,6,55,0
34.32,13,Grocery,0,1,79,4,51,0
43.81,14,Travel,0,0,56,3,59,0
156.68,6,Food,0,0,38,1,59,0
103.62,20,Grocery,0,0,43,3,56,0
248.27,23,Food,0,0,71,3,43,0
150.26,11,Food,0,1,80,3,23,0
403.59,12,Electronics,0,0,49,1,30,0
214.14,23,Food,0,1,38,5,31,1
245.58,15,Electronics,0,0,32,2,20,0
8.13,8,Clothing,0,0,96,1,43,0
50.35,23,Travel,0,0,28,3,35,0
217.76,4,Electronics,0,0,73,0,55,0
71.07,6,Food,0,0,77,0,33,0
355.34,20,Electronics,0,0,43,2,56,0
205.38,6,Food,0,0,32,2,21,0
20.99,15,Grocery,1,1,39,2,19,1
81.21,14,Grocery,0,0,67,0,34,0
155.53,3,Clothing,0,0,45,1,37,0
7.16,22,Clothing,0,0,49,2,24,0
181.89,14,Grocery,0,0,82,0,58,0
534.93,18,Clothing,0,0,55,2,26,0
54.14,7,Grocery,0,0,62,1,60,0
123.04,22,Food,0,1,36,3,62,0
1.9,5,Electronics,0,0,42,1,42,0
564.3,6,Electronics,0,0,58,0,27,0
346.82,6,Electronics,1,0,49,2,67,0
82.21,19,Food,0,0,43,4,60,0
12.11,7,Clothing,0,0,42,3,42,0
21.18,9,Grocery,0,0,27,3,19,0
104.86,20,Clothing,0,0,95,2,46,0
162.88,11,Electronics,0,0,30,4,48,0
125.8,2,Travel,0,0,29,2,34,0
49.92,18,Grocery,0,0,91,4,31,0
97.67,14,Electronics,1,0,89,0,20,0
14.72,14,Clothing,0,0,80,3,41,0
37.07,15,Food,0,0,28,3,60,0
141.48,21,Clothing,0,0,38,5,49,0
13.51,2,Clothing,0,0,90,2,58,0
1.15,15,Travel,0,0,65,2,65,0
5.17,11,Food,0,0,65,1,63,0
210.5,13,Electronics,0,0,77,0,59,0
136.19,19,Grocery,0,0,99,0,62,0
63.49,3,Electronics,0,0,50,2,64,0
116.97,7,Clothing,0,0,94,1,55,0
13.29,18,Clothing,0,0,49,4,45,0
167.24,1,Electronics,0,0,60,2,51,0
22.7,22,Clothing,0,0,66,2,33,0
483.18,23,Clothing,1,0,73,2,66,0
64.84,23,Electronics,0,0,28,1,21,0
65.39,22,Grocery,0,0,96,1,20,0
265.26,15,Electronics,0,0,35,4,42,0
226.61,13,Clothing,0,0,57,2,58,0
14.94,12,Travel,0,0,57,1,26,0
7.48,5,Travel,0,0,88,5,19,0
284.96,2,Electronics,0,0,63,1,59,0
94.59,5,Travel,0,0,80,5,22,0
12.17,18,Travel,0,0,62,5,22,0
56.07,2,Grocery,0,0,51,1,60,0
2.64,13,Grocery,0,0,87,2,45,0
232.75,2,Clothing,0,0,66,2,38,0
372.4,23,Clothing,0,0,98,2,37,0
70.27,18,Electronics,0,0,51,2,47,0
244.08,11,Food,0,0,38,0,37,0
74.6,19,Travel,1,0,73,3,26,0
584.58,5,Travel,0,0,48,0,64,0
24.55,8,Travel,0,0,81,3,43,0
55.06,6,Food,0,0,46,2,24,0
110.02,11,Travel,0,1,43,1,23,0
17.94,13,Grocery,0,0,54,0,48,0
22.77,20,Travel,0,0,52,4,48,0
130.25,3,Travel,0,0,61,3,21,0
269.63,17,Travel,0,0,29,1,38,0
294.34,13,Clothing,0,0,56,4,63,0
233.8,7,Clothing,0,0,91,6,47,0
4.0,23,Travel,0,0,90,2,19,0
379.98,14,Food,0,0,71,3,52,0
227.7,16,Grocery,0,0,34,1,59,0
49.72,23,Travel,0,0,85,0,18,0
168.17,20,Clothing,0,0,45,3,37,0
425.43,0,Clothing,0,0,37,3,18,0
175.47,21,Clothing,0,0,97,0,42,0
45.13,15,Grocery,0,1,63,5,22,0
360.44,6,Grocery,0,0,40,0,49,0
1.23,22,Food,0,0,90,2,56,0
16.38,19,Food,0,0,77,1,49,0
16.95,22,Food,0,0,69,7,42,0
292.7,13,Food,0,0,31,0,23,0
116.3,6,Electronics,0,1,42,3,65,0
9.97,17,Clothing,0,0,68,1,64,0
139.58,21,Travel,1,0,93,1,57,0
263.05,22,Electronics,0,0,46,1,37,0
266.3,19,Electronics,0,0,66,2,42,0
0.54,1,Travel,0,0,37,2,65,0
179.83,17,Travel,0,0,78,1,54,0
545.88,2,Clothing,0,0,58,2,62,0
11.76,5,Grocery,0,0,50,3,52,0
60.56,10,Clothing,0,0,35,1,64,0
102.06,9,Grocery,0,0,63,5,24,0
56.29,0,Travel,0,1,57,2,55,0
297.16,22,Electronics,0,0,27,2,22,0
172.82,18,Electronics,0,0,69,3,34,0
56.71,12,Grocery,0,0,25,1,22,0
49.85,13,Electronics,0,0,41,4,62,0
46.23,18,Food,1,1,57,2,19,0
178.81,18,Food,0,0,63,3,29,0
359.03,20,Travel,0,0,99,2,19,0
929.73,9,Grocery,0,0,65,5,67,0
245.56,10,Grocery,0,0,87,0,63,0
54.71,13,Travel,1,0,93,0,44,0
42.76,9,Grocery,0,0,84,1,64,0
82.46,23,Clothing,0,0,60,3,52,0
176.76,7,Electronics,0,0,32,1,45,0
54.75,7,Clothing,0,0,63,0,43,0
511.67,16,Clothing,0,0,44,3,47,0
112.6,16,Food,0,0,80,1,30,0
104.21,18,Clothing,0,0,58,0,47,0
570.93,18,Electronics,0,0,49,2,25,0
190.92,3,Electronics,0,0,51,2,20,0
32.39,13,Clothing,0,0,38,0,65,0
255.58,10,Grocery,0,0,86,0,58,0
37.72,6,Grocery,0,0,83,2,61,0
42.29,0,Electronics,0,0,56,2,43,0
126.0,1,Grocery,0,0,54,6,36,0
63.16,2,Clothing,0,0,27,4,68,0
212.81,22,Food,0,0,93,2,60,0
127.45,14,Food,0,0,63,6,45,0
12.82,5,Food,0,0,34,1,26,0
146.48,3,Travel,0,0,33,1,47,0
123.23,14,Food,0,0,83,0,40,0
294.27,21,Clothing,0,0,45,0,60,0
4.21,22,Food,0,0,72,0,34,0
64.18,17,Travel,0,0,78,2,67,0
580.6,10,Grocery,0,0,58,2,60,0
242.93,6,Clothing,0,0,46,2,44,0
347.11,11,Clothing,0,0,29,3,23,0
126.74,16,Grocery,0,0,44,1,59,0
1.67,1,Food,0,0,98,3,35,0
592.31,3,Travel,0,0,83,3,63,0
507.61,2,Electronics,0,0,99,2,37,0
5.69,4,Clothing,0,0,31,2,38,0
35.64,12,Travel,0,0,26,0,38,0
12.74,18,Clothing,0,0,70,4,60,0
53.56,20,Clothing,0,0,75,1,31,0
17.7,3,Food,0,0,72,3,60,0
167.98,3,Clothing,0,0,57,4,51,0
21.78,15,Grocery,0,0,76,5,18,0
27.78,8,Food,0,0,31,3,30,0
141.11,0,Electronics,0,0,58,2,58,0
309.13,13,Food,0,0,79,2,35,0
513.45,4,Grocery,0,0,66,1,37,0
92.05,10,Grocery,0,0,90,3,58,0
97.57,11,Clothing,0,0,83,2,67,0
456.36,18,Clothing,0,0,46,0,28,0
12.4,21,Electronics,0,0,65,1,66,0
211.43,1,Food,0,0,73,2,40,0
71.21,23,Travel,0,0,97,1,54,0
153.54,8,Travel,0,0,29,3,19,0
45.79,20,Grocery,0,0,55,4,66,0
144.07,12,Travel,1,0,99,3,21,0
4.44,13,Grocery,0,0,42,2,56,0
667.84,8,Clothing,1,0,97,4,26,0
575.99,15,Clothing,1,0,98,3,35,0
47.58,13,Travel,0,0,33,2,45,0
20.46,22,Travel,0,0,36,1,52,0
193.28,6,Grocery,0,0,84,5,43,0
495.29,15,Grocery,0,0,33,2,67,0
32.57,12,Food,0,0,64,4,51,0
85.97,0,Clothing,0,0,96,3,35,0
94.5,9,Food,0,1,64,2,50,0
443.48,14,Clothing,0,0,67,2,64,0
166.49,20,Electronics,0,1,36,2,50,0
71.41,3,Electronics,0,0,91,2,49,0
231.45,21,Clothing,0,0,67,3,33,0
29.88,2,Clothing,0,0,65,4,51,0
77.21,22,Food,0,1,91,5,39,0
92.39,21,Travel,0,0,83,1,56,0
35.08,19,Electronics,0,0,65,7,41,0
5.49,11,Travel,0,0,48,3,42,0
57.11,6,Electronics,0,0,82,0,31,0
76.4,8,Clothing,0,0,26,6,29,0
31.73,11,Food,0,0,90,2,55,0
33.31,6,Electronics,0,0,80,2,27,0
14.75,16,Electronics,0,1,84,0,65,0
41.18,6,Food,0,0,78,1,25,0
283.15,12,Grocery,0,0,63,3,65,0
468.81,15,Travel,0,0,27,2,68,0
39.1,16,Grocery,0,1,55,5,28,0
252.34,7,Clothing,0,0,41,1,48,0
301.29,2,Clothing,0,0,60,1,46,0
5.23,4,Food,0,1,92,1,60,0
260.75,10,Food,0,0,88,0,26,0
127.04,8,Clothing,1,0,57,3,36,0
153.34,3,Clothing,0,0,40,2,53,0
16.93,1,Food,0,0,30,2,51,0
438.22,1,Clothing,0,1,44,0,49,0
9.47,12,Travel,0,0,91,2,63,0
199.35,9,Grocery,0,0,60,3,26,0
212.02,6,Electronics,0,0,89,1,45,0
128.57,12,Travel,1,0,68,2,19,0
12.86,20,Travel,1,0,27,1,34,0
151.99,8,Travel,0,0,51,0,37,0
301.54,14,Grocery,0,0,68,4,64,0
289.57,0,Clothing,0,1,42,1,66,0
770.65,4,Food,0,0,93,2,68,0
227.51,5,Grocery,0,1,78,2,40,0
114.21,13,Clothing,0,0,52,2,22,0
129.38,18,Travel,1,0,97,2,37,0
35.86,8,Electronics,0,0,53,1,36,0
83.59,20,Grocery,0,0,51,1,58,0
38.56,5,Grocery,0,0,85,1,49,0
258.41,17,Clothing,0,0,77,1,67,0
47.57,17,Grocery,0,0,88,2,36,0
612.58,5,Food,1,0,68,1,53,0
43.51,18,Electronics,0,0,61,0,64,0
11.16,18,Food,1,0,62,1,69,0
84.47,22,Electronics,0,0,66,3,40,0
292.14,9,Clothing,0,0,81,3,67,0
51.24,14,Electronics,0,0,46,2,43,0
32.73,16,Clothing,0,0,47,3,24,0
13.26,18,Electronics,0,0,61,1,50,0
35.4,6,Travel,0,0,87,4,19,0
82.68,21,Grocery,0,0,77,2,58,0
1028.32,1,Grocery,0,0,27,2,36,1
230.95,16,Travel,0,0,42,1,44,0
43.63,5,Clothing,0,0,77,0,55,0
16.06,3,Grocery,0,0,59,2,52,0
128.0,4,Clothing,0,0,43,2,67,0
16.85,17,Grocery,0,0,98,0,38,0
256.52,9,Clothing,0,0,94,1,31,0
22.44,8,Travel,0,0,46,0,20,0
4.41,3,Clothing,0,0,38,2,58,0
7.29,21,Food,0,0,63,0,68,0
397.98,8,Grocery,0,0,39,0,42,0
3.63,7,Clothing,0,0,50,1,25,0
205.95,4,Electronics,0,0,35,3,48,0
50.82,3,Clothing,0,0,63,2,68,0
176.36,21,Food,0,0,43,2,27,0
629.53,14,Clothing,0,0,76,7,44,0
96.09,4,Grocery,0,0,29,2,54,0
16.72,17,Food,1,0,84,0,22,0
136.23,10,Travel,0,0,53,2,58,0
397.04,18,Food,0,0,56,0,30,0
126.91,16,Clothing,1,0,84,1,49,0
7.94,1,Clothing,0,1,41,0,30,0
17.94,15,Electronics,0,0,92,2,60,0
166.38,14,Clothing,0,0,57,2,18,0
174.23,23,Clothing,0,0,82,4,38,0
218.37,8,Food,0,0,46,4,60,0
8.33,0,Clothing,0,0,34,2,27,0
315.17,16,Electronics,0,0,59,2,18,0
90.26,0,Travel,0,0,89,2,51,0
274.95,22,Food,0,0,48,2,60,0
138.8,15,Electronics,0,0,59,2,39,0
513.09,21,Grocery,0,1,42,0,36,0
169.66,18,Food,0,0,63,3,60,0
36.48,6,Food,0,0,38,0,29,0
372.44,15,Electronics,0,0,87,2,67,0
383.54,3,Travel,0,0,66,2,69,0
407.85,7,Food,0,0,43,0,58,0
335.33,1,Electronics,0,0,57,1,62,0
13.26,14,Electronics,0,0,97,2,38,0
268.83,12,Clothing,0,0,60,0,38,0
214.11,15,Grocery,0,0,85,0,23,0
112.48,22,Travel,0,0,88,2,56,0
46.44,16,Electronics,0,0,76,3,33,0
295.15,12,Travel,0,0,36,1,59,0
68.2,17,Electronics,0,0,63,3,46,0
51.29,2,Grocery,0,0,97,1,33,0
51.77,14,Clothing,0,0,76,4,60,0
206.94,11,Clothing,0,0,47,5,65,0
58.78,8,Food,1,0,88,1,25,0
615.82,20,Grocery,0,0,39,1,53,0
1103.19,1,Electronics,0,0,36,0,29,1
773.77,5,Food,0,0,54,3,19,0
218.94,15,Food,0,1,89,1,62,0
77.01,7,Electronics,0,0,25,2,52,0
566.95,21,Electronics,0,0,52,2,30,0
110.73,7,Grocery,0,0,69,0,32,0
7.5,21,Food,0,0,73,5,61,0
123.03,8,Electronics,1,0,73,3,61,0
37.51,7,Electronics,1,1,55,2,27,0
102.64,18,Travel,0,0,43,3,56,0
147.12,22,Food,0,1,49,2,24,0
888.48,9,Grocery,0,0,76,1,30,0
176.45,7,Food,1,1,91,0,30,0
5.71,1,Food,0,0,89,2,43,0
81.35,15,Travel,1,0,86,3,62,0
156.06,22,Grocery,0,0,81,1,48,0
111.11,12,Grocery,0,0,97,2,59,0
663.31,11,Food,0,0,94,2,31,0
41.58,14,Food,0,0,85,2,56,0
301.6,7,Electronics,0,0,97,2,42,0
140.09,12,Food,0,0,61,2,35,0
34.11,16,Travel,1,0,58,2,29,0
233.8,17,Travel,0,0,42,2,65,0
160.17,9,Food,0,0,85,0,61,0
184.38,16,Electronics,0,0,25,4,38,0
152.77,1,Grocery,0,0,78,2,62,0
31.11,15,Clothing,0,0,73,1,31,0
36.72,23,Electronics,0,1,55,0,46,0
266.84,13,Clothing,0,0,63,0,68,0
157.57,18,Electronics,0,0,84,3,61,0
569.04,7,Grocery,1,0,36,2,68,0
6.94,4,Grocery,0,0,77,2,58,0
270.22,21,Travel,0,0,70,3,54,0
252.19,20,Clothing,0,1,67,2,45,0
872.69,13,Grocery,0,0,31,2,58,0
348.16,14,Electronics,0,0,86,2,30,0
70.04,7,Food,0,0,35,2,55,0
215.59,8,Electronics,0,0,26,2,51,0
190.12,21,Food,1,0,59,2,57,0
196.07,21,Clothing,0,0,76,2,67,0
24.86,8,Electronics,0,0,38,3,65,0
74.64,21,Food,0,0,57,4,25,0
165.69,6,Food,0,0,43,1,39,0
35.81,4,Travel,1,0,93,3,33,0
234.79,22,Electronics,0,0,56,2,21,0
114.56,5,Food,0,0,67,3,18,0
163.16,0,Grocery,0,0,40,3,44,0
4.68,18,Grocery,0,0,90,1,26,0
107.16,22,Electronics,0,0,33,4,59,0
418.84,0,Food,0,0,40,3,31,0
24.87,23,Clothing,0,0,88,1,62,0
4.27,5,Electronics,0,0,57,2,31,0
665.77,16,Clothing,0,0,86,1,20,0
20.95,1,Food,0,0,59,3,31,0
234.07,12,Electronics,0,0,77,2,40,0
47.27,14,Clothing,0,0,94,4,50,0
34.55,20,Travel,0,0,28,1,30,0
76.46,2,Electronics,0,0,94,2,48,0
286.97,2,Clothing,0,1,76,2,54,0
279.44,21,Grocery,0,0,67,4,58,0
123.75,22,Travel,0,0,36,2,35,0
256.91,13,Travel,0,0,45,2,57,0
96.97,7,Travel,0,0,52,0,40,0
2.19,20,Food,0,0,55,5,43,0
355.23,9,Travel,0,0,30,2,47,0
613.29,1,Electronics,0,0,57,2,40,0
43.38,13,Clothing,0,1,99,1,36,0
18.49,11,Clothing,0,0,58,3,69,0
56.3,11,Travel,0,0,97,3,51,0
139.89,23,Food,0,1,36,2,37,0
4.11,19,Electronics,0,0,89,0,61,0
64.15,23,Clothing,0,0,98,1,40,0
324.95,6,Grocery,0,0,73,3,36,0
88.82,9,Travel,0,0,78,0,22,0
407.09,16,Clothing,0,0,54,1,47,0
188.18,13,Clothing,0,0,96,0,26,0
272.16,6,Grocery,0,1,68,1,24,0
25.44,21,Food,0,0,58,5,54,0
342.17,16,Food,0,0,76,1,53,0
7.73,19,Food,0,0,77,1,67,0
81.04,20,Travel,0,0,65,4,65,0
150.19,18,Grocery,0,0,90,3,57,0
54.45,6,Electronics,0,0,98,1,64,0
301.93,19,Travel,0,0,94,1,19,0
33.29,17,Travel,0,0,43,4,50,0
31.69,5,Grocery,0,0,74,1,46,0
22.78,20,Electronics,1,1,70,2,18,0
77.71,6,Travel,0,0,38,2,41,0
76.35,15,Food,0,0,86,2,59,0
107.79,0,Travel,0,0,59,1,27,0
322.45,17,Electronics,0,0,48,1,52,0
540.09,19,Electronics,0,0,69,2,31,0
11.58,19,Travel,0,0,95,1,19,0
42.12,22,Clothing,0,0,68,4,43,0
81.94,19,Food,1,0,77,1,32,0
11.87,17,Clothing,0,0,78,1,48,0
244.44,1,Travel,0,0,47,3,37,0
786.88,21,Travel,0,0,55,3,31,0
688.82,7,Food,0,0,94,2,48,0
8.32,16,Travel,1,0,98,1,63,0
232.32,16,Clothing,0,0,45,5,58,0
0.23,18,Grocery,0,1,81,1,64,0
64.18,23,Electronics,0,1,82,2,58,0
66.71,20,Clothing,1,0,91,3,62,0
314.58,16,Food,0,0,77,2,43,0
264.67,11,Travel,0,0,71,0,43,0
60.08,20,Food,0,0,72,2,57,0
173.15,2,Clothing,0,0,98,5,65,0
72.3,5,Electronics,0,0,92,1,33,0
1045.08,14,Travel,0,0,32,1,67,0
23.07,20,Electronics,0,0,61,0,23,0
14.72,20,Food,0,0,83,3,21,0
101.28,8,Travel,0,1,87,1,42,0
30.61,3,Clothing,0,0,47,2,36,0
184.38,17,Clothing,0,1,39,4,22,0
241.69,10,Travel,0,0,38,0,36,0
4.7,7,Electronics,0,0,44,3,69,0
1.82,0,Grocery,1,0,29,2,66,1
109.66,0,Travel,0,0,51,1,34,0
132.36,7,Clothing,0,0,83,2,67,0
248.97,0,Clothing,0,0,43,3,38,0
468.06,13,Grocery,0,0,25,2,22,0
33.78,1,Travel,0,0,79,1,28,0
3.82,20,Grocery,0,0,54,2,58,0
141.17,18,Grocery,0,1,79,3,57,0
11.82,1,Electronics,0,0,55,1,68,0
306.58,20,Clothing,0,0,35,3,49,0
50.74,15,Clothing,0,0,72,3,32,0
318.89,3,Clothing,1,0,73,1,54,0
270.14,1,Clothing,0,0,96,1,36,0
40.62,22,Grocery,0,0,32,1,63,0
598.51,0,Travel,0,0,88,3,55,0
126.64,16,Electronics,0,0,88,1,20,0
59.05,13,Clothing,0,0,84,2,69,0
221.69,21,Travel,0,0,82,2,52,0
77.74,0,Clothing,0,0,35,2,24,0
348.5,1,Grocery,0,0,66,2,69,0
149.52,14,Food,0,0,58,2,48,0
415.73,0,Clothing,0,0,27,3,59,0
73.98,12,Electronics,1,0,92,0,45,0
646.59,10,Clothing,0,0,46,2,36,0
8.21,4,Grocery,0,0,73,2,28,0
357.8,2,Grocery,0,0,34,2,51,0
83.46,15,Travel,0,0,98,1,54,0
55.41,11,Grocery,0,0,68,2,56,0
115.63,20,Clothing,0,0,26,1,27,0
51.42,2,Grocery,0,0,72,2,35,0
32.62,12,Clothing,0,0,44,1,50,0
89.29,3,Food,0,0,29,3,52,0
238.7,14,Travel,0,0,64,2,28,0
40.03,16,Food,1,0,33,2,43,0
343.34,23,Grocery,0,0,92,0,38,0
171.87,0,Clothing,0,0,31,6,45,1
89.08,0,Clothing,0,1,29,1,51,1
163.26,22,Electronics,1,0,63,3,29,0
224.15,16,Clothing,0,0,56,2,52,0
86.73,11,Travel,0,0,52,1,46,0
237.01,17,Grocery,0,0,49,1,61,0
81.58,9,Travel,0,0,98,2,49,0
120.81,17,Food,1,0,80,2,48,0
282.33,22,Electronics,0,0,67,1,44,0
2.12,19,Grocery,1,0,45,2,36,0
25.83,14,Clothing,1,0,37,0,67,0
119.19,6,Clothing,0,0,57,0,36,0
81.76,9,Food,0,1,53,1,35,0
225.77,18,Electronics,0,0,66,1,62,0
34.68,9,Travel,0,0,84,3,53,0
179.25,13,Food,0,0,48,2,56,0
145.82,6,Food,0,0,37,1,31,0
93.25,0,Travel,0,0,82,0,66,0
20.14,0,Food,0,0,41,2,36,0
209.82,14,Grocery,0,0,74,3,48,0
116.64,20,Grocery,0,0,78,0,29,0
137.43,17,Electronics,0,0,82,2,18,0
71.18,16,Food,0,0,34,1,38,0
486.2,3,Grocery,1,0,42,0,37,0
202.88,13,Clothing,0,0,91,2,58,0
52.32,4,Clothing,0,0,70,2,24,0
7.4,7,Travel,0,0,78,0,54,0
244.81,12,Food,0,0,78,2,47,0
325.74,10,Electronics,0,0,88,1,37,0
290.98,23,Grocery,0,1,50,4,56,0
51.77,1,Grocery,0,0,83,2,38,0
220.88,22,Clothing,0,1,75,1,62,0
70.83,6,Clothing,0,0,52,5,20,0
92.54,11,Travel,1,0,60,2,25,0
37.08,13,Grocery,1,0,32,1,27,0
258.23,1,Grocery,0,0,67,1,50,0
62.84,15,Electronics,0,0,62,3,50,0
94.65,7,Clothing,0,0,45,3,28,0
510.89,9,Electronics,0,0,63,4,58,0
80.96,21,Travel,0,0,33,1,41,0
110.31,13,Clothing,0,0,44,2,45,0
20.33,16,Clothing,0,1,52,2,45,0
18.44,21,Electronics,0,0,62,2,53,0
62.95,6,Grocery,0,0,72,1,45,0
39.65,13,Food,0,0,44,1,58,0
176.59,0,Travel,0,0,75,1,25,0
254.59,21,Electronics,0,0,69,4,56,0
125.9,4,Grocery,0,1,27,2,31,0
180.25,9,Electronics,0,0,67,3,66,0
669.69,13,Electronics,0,0,79,2,33,0
39.99,14,Travel,0,1,93,1,49,0
384.23,10,Clothing,0,0,28,1,28,0
61.19,22,Travel,0,0,97,1,43,0
363.05,9,Grocery,0,0,42,3,65,0
152.75,0,Grocery,0,0,69,3,43,0
429.28,0,Clothing,0,0,25,3,52,0
123.4,18,Food,1,0,65,4,57,0
19.17,19,Electronics,0,0,31,6,36,0
48.16,16,Food,0,0,59,1,20,0
31.93,9,Grocery,0,0,70,0,68,0
214.93,5,Travel,0,0,29,0,53,0
49.37,19,Food,0,0,67,3,23,0
57.81,7,Food,1,0,67,2,58,0
43.3,11,Electronics,0,0,60,2,26,0
355.27,6,Electronics,0,0,70,4,32,0
1073.0,13,Food,0,0,78,3,22,0
204.35,4,Food,0,1,97,0,62,0
287.28,22,Grocery,0,0,50,2,23,0
162.87,6,Electronics,0,0,80,2,20,0
24.84,21,Food,0,0,41,2,30,0
99.77,3,Food,0,0,74,4,65,0
730.68,9,Electronics,0,0,40,4,20,0
137.45,16,Travel,0,1,67,2,58,0
140.71,14,Electronics,0,0,85,3,25,0
38.96,23,Travel,0,0,45,3,35,0
502.7,1,Clothing,0,1,52,0,63,0
33.91,7,Electronics,0,0,56,1,26,0
56.22,14,Travel,0,0,96,1,45,0
76.7,4,Travel,1,0,95,4,19,0
133.9,0,Food,0,0,77,1,65,0
54.91,3,Travel,0,0,38,1,19,0
87.53,15,Electronics,0,0,87,0,39,0
18.36,19,Clothing,1,0,61,1,52,0
471.55,2,Food,0,1,27,3,63,1
62.46,12,Grocery,0,1,64,2,37,0
211.94,10,Travel,0,0,34,0,24,0
71.84,15,Clothing,0,0,58,3,45,0
290.76,5,Travel,0,0,88,0,50,0
76.03,13,Travel,0,0,44,0,64,0
39.58,5,Electronics,0,0,48,5,21,0
213.71,10,Grocery,1,0,63,2,55,0
57.91,10,Clothing,0,0,88,0,20,0
24.27,15,Grocery,0,0,43,1,60,0
101.84,19,Electronics,0,0,66,2,19,0
155.42,20,Food,0,0,37,0,31,0
332.26,11,Grocery,0,0,64,4,54,0
24.45,14,Food,0,0,27,2,44,0
137.34,19,Travel,0,0,81,3,23,0
11.19,18,Grocery,0,0,60,4,41,0
283.97,2,Electronics,0,0,89,2,32,0
377.88,18,Food,0,0,26,1,63,0
14.42,13,Clothing,1,0,94,0,61,0
140.7,4,Food,0,0,38,0,44,0
101.75,20,Clothing,0,0,61,2,52,0
116.44,18,Clothing,0,0,72,2,58,0
92.2,12,Travel,0,0,71,1,47,0
120.45,22,Travel,0,0,25,4,59,0
97.33,18,Food,0,0,29,2,67,0
160.64,10,Grocery,0,0,62,2,28,0
311.34,3,Clothing,0,0,41,3,25,0
182.5,22,Travel,0,0,71,1,47,0
27.95,16,Electronics,0,0,77,4,68,0
57.55,18,Clothing,0,0,36,2,63,0
7.37,9,Travel,0,0,94,3,69,0
324.58,23,Clothing,0,0,36,0,24,0
582.24,14,Clothing,0,0,63,1,23,0
112.1,0,Travel,0,0,26,2,44,0
251.25,5,Clothing,0,0,30,2,24,0
49.47,23,Grocery,0,1,48,2,64,0
110.79,14,Clothing,0,0,72,4,45,0
154.68,22,Clothing,1,0,33,2,24,0
200.09,7,Clothing,0,0,96,2,21,0
105.81,15,Grocery,0,0,71,6,59,0
274.51,4,Food,0,0,90,2,62,0
259.67,17,Electronics,0,0,80,0,51,0
80.37,6,Grocery,0,0,89,2,28,0
190.38,1,Food,0,1,75,1,54,0
118.1,9,Electronics,0,0,46,0,63,0
533.46,6,Food,0,0,28,4,41,0
42.27,10,Clothing,0,0,82,1,22,0
167.85,3,Grocery,1,0,75,1,67,0
336.45,20,Clothing,0,0,84,2,28,0
224.45,8,Travel,0,0,36,0,45,0
229.24,13,Travel,0,0,52,4,32,0
15.45,9,Grocery,0,0,84,2,44,0
173.92,7,Electronics,0,0,86,6,44,0
188.79,13,Travel,0,0,91,1,64,0
51.39,6,Food,0,0,65,5,42,0
206.58,19,Food,0,0,41,1,69,0
7.49,1,Grocery,0,0,97,1,47,0
122.26,6,Grocery,0,0,35,2,54,0
81.32,13,Travel,0,0,69,4,63,0
283.3,0,Clothing,1,0,57,0,58,0
252.05,2,Grocery,0,1,96,2,59,0
81.43,2,Grocery,1,0,75,4,25,0
43.08,20,Travel,1,0,76,1,48,0
291.09,4,Clothing,0,0,34,0,40,0
446.9,5,Food,0,0,99,1,34,0
28.54,11,Grocery,0,0,78,3,64,0
41.57,18,Electronics,0,1,60,4,56,0
159.48,4,Travel,0,0,54,2,29,0
95.31,2,Grocery,0,0,43,1,39,0
60.99,6,Clothing,0,0,90,4,60,0
250.45,13,Travel,0,0,37,5,50,0
22.5,3,Travel,0,0,51,0,28,0
524.38,14,Travel,0,0,49,1,26,0
829.9,1,Grocery,1,0,65,2,60,0
39.6,5,Travel,0,0,41,3,51,0
239.48,19,Food,1,0,45,5,30,0
201.07,15,Food,0,0,85,0,61,0
38.67,12,Electronics,0,1,94,3,69,0
21.61,14,Grocery,0,0,65,2,35,0
12.39,0,Travel,0,0,56,3,38,0
372.34,7,Food,0,0,97,0,54,0
32.23,10,Grocery,1,0,39,1,68,0
37.74,15,Grocery,0,0,83,2,43,0
371.8,23,Food,0,1,98,1,32,0
542.65,9,Travel,0,0,31,3,30,0
12.76,3,Grocery,0,0,89,3,65,0
4.24,0,Food,0,1,31,5,65,1
21.98,19,Food,0,0,41,2,47,0
60.49,9,Electronics,1,0,39,1,48,0
196.2,11,Grocery,0,0,67,2,50,0
79.12,14,Clothing,0,0,62,3,25,0
147.88,1,Travel,0,0,60,2,18,0
127.14,16,Food,1,0,73,2,48,0
248.23,3,Food,0,0,66,2,42,0
145.32,20,Food,1,0,40,0,55,0
482.71,11,Travel,0,1,38,1,35,0
7.16,17,Food,0,0,76,1,27,0
171.91,12,Clothing,0,0,42,0,36,0
57.86,4,Electronics,0,0,40,1,36,0
31.65,21,Grocery,0,0,59,1,48,0
14.72,11,Travel,1,0,73,3,59,0
149.45,16,Clothing,1,0,61,2,38,0
97.72,10,Food,0,0,42,0,23,0
161.62,7,Food,0,1,76,2,61,0
250.16,11,Travel,0,0,99,4,29,0
28.27,13,Clothing,0,0,35,1,42,0
67.28,23,Travel,0,0,74,0,49,0
553.08,0,Clothing,1,0,85,1,67,0
110.8,16,Clothing,0,0,38,3,22,0
136.4,19,Food,0,0,68,1,23,0
14.74,5,Electronics,1,0,93,2,64,0
39.62,8,Electronics,0,0,38,3,64,0
190.86,22,Grocery,0,0,31,1,56,0
49.52,16,Electronics,0,0,58,1,32,0
175.77,1,Food,0,0,76,0,34,0
654.82,15,Electronics,0,0,54,3,34,0
763.93,22,Food,0,0,83,1,34,0
132.66,1,Electronics,0,0,31,4,35,0
501.92,21,Grocery,0,0,48,1,60,0
47.89,5,Food,0,0,95,2,25,0
399.19,13,Clothing,0,0,36,1,42,0
23.8,12,Electronics,0,0,59,1,55,0
93.49,3,Grocery,0,0,58,2,52,0
49.2,23,Grocery,0,0,79,1,18,0
277.75,14,Travel,0,0,36,2,32,0
225.37,16,Clothing,0,0,45,4,56,0
46.41,16,Clothing,0,0,78,0,47,0
43.99,11,Grocery,0,0,62,3,65,0
268.38,9,Food,0,0,36,2,57,0
55.31,14,Grocery,0,0,60,0,48,0
95.13,17,Grocery,0,0,38,5,67,0
637.64,16,Travel,0,0,86,0,47,0
253.08,23,Grocery,0,0,49,1,63,0
515.36,19,Electronics,0,1,86,1,23,0
154.99,16,Food,0,0,33,1,54,0
139.12,13,Travel,0,0,56,1,50,0
89.92,17,Grocery,0,0,37,0,45,0
96.54,3,Grocery,0,0,60,3,27,0
221.21,13,Food,0,0,58,0,47,0
89.81,8,Food,0,0,28,3,52,0
508.46,17,Grocery,0,0,77,3,41,0
593.39,12,Electronics,0,0,79,1,39,0
136.81,0,Clothing,0,0,60,5,49,0
60.34,19,Travel,0,0,92,2,34,0
242.41,13,Electronics,0,0,54,5,20,0
49.56,20,Food,0,0,60,4,42,0
33.65,16,Grocery,0,0,63,0,18,0
213.12,23,Food,0,0,82,2,63,0
67.05,23,Travel,0,0,69,3,45,0
33.15,16,Clothing,0,0,26,1,41,0
272.97,18,Grocery,0,0,46,2,46,0
399.42,13,Electronics,0,0,70,2,44,0
189.83,21,Electronics,0,0,64,2,66,0
34.78,17,Grocery,0,0,30,4,39,0
0.66,21,Food,0,0,26,1,37,0
90.3,9,Electronics,0,0,33,4,68,0
221.02,1,Electronics,0,0,41,3,68,0
137.29,8,Electronics,0,0,37,5,36,0
52.34,13,Electronics,0,0,43,1,30,0
12.48,22,Electronics,0,0,70,6,61,0
431.97,21,Food,0,0,95,1,54,0
854.58,19,Food,0,1,53,0,57,0
524.15,22,Food,0,0,26,4,51,0
215.05,23,Clothing,0,0,69,4,44,0
35.89,19,Food,0,1,30,0,25,0
197.26,16,Grocery,0,0,53,1,69,0
348.09,10,Travel,0,0,94,1,30,0
239.68,19,Clothing,0,0,37,0,57,0
14.59,15,Travel,0,1,97,1,33,0
240.27,1,Electronics,0,0,79,1,64,0
244.12,6,Travel,0,0,27,1,40,0
157.08,13,Clothing,0,0,80,0,67,0
36.79,10,Grocery,0,0,26,1,66,0
213.53,10,Grocery,0,0,89,1,52,0
69.21,12,Travel,0,0,91,2,60,0
592.39,21,Food,0,0,78,5,68,0
293.52,21,Grocery,0,0,80,4,45,0
161.78,22,Clothing,0,0,56,1,40,0
361.92,2,Clothing,0,1,52,1,34,0
112.54,19,Grocery,0,0,42,0,48,0
193.37,20,Travel,1,0,84,1,25,0
133.72,22,Clothing,0,0,26,3,38,0
23.91,11,Clothing,0,0,65,3,43,0
534.45,5,Grocery,0,0,61,2,64,0
74.27,12,Grocery,0,0,97,3,42,0
199.24,15,Clothing,0,1,76,1,55,0
33.57,9,Clothing,0,0,25,2,23,0
43.59,0,Grocery,0,0,50,1,54,0
482.68,17,Grocery,0,0,93,1,45,0
37.11,16,Grocery,0,0,68,2,26,0
280.0,7,Food,0,0,85,3,57,0
29.48,18,Travel,0,0,80,4,38,0
609.6,21,Food,0,0,56,1,50,0
130.83,22,Food,0,0,52,2,47,0
169.35,21,Grocery,0,0,54,4,21,0
83.83,16,Food,0,0,56,2,53,0
106.77,19,Clothing,0,0,73,2,35,0
13.55,20,Food,1,0,47,3,56,0
133.3,14,Food,0,0,44,1,18,0
364.38,7,Clothing,0,0,64,1,45,0
11.43,0,Clothing,0,0,93,3,19,0
0.71,17,Electronics,0,0,48,3,63,0
166.29,20,Clothing,0,0,46,2,21,0
42.41,4,Clothing,0,0,33,0,21,0
174.88,8,Electronics,0,0,33,5,59,0
39.29,2,Clothing,0,1,28,1,56,1
559.54,13,Clothing,0,0,50,4,30,0
63.22,11,Food,0,0,70,3,49,0
156.57,1,Food,0,0,27,1,26,0
340.33,17,Food,0,0,31,2,52,0
201.75,17,Electronics,0,0,29,4,34,0
145.26,13,Electronics,0,0,59,4,33,0
185.86,23,Grocery,0,0,74,4,34,0
628.03,3,Travel,0,0,62,3,35,0
174.86,10,Clothing,0,1,76,3,45,0
42.03,6,Grocery,0,0,85,4,69,0
308.29,0,Grocery,0,0,79,0,19,0
520.82,2,Clothing,0,0,88,3,37,0
39.75,6,Travel,0,1,95,2,36,0
353.26,16,Clothing,0,0,59,1,65,0
113.82,21,Clothing,1,0,97,0,29,0
21.78,0,Clothing,0,0,28,1,41,0
60.01,6,Grocery,0,0,72,3,43,0
449.06,21,Grocery,0,0,30,1,56,0
31.08,20,Grocery,0,1,54,3,40,0
76.29,18,Travel,1,0,32,0,35,0
284.5,6,Grocery,0,0,43,1,33,0
101.07,13,Travel,0,0,62,4,68,0
23.0,16,Grocery,0,0,83,4,24,0
210.3,22,Electronics,0,0,61,5,24,0
247.85,18,Food,0,0,46,4,59,0
9.58,13,Electronics,0,0,69,3,25,0
101.46,7,Grocery,0,0,46,3,32,0
209.52,13,Grocery,0,0,95,3,58,0
65.86,21,Electronics,0,1,66,3,47,0
140.81,6,Electronics,0,0,34,2,39,0
21.72,12,Grocery,0,0,56,2,54,0
57.94,3,Travel,0,0,37,3,30,0
94.0,20,Clothing,0,0,35,1,46,0
162.08,16,Electronics,1,0,33,1,43,0
172.84,12,Food,0,0,40,1,19,0
403.79,16,Clothing,0,0,81,1,29,0
43.68,20,Food,0,0,72,3,56,0
48.66,6,Clothing,0,0,36,1,19,0
114.0,5,Electronics,0,0,87,2,54,0
307.03,14,Food,0,0,43,2,67,0
272.58,4,Grocery,0,0,32,1,19,0
16.69,10,Electronics,0,0,34,3,26,0
275.15,18,Food,0,0,67,0,63,0
30.28,20,Travel,0,0,58,2,27,0
226.27,15,Electronics,0,0,52,3,53,0
49.49,2,Food,0,0,32,1,61,0
74.59,6,Clothing,0,0,42,3,33,0
22.02,13,Grocery,0,0,60,5,25,0
122.46,16,Grocery,0,0,86,4,29,0
150.6,2,Electronics,0,0,87,1,31,0
258.99,0,Clothing,0,0,61,2,28,0
256.14,11,Clothing,0,1,85,4,62,0
268.78,0,Electronics,0,0,79,1,63,0
747.99,6,Food,0,0,67,0,59,0
57.82,5,Electronics,0,0,57,0,22,0
186.02,16,Electronics,0,0,66,2,35,0
36.04,2,Clothing,0,0,72,1,48,0
243.25,6,Electronics,0,0,42,2,30,0
43.56,8,Clothing,0,0,38,1,21,0
48.67,1,Clothing,0,0,65,5,28,0
256.89,5,Food,0,0,36,4,68,0
27.01,21,Electronics,0,0,44,1,47,0
27.84,1,Travel,0,0,35,0,40,0
146.24,13,Travel,0,0,78,0,61,0
198.88,18,Food,0,0,46,3,62,0
15.94,7,Clothing,0,0,27,1,55,0
70.21,13,Food,0,0,95,3,30,0
67.11,12,Clothing,0,0,60,1,67,0
0.27,12,Travel,0,0,66,4,64,0
406.64,14,Food,0,1,96,2,42,0
63.68,8,Travel,0,0,68,1,53,0
35.65,5,Food,0,0,89,1,59,0
37.14,13,Clothing,0,0,33,1,60,0
266.81,9,Grocery,0,0,74,0,58,0
70.8,16,Electronics,0,0,28,2,43,0
19.83,11,Clothing,0,0,53,3,51,0
71.06,8,Grocery,0,0,41,4,29,0
28.49,9,Food,0,0,43,2,46,0
215.0,16,Clothing,1,0,51,0,51,0
212.55,5,Electronics,0,0,71,0,25,0
10.43,1,Travel,0,0,96,1,20,0
37.16,2,Travel,0,0,63,6,39,0
99.95,16,Food,0,0,42,0,54,0
3.81,23,Grocery,0,0,95,2,65,0
89.51,23,Clothing,1,0,30,3,52,0
54.79,5,Electronics,0,0,68,2,37,0
23.44,2,Clothing,0,0,54,3,39,0
21.46,2,Electronics,0,0,90,5,64,0
272.61,20,Travel,1,0,81,2,22,0
120.15,14,Travel,0,0,78,0,22,0
4.5,23,Food,0,0,77,1,50,0
105.69,16,Travel,0,0,48,2,48,0
44.83,12,Clothing,1,0,73,3,18,0
212.96,10,Travel,0,0,92,1,30,0
65.63,13,Electronics,0,0,72,1,24,0
29.73,15,Food,0,0,87,0,52,0
72.13,18,Clothing,0,0,28,2,23,0
358.45,8,Travel,0,0,49,3,32,0
310.5,15,Food,0,1,25,0,53,0
328.56,16,Electronics,0,0,67,3,18,0
619.69,21,Travel,0,0,66,3,65,0
334.41,14,Clothing,0,0,83,2,18,0
406.65,2,Grocery,0,0,65,1,60,0
219.83,23,Food,0,0,38,3,51,0
493.35,0,Electronics,0,0,75,2,26,0
104.96,20,Food,0,0,48,2,46,0
73.38,17,Clothing,0,0,42,0,43,0
250.83,19,Travel,0,0,35,1,42,0
14.57,22,Electronics,0,0,55,2,35,0
138.75,3,Grocery,0,0,49,3,57,0
233.78,16,Grocery,0,0,44,1,54,0
212.01,23,Food,0,0,28,2,21,0
145.89,9,Food,0,0,91,2,60,0
135.5,21,Grocery,0,0,59,1,27,0
91.94,7,Grocery,0,0,95,1,54,0
584.28,12,Clothing,0,0,97,2,45,0
23.54,20,Travel,0,0,39,1,35,0
279.31,15,Electronics,1,0,48,1,25,0
2.49,18,Clothing,0,0,94,3,61,0
485.6,6,Electronics,0,0,93,3,50,0
186.72,16,Clothing,0,0,59,2,58,0
134.18,14,Clothing,0,0,33,5,60,0
59.38,0,Food,0,0,35,0,62,0
140.93,2,Electronics,0,0,47,1,37,0
157.77,2,Electronics,0,0,51,4,35,0
27.61,13,Clothing,0,1,77,0,41,0
286.52,5,Clothing,0,1,81,5,54,0
27.15,5,Clothing,0,1,39,3,65,0
0.91,3,Food,0,0,60,2,59,0
173.5,13,Electronics,0,0,34,0,63,0
350.31,9,Clothing,0,0,82,1,29,0
81.62,18,Grocery,0,0,52,1,27,0
133.06,23,Clothing,0,0,55,1,29,0
365.13,9,Travel,0,0,85,3,50,0
118.85,4,Electronics,0,0,43,0,42,0
167.52,5,Clothing,0,0,65,2,32,0
17.26,13,Electronics,0,0,33,4,55,0
86.1,8,Electronics,0,0,51,2,50,0
97.77,7,Grocery,0,0,92,5,53,0
294.25,6,Travel,0,0,46,2,44,0
90.74,23,Grocery,0,0,37,0,51,0
403.86,1,Clothing,0,0,38,1,32,0
97.53,10,Travel,0,0,91,1,49,0
484.59,21,Grocery,0,0,88,1,32,0
92.84,14,Food,0,0,36,1,66,0
37.79,4,Travel,0,0,30,2,54,0
41.49,9,Electronics,0,0,51,0,23,0
9.66,7,Food,0,0,52,2,20,0
6.01,22,Electronics,0,0,50,3,33,0
44.19,16,Clothing,0,0,43,0,68,0
497.51,11,Electronics,0,0,98,2,20,0
58.34,22,Grocery,0,0,61,3,41,0
570.53,8,Travel,1,0,50,3,36,0
144.46,18,Food,0,1,81,4,51,0
257.65,3,Electronics,0,0,46,2,40,0
37.75,2,Grocery,0,0,33,2,22,0
293.05,14,Grocery,0,0,64,4,65,0
143.42,9,Grocery,0,1,84,1,22,0
249.72,18,Clothing,0,0,46,6,44,0
79.81,14,Food,0,0,98,1,52,0
36.51,21,Grocery,0,0,63,1,49,0
591.73,17,Food,0,0,31,1,65,0
671.93,14,Travel,0,0,67,4,63,0
405.89,9,Food,0,0,65,1,56,0
11.18,4,Travel,0,0,72,1,59,0
107.58,23,Travel,0,0,89,2,28,0
41.93,1,Clothing,0,0,46,0,65,0
188.56,22,Travel,0,0,89,3,25,0
531.68,21,Food,0,0,73,2,57,0
52.9,12,Travel,1,0,89,2,59,0
190.15,9,Clothing,0,0,68,1,62,0
5.98,12,Grocery,1,0,34,2,39,0
133.14,21,Electronics,0,0,80,2,22,0
33.83,12,Grocery,0,0,44,1,31,0
39.84,12,Electronics,0,0,79,3,47,0
57.69,19,Food,0,0,96,1,62,0
99.12,18,Clothing,0,1,66,1,66,0
46.66,5,Travel,0,0,76,1,36,0
97.25,5,Travel,1,0,42,1,32,0
33.65,9,Grocery,0,0,51,2,65,0
4.63,12,Grocery,0,0,85,0,64,0
70.22,0,Clothing,0,0,53,0,40,0
533.65,11,Grocery,1,0,32,0,54,0
334.05,16,Grocery,0,0,66,3,23,0
279.99,22,Clothing,1,0,71,5,21,0
1.81,12,Food,0,0,44,4,68,0
94.09,18,Electronics,0,1,60,1,50,0
132.03,10,Electronics,0,0,70,2,61,0
357.94,12,Electronics,0,0,83,3,50,0
205.43,10,Food,1,0,76,3,67,0
41.86,16,Electronics,0,0,58,1,33,0
1185.07,0,Travel,1,0,98,3,50,1
218.44,14,Electronics,0,0,46,2,30,0
273.12,9,Travel,0,0,43,6,46,0
325.23,20,Clothing,1,0,78,3,44,0
30.5,18,Clothing,0,0,60,0,66,0
181.05,16,Travel,0,0,78,0,67,0
128.94,21,Clothing,0,1,36,3,21,0
25.13,8,Grocery,0,0,93,3,61,0
69.63,2,Food,0,0,57,0,47,0
124.09,15,Clothing,0,0,54,5,62,0
145.63,20,Grocery,0,0,69,0,65,0
196.06,1,Clothing,0,0,51,2,21,0
4.09,17,Food,0,0,79,1,59,0
79.07,12,Travel,0,0,83,1,32,0
160.67,5,Grocery,0,0,87,3,45,0
166.36,0,Grocery,0,1,99,0,39,0
316.12,5,Electronics,0,0,53,4,18,0
10.58,18,Food,0,0,51,2,39,0
126.89,2,Food,1,0,69,0,54,0
194.72,10,Food,0,0,48,4,52,0
371.5,2,Food,0,0,52,3,32,0
1.75,18,Electronics,0,0,52,2,65,0
0.04,21,Electronics,0,0,56,3,37,0
64.61,17,Food,0,0,30,1,34,0
81.85,13,Clothing,0,0,53,1,62,0
236.13,14,Food,0,0,79,2,22,0
95.77,8,Clothing,0,0,46,1,21,0
48.96,14,Food,0,0,75,2,22,0
194.57,5,Electronics,0,0,70,2,37,0
315.67,23,Travel,0,0,61,5,23,0
120.38,21,Travel,0,0,42,6,64,0
9.75,1,Travel,0,0,92,1,59,0
220.09,23,Travel,1,0,92,4,33,0
60.86,0,Food,0,0,63,1,28,0
47.3,10,Grocery,0,0,79,4,64,0
97.94,3,Grocery,0,0,68,5,40,0
174.39,16,Clothing,0,0,58,0,28,0
20.56,14,Grocery,0,0,47,3,36,0
172.8,0,Food,0,1,51,3,56,0
241.83,19,Electronics,1,0,35,5,25,1
298.86,19,Clothing,0,0,99,1,66,0
25.39,6,Electronics,0,0,81,2,56,0
66.18,0,Grocery,0,0,68,3,46,0
13.29,23,Travel,0,1,60,6,21,0
73.59,7,Food,0,0,44,6,22,0
212.66,6,Food,0,0,34,2,22,0
34.3,14,Clothing,0,0,29,1,20,0
12.3,10,Travel,0,0,37,1,62,0
6.89,3,Food,0,0,57,3,45,0
69.97,3,Food,0,0,27,2,61,0
128.61,23,Travel,0,0,35,1,53,0
26.11,0,Food,0,1,87,0,52,0
63.16,3,Electronics,0,0,41,3,46,0
198.16,14,Grocery,0,0,26,2,56,0
253.37,7,Grocery,0,0,70,5,64,0
30.63,23,Clothing,0,0,48,0,36,0
64.52,21,Grocery,0,1,62,1,60,0
89.52,17,Food,0,0,43,1,28,0
225.39,1,Travel,0,0,54,2,29,0
47.56,10,Electronics,0,0,62,6,22,0
350.12,10,Electronics,0,0,83,1,38,0
307.41,0,Grocery,0,1,92,1,26,0
25.32,18,Grocery,0,0,51,0,69,0
236.82,9,Food,0,0,87,1,49,0
139.76,12,Travel,1,0,33,3,52,0
37.55,13,Electronics,0,0,56,3,42,0
233.09,14,Clothing,0,0,40,2,67,0
6.61,4,Travel,0,0,40,1,59,0
97.34,14,Clothing,0,0,65,2,62,0
403.19,6,Food,0,0,86,2,28,0
158.64,14,Travel,0,0,47,3,33,0
38.08,0,Food,0,0,76,1,43,0
60.97,19,Food,0,1,84,0,68,0
97.72,14,Clothing,0,0,52,3,42,0
73.69,17,Electronics,0,0,95,1,39,0
33.28,10,Food,0,0,53,3,69,0
193.68,14,Travel,0,0,42,0,68,0
45.34,19,Grocery,0,0,56,5,52,0
33.8,6,Food,0,0,74,3,24,0
20.07,22,Grocery,0,0,76,1,35,0
97.84,13,Electronics,0,0,88,3,30,0
127.22,19,Grocery,0,0,27,4,24,0
209.73,18,Electronics,0,0,98,0,60,0
253.13,13,Clothing,0,0,25,4,58,0
283.25,20,Food,0,0,97,3,38,0
440.13,19,Travel,0,0,70,4,24,0
157.97,3,Clothing,0,0,53,2,59,0
31.59,5,Clothing,0,0,42,1,29,0
94.73,15,Clothing,0,0,49,2,50,0
425.82,2,Travel,0,0,66,5,30,0
170.34,5,Travel,0,0,67,2,41,0
148.66,10,Grocery,0,0,64,0,61,0
104.51,7,Food,0,0,52,3,62,0
12.22,18,Grocery,0,0,58,3,57,0
82.53,19,Grocery,1,0,47,3,56,0
249.26,9,Clothing,0,0,98,2,21,0
53.15,9,Grocery,0,0,49,2,49,0
211.54,16,Travel,0,0,30,2,43,0
5.7,3,Electronics,0,0,76,2,58,0
70.27,19,Travel,0,0,88,2,22,0
488.87,9,Travel,0,0,82,0,27,0
34.58,3,Food,0,0,62,1,68,0
143.96,12,Clothing,0,0,42,2,30,0
72.45,19,Grocery,0,0,41,2,41,0
98.48,16,Clothing,0,0,37,3,46,0
554.44,22,Travel,0,0,52,1,48,0
32.14,19,Grocery,0,0,89,4,31,0
241.4,1,Travel,0,0,33,3,56,0
70.31,23,Travel,0,0,49,4,58,0
75.08,13,Food,0,0,65,0,25,0
150.01,17,Grocery,0,0,82,1,53,0
110.89,23,Grocery,0,0,82,1,24,0
96.86,8,Clothing,0,0,34,3,29,0
3.48,15,Grocery,1,1,56,2,26,0
236.42,9,Food,0,0,66,2,56,0
5.7,13,Travel,0,0,96,3,61,0
89.43,3,Grocery,0,0,66,1,46,0
125.46,18,Grocery,0,0,39,3,53,0
258.19,21,Food,0,0,41,0,23,0
213.88,12,Travel,1,0,52,5,69,0
46.68,22,Travel,1,0,50,3,18,0
69.57,12,Electronics,0,0,82,3,30,0
210.64,18,Food,0,0,60,3,52,0
21.96,22,Clothing,0,0,32,2,44,0
316.35,14,Clothing,0,0,77,2,35,0
5.56,9,Travel,1,0,45,1,68,0
7.36,4,Food,0,0,44,4,25,0
141.53,8,Food,0,0,95,2,60,0
35.72,18,Electronics,0,0,67,2,50,0
152.87,10,Food,0,0,84,3,59,0
577.5,10,Grocery,0,0,32,3,52,0
45.01,9,Grocery,0,0,53,2,18,0
34.54,7,Electronics,0,0,49,1,37,0
269.78,19,Grocery,0,1,97,1,68,0
338.27,12,Travel,0,0,56,5,19,0
57.63,22,Food,1,0,91,1,65,0
40.86,23,Food,0,0,62,3,35,0
167.55,17,Travel,0,0,68,3,64,0
160.41,0,Food,0,0,58,0,39,0
234.11,23,Electronics,0,0,34,2,60,0
52.51,14,Clothing,1,0,51,3,59,0
313.79,13,Food,0,0,97,4,46,0
59.29,17,Grocery,1,1,29,4,44,1
49.88,6,Travel,0,0,79,2,20,0
166.9,9,Travel,0,0,63,1,27,0
96.74,3,Travel,0,0,26,0,28,0
154.88,19,Electronics,0,0,89,2,68,0
175.13,12,Grocery,0,0,73,1,55,0
143.27,12,Clothing,0,0,33,0,36,0
39.9,8,Electronics,0,0,95,3,30,0
14.67,22,Electronics,0,0,73,2,26,0
292.86,5,Food,1,0,39,4,47,0
75.5,18,Grocery,0,0,27,1,60,0
341.86,14,Travel,0,0,73,3,45,0
89.24,11,Food,0,0,28,0,37,0
189.42,17,Electronics,0,0,35,3,59,0
298.73,9,Travel,1,0,87,3,22,0
142.32,2,Food,1,0,62,5,46,1
52.61,9,Electronics,0,0,81,5,43,0
105.2,16,Electronics,1,0,88,1,44,0
125.77,2,Travel,0,0,54,1,26,0
8.33,23,Electronics,0,0,49,3,55,0
223.04,8,Food,0,0,57,2,61,0
398.39,3,Clothing,0,0,44,1,69,0
88.13,13,Clothing,0,0,76,4,21,0
129.32,21,Travel,0,0,50,1,34,0
518.11,14,Grocery,0,0,71,4,47,0
122.11,3,Electronics,0,0,67,3,46,0
290.03,2,Travel,0,0,86,1,39,0
172.78,23,Travel,0,0,83,0,33,0
449.41,15,Grocery,0,0,43,2,46,0
128.81,23,Electronics,0,0,65,0,61,0
77.12,20,Travel,0,0,50,0,66,0
152.59,16,Clothing,0,0,81,1,21,0
98.13,17,Travel,0,0,27,3,42,0
12.99,17,Electronics,0,0,57,2,31,0
62.53,0,Food,0,0,96,3,53,0
82.36,23,Travel,0,1,41,0,43,0
224.07,9,Grocery,0,0,42,1,23,0
67.81,22,Clothing,0,0,85,0,47,0
64.79,13,Electronics,0,0,43,1,53,0
112.23,11,Travel,0,0,66,3,48,0
28.71,3,Travel,0,0,67,2,39,0
257.52,7,Travel,0,0,65,1,36,0
79.43,5,Grocery,0,0,85,2,29,0
67.27,14,Grocery,0,0,43,1,42,0
161.05,14,Grocery,0,1,62,6,19,0
165.42,6,Grocery,0,0,86,4,61,0
108.02,9,Grocery,0,0,92,2,69,0
44.51,3,Food,0,0,65,3,61,0
288.25,6,Clothing,0,0,27,0,28,0
0.07,17,Clothing,0,0,89,4,42,0
24.37,0,Electronics,0,0,76,4,39,0
15.75,21,Food,0,0,27,2,64,0
364.46,22,Electronics,0,0,86,1,33,0
237.96,19,Electronics,0,0,49,0,59,0
341.9,15,Travel,0,0,65,4,40,0
132.42,2,Grocery,0,0,92,2,27,0
288.94,3,Grocery,0,0,90,7,45,0
80.63,12,Food,0,0,42,3,51,0
430.28,10,Clothing,0,0,91,2,28,0
67.53,21,Clothing,0,0,56,1,45,0
14.75,6,Food,1,0,66,3,36,0
354.84,13,Travel,0,0,57,4,47,0
418.94,14,Grocery,0,0,94,1,63,0
118.23,5,Clothing,0,0,70,3,40,0
62.12,8,Travel,0,0,72,3,32,0
129.37,11,Travel,0,0,30,3,33,0
7.46,23,Clothing,0,0,39,3,20,0
108.91,20,Travel,0,0,52,2,34,0
199.96,19,Clothing,0,0,27,1,22,0
273.66,17,Travel,0,0,78,5,47,0
167.49,7,Grocery,0,0,58,3,31,0
64.8,0,Clothing,0,0,95,1,35,0
59.37,20,Clothing,1,0,75,4,27,0
267.02,16,Clothing,0,0,80,2,33,0
332.74,11,Electronics,0,0,81,3,63,0
107.47,22,Grocery,0,1,46,0,23,0
39.38,5,Grocery,0,0,46,2,46,0
124.03,3,Travel,0,0,34,1,36,0
106.99,22,Grocery,0,0,78,1,56,0
388.8,3,Clothing,1,1,31,0,61,1
105.03,13,Clothing,0,0,33,1,25,0
215.42,23,Electronics,0,1,81,3,65,0
164.62,9,Grocery,0,0,53,2,67,0
141.7,12,Electronics,0,0,86,2,31,0
131.14,7,Travel,0,0,32,1,58,0
96.45,5,Food,0,0,93,0,50,0
159.77,9,Grocery,0,0,69,2,27,0
507.11,8,Clothing,0,0,88,0,45,0
269.96,22,Food,0,0,58,1,50,0
241.2,6,Grocery,0,0,55,0,26,0
13.47,8,Clothing,1,0,70,1,22,0
138.1,22,Food,0,0,77,1,48,0
22.88,1,Food,0,0,36,2,23,0
120.71,10,Food,0,0,42,1,33,0
19.47,4,Grocery,0,0,69,2,47,0
211.9,18,Electronics,0,0,29,2,65,0
49.85,15,Clothing,0,0,58,2,55,0
487.3,2,Food,0,0,59,2,56,0
490.75,2,Food,0,0,30,3,44,0
20.2,18,Clothing,0,0,28,5,32,0
52.02,8,Travel,0,0,65,2,53,0
373.93,9,Food,0,0,49,1,30,0
69.73,22,Grocery,0,0,71,0,39,0
200.69,6,Food,0,1,71,0,21,0
360.54,12,Clothing,0,0,36,3,55,0
172.72,4,Travel,0,0,25,1,28,0
16.06,19,Travel,0,0,80,1,63,0
85.28,9,Electronics,0,0,33,2,65,0
140.1,4,Clothing,0,0,68,1,33,0
488.21,1,Electronics,0,1,25,1,33,1
36.19,16,Clothing,0,0,69,2,36,0
100.61,19,Electronics,0,0,68,3,44,0
75.43,18,Food,0,0,54,2,42,0
80.85,22,Clothing,1,0,93,3,43,0
175.28,23,Electronics,0,0,53,2,48,0
39.32,16,Clothing,1,0,57,5,33,0
165.66,1,Travel,0,0,29,3,64,0
75.01,20,Electronics,0,0,42,1,24,0
345.54,12,Food,1,0,55,3,44,0
382.96,8,Grocery,0,0,70,4,40,0
66.22,9,Travel,1,0,93,3,59,0
21.9,12,Travel,0,0,83,2,49,0
166.96,6,Travel,0,0,48,0,30,0
42.22,12,Electronics,0,0,61,2,55,0
90.33,22,Electronics,0,0,69,5,68,0
0.56,2,Travel,0,0,44,4,43,0
42.99,15,Grocery,0,0,49,3,19,0
454.72,21,Travel,0,0,40,3,42,0
111.14,10,Grocery,0,0,77,1,31,0
48.03,20,Travel,0,0,84,1,38,0
145.38,21,Electronics,0,0,60,1,51,0
67.24,4,Food,0,0,50,2,46,0
30.79,0,Food,0,0,57,1,60,0
112.23,18,Food,0,0,56,1,33,0
81.29,21,Electronics,0,0,82,4,48,0
11.45,2,Travel,0,0,58,1,49,0
20.44,6,Grocery,0,0,53,3,25,0
188.78,22,Travel,0,0,58,2,27,0
109.47,17,Grocery,0,0,65,2,68,0
422.11,0,Clothing,0,0,58,6,52,0
499.21,16,Food,0,0,54,2,66,0
485.39,22,Food,0,0,35,1,59,0
416.2,0,Travel,1,0,30,2,52,1
70.86,23,Travel,0,0,90,1,54,0
90.49,18,Food,0,0,48,2,45,0
19.12,2,Travel,0,1,85,2,56,0
31.25,21,Electronics,0,0,60,2,54,0
26.37,12,Clothing,0,0,29,0,65,0
111.81,3,Travel,0,0,59,1,49,0
26.81,3,Electronics,0,0,81,2,54,0
113.03,15,Electronics,0,0,96,2,67,0
77.5,21,Food,0,0,44,1,19,0
292.49,12,Grocery,0,0,39,1,26,0
71.29,5,Electronics,0,0,84,1,46,0
717.43,23,Electronics,0,0,84,2,54,0
90.8,23,Clothing,0,0,86,1,24,0
12.38,4,Grocery,0,0,28,0,40,0
703.4,14,Food,0,0,96,2,35,0
300.65,13,Food,0,0,73,0,42,0
152.68,0,Travel,0,0,67,2,29,0
335.24,4,Grocery,0,0,38,1,43,0
592.8,14,Grocery,1,0,29,2,49,0
4.68,3,Food,0,0,97,3,57,0
232.38,8,Grocery,0,0,48,2,20,0
7.34,1,Food,0,1,32,1,34,1
52.07,16,Grocery,0,1,89,1,37,0
357.5,4,Food,0,0,77,1,35,0
4.63,1,Grocery,1,0,79,1,60,0
155.45,11,Electronics,0,0,46,0,52,0
135.02,22,Travel,0,0,55,0,24,0
44.74,8,Grocery,0,0,98,2,55,0
464.38,10,Food,0,0,43,2,30,0
0.11,1,Food,0,1,25,1,20,1
52.91,17,Food,0,0,98,1,40,0
94.33,7,Grocery,0,0,41,2,67,0
460.19,14,Travel,0,0,38,4,20,0
139.14,13,Clothing,0,0,90,0,21,0
25.63,1,Electronics,0,0,39,3,45,0
51.43,13,Clothing,0,0,60,0,62,0
213.63,1,Travel,0,1,56,3,60,0
13.52,14,Grocery,0,1,28,3,22,0
6.63,7,Grocery,0,0,50,3,33,0
101.29,19,Grocery,0,1,55,3,32,0
268.69,8,Electronics,0,0,55,1,48,0
125.31,5,Clothing,0,0,85,3,18,0
24.44,18,Travel,0,0,79,3,69,0
118.4,2,Clothing,0,0,78,2,24,0
391.81,16,Food,0,0,52,2,24,0
29.56,22,Grocery,0,0,75,2,50,0
52.86,19,Food,0,1,95,1,29,0
201.42,5,Electronics,0,0,99,3,50,0
225.37,14,Travel,1,0,66,1,28,0
179.52,17,Grocery,0,0,36,4,44,0
128.4,1,Travel,1,0,35,3,29,1
193.74,4,Clothing,0,0,35,4,41,0
83.76,11,Travel,0,0,59,1,69,0
440.73,0,Travel,0,0,67,2,30,0
126.5,3,Clothing,0,0,92,1,38,0
9.58,14,Grocery,0,0,54,3,59,0
7.79,20,Grocery,0,0,88,4,46,0
173.27,3,Electronics,0,0,76,2,40,0
88.28,16,Clothing,0,0,77,0,48,0
123.5,15,Food,0,0,75,4,56,0
299.46,14,Clothing,0,0,34,2,54,0
56.53,20,Clothing,0,0,58,3,29,0
235.48,15,Grocery,0,0,67,4,62,0
41.71,7,Grocery,0,0,40,3,48,0
57.77,8,Food,0,0,70,1,50,0
2.17,19,Clothing,0,0,97,3,41,0
349.44,4,Travel,0,0,84,5,55,0
49.79,7,Electronics,0,0,93,3,54,0
349.74,1,Grocery,0,0,90,1,60,0
160.77,15,Food,0,0,68,2,43,0
167.24,21,Food,1,0,57,2,44,0
6.4,10,Travel,0,0,30,2,61,0
92.63,21,Electronics,0,0,45,3,35,0
292.97,7,Food,0,0,75,3,41,0
282.8,2,Food,0,0,42,2,53,0
357.75,2,Clothing,1,0,47,0,20,0
274.8,2,Food,0,0,48,1,52,0
38.02,22,Food,0,0,75,1,55,0
32.99,13,Travel,0,0,69,2,61,0
80.2,3,Food,0,0,53,2,67,0
334.62,13,Travel,0,0,63,0,44,0
19.84,19,Travel,0,0,65,4,64,0
51.67,4,Travel,0,0,82,2,52,0
612.43,17,Food,0,0,51,0,27,0
344.56,4,Food,0,0,95,2,32,0
93.2,17,Grocery,0,0,52,3,68,0
285.32,15,Travel,1,0,94,0,34,0
81.23,0,Electronics,0,0,79,2,40,0
370.59,20,Grocery,0,0,89,2,55,0
87.08,2,Electronics,0,0,78,2,68,0
114.23,20,Grocery,0,0,96,4,54,0
50.77,17,Food,0,0,97,1,57,0
611.98,13,Grocery,1,1,31,0,53,1
208.89,20,Electronics,1,0,80,0,42,0
91.24,3,Electronics,0,0,76,2,54,0
82.92,23,Electronics,1,0,49,2,41,0
73.51,3,Food,0,0,47,2,42,0
78.97,15,Travel,1,0,29,3,48,0
145.36,5,Food,0,0,58,0,21,0
34.65,1,Travel,1,0,68,0,55,0
135.77,21,Grocery,1,0,89,4,31,0
658.29,5,Clothing,0,0,47,0,58,0
12.29,19,Clothing,0,0,35,1,26,0
39.26,11,Clothing,1,1,34,3,45,1
72.81,20,Electronics,1,0,57,0,42,0
237.51,19,Travel,1,0,87,2,39,0
279.59,12,Travel,0,0,58,1,62,0
7.76,13,Clothing,0,0,79,3,59,0
94.84,14,Travel,0,0,28,0,64,0
171.39,4,Clothing,0,0,55,2,31,0
118.81,16,Food,0,0,76,2,60,0
294.35,9,Clothing,0,0,32,1,49,0
161.55,21,Travel,0,0,51,1,29,0
431.4,6,Clothing,0,0,85,0,49,0
16.19,12,Food,0,0,73,2,66,0
224.44,17,Travel,0,0,63,1,48,0
12.41,5,Grocery,1,0,90,1,50,0
361.12,6,Travel,0,0,70,3,63,0
9.1,13,Grocery,0,0,65,3,37,0
78.16,6,Grocery,1,0,80,1,62,0
36.88,19,Grocery,0,0,77,1,66,0
351.26,2,Food,0,0,84,1,65,0
120.17,0,Clothing,0,0,61,1,67,0
47.76,13,Travel,0,0,29,6,66,0
125.38,16,Food,0,0,44,1,44,0
129.15,23,Food,0,0,27,1,36,0
58.36,21,Food,0,1,55,4,27,0
94.23,6,Electronics,0,0,36,1,33,0
562.43,8,Clothing,0,0,57,3,56,0
524.43,21,Clothing,0,0,50,1,32,0
114.98,19,Electronics,0,0,90,2,32,0
140.31,5,Food,0,1,98,4,19,0
7.01,8,Clothing,0,0,63,1,45,0
335.06,7,Food,0,0,89,0,36,0
151.7,2,Travel,0,0,77,1,42,0
85.56,7,Food,0,0,49,4,69,0
179.68,14,Electronics,0,0,68,1,22,0
77.61,8,Grocery,0,0,44,2,65,0
47.63,22,Food,0,0,86,3,40,0
3.31,4,Food,1,0,33,1,34,0
22.6,17,Clothing,0,0,61,3,65,0
614.72,8,Grocery,1,0,36,6,43,1
0.97,20,Clothing,0,0,87,1,56,0
24.0,23,Grocery,0,0,65,2,53,0
28.54,6,Travel,0,0,67,0,39,0
431.84,5,Grocery,1,0,81,3,19,0
425.5,22,Electronics,0,0,65,4,45,0
58.79,16,Clothing,0,0,89,1,27,0
871.18,6,Food,0,0,76,3,58,0
21.63,4,Electronics,0,1,43,1,59,0
296.08,9,Electronics,0,0,79,1,56,0
214.98,22,Food,0,0,68,0,23,0
79.2,15,Clothing,0,0,80,2,21,0
802.54,13,Travel,0,0,46,4,54,0
290.58,5,Electronics,0,0,76,5,69,0
108.12,8,Food,0,0,68,0,56,0
102.12,9,Food,0,0,48,1,32,0
99.42,6,Grocery,0,0,67,1,40,0
116.59,7,Travel,0,0,78,0,23,0
195.86,2,Grocery,1,0,52,1,51,0
108.33,22,Clothing,0,0,84,3,31,0
10.11,6,Electronics,0,0,81,0,51,0
151.72,23,Clothing,1,1,86,1,25,0
40.28,5,Grocery,0,0,73,2,19,0
166.91,21,Travel,0,0,92,4,35,0
86.38,12,Clothing,1,0,56,4,26,0
287.4,16,Grocery,0,0,83,2,41,0
130.31,14,Travel,0,0,44,1,55,0
8.76,23,Electronics,0,0,99,4,50,0
234.49,21,Clothing,0,0,54,2,46,0
289.7,14,Clothing,0,0,79,2,30,0
162.03,15,Travel,0,1,55,4,53,0
20.58,12,Electronics,0,0,98,1,58,0
341.0,2,Food,0,0,93,2,22,0
2.05,4,Travel,1,0,28,0,25,0
35.54,18,Food,0,0,73,4,63,0
204.85,22,Electronics,0,0,25,2,47,0
40.2,10,Grocery,1,1,38,4,59,1
454.89,0,Food,0,0,27,2,48,0
222.23,12,Grocery,0,0,86,1,53,0
257.31,17,Travel,0,0,55,3,59,0
122.97,17,Electronics,0,0,28,0,21,0
77.22,12,Electronics,0,0,26,1,20,0
166.65,6,Clothing,0,0,91,0,63,0
206.53,10,Food,0,0,58,3,34,0
297.82,12,Travel,0,0,51,0,63,0
195.16,16,Travel,0,0,28,0,69,0
151.48,9,Grocery,0,0,63,1,29,0
201.88,23,Travel,0,0,97,0,38,0
892.23,17,Electronics,0,0,87,1,59,0
248.28,11,Electronics,0,0,69,0,69,0
306.09,17,Travel,0,0,88,3,66,0
46.74,16,Grocery,0,0,66,1,35,0
264.86,21,Travel,0,0,84,3,66,0
92.56,2,Travel,0,0,51,3,57,0
9.76,3,Food,0,0,43,0,40,0
159.51,6,Clothing,0,0,27,2,67,0
39.52,12,Electronics,0,0,60,3,64,0
106.95,2,Food,1,0,64,4,47,0
18.79,5,Food,0,0,95,0,69,0
23.4,1,Electronics,0,1,95,5,23,1
266.31,12,Grocery,0,0,82,2,31,0
112.7,11,Travel,0,0,30,0,46,0
148.25,23,Clothing,0,0,78,2,18,0
248.21,10,Electronics,0,0,26,0,36,0
540.6,1,Travel,0,0,96,1,40,0
257.1,10,Food,0,0,84,5,49,0
34.93,16,Travel,0,0,80,4,46,0
119.05,18,Food,0,0,94,1,27,0
861.89,14,Travel,0,0,50,2,61,0
19.12,3,Clothing,0,0,50,3,48,0
274.15,7,Food,0,0,58,3,45,0
23.52,16,Clothing,1,0,59,0,60,0
20.19,7,Grocery,0,0,82,2,40,0
297.19,19,Clothing,0,0,83,1,52,0
367.38,12,Food,1,0,26,3,33,0
224.84,7,Electronics,0,0,56,0,31,0
323.59,23,Grocery,0,0,41,4,28,0
76.63,10,Grocery,0,0,60,2,53,0
93.86,15,Food,0,1,69,1,67,0
221.11,14,Electronics,0,0,39,3,38,0
318.09,9,Electronics,0,0,29,1,46,0
170.73,7,Food,0,0,90,1,61,0
73.44,10,Electronics,0,0,44,0,42,0
87.1,9,Grocery,0,0,64,2,53,0
137.75,9,Food,0,0,25,3,36,0
224.91,7,Grocery,0,0,48,3,65,0
125.9,2,Clothing,1,0,51,0,33,0
29.23,0,Grocery,1,0,25,2,58,1
260.24,0,Grocery,0,0,62,2,66,0
618.78,7,Clothing,0,0,42,0,48,0
119.55,13,Food,0,1,80,1,53,0
50.98,8,Electronics,1,0,52,6,62,0
627.04,12,Clothing,0,0,26,2,34,0
102.4,4,Travel,0,0,25,5,48,0
79.72,6,Food,0,0,57,2,56,0
46.98,5,Electronics,0,0,73,1,53,0
38.82,11,Grocery,0,0,57,0,63,0
91.23,1,Clothing,1,0,97,2,67,0
354.06,6,Electronics,0,0,25,3,56,0
237.43,7,Clothing,0,0,97,1,36,0
142.37,5,Electronics,0,0,68,3,47,0
38.85,19,Food,0,1,44,3,40,0
10.13,20,Clothing,0,0,58,3,36,0
487.1,19,Travel,0,0,83,6,67,0
268.92,5,Grocery,0,0,46,1,50,0
374.82,15,Food,1,0,76,1,32,0
15.85,8,Clothing,0,0,88,1,30,0
